{"lands":{"autotiles":[],"floors":[{"k":[12,5,0,49,0],"v":{"t":[0,0]}},{"k":[11,5,0,49,0],"v":{"t":[0,0]}},{"k":[14,5,0,49,0],"v":{"t":[0,0]}},{"k":[13,5,0,49,0],"v":{"t":[0,0]}},{"k":[15,5,0,49,0],"v":{"t":[0,0]}},{"k":[10,0,0,48,0],"v":{"t":[0,0]}},{"k":[9,0,0,49,0],"v":{"t":[0,0]}},{"k":[4,5,0,49,0],"v":{"t":[0,0]}},{"k":[9,0,0,48,0],"v":{"t":[0,0]}},{"k":[8,0,0,49,0],"v":{"t":[0,0]}},{"k":[3,5,0,49,0],"v":{"t":[0,0]}},{"k":[12,0,0,48,0],"v":{"t":[0,0]}},{"k":[11,0,0,49,0],"v":{"t":[0,0]}},{"k":[6,5,0,49,0],"v":{"t":[0,0]}},{"k":[11,0,0,48,0],"v":{"t":[0,0]}},{"k":[10,0,0,49,0],"v":{"t":[0,0]}},{"k":[5,5,0,49,0],"v":{"t":[0,0]}},{"k":[14,0,0,48,0],"v":{"t":[0,0]}},{"k":[13,0,0,49,0],"v":{"t":[0,0]}},{"k":[8,5,0,49,0],"v":{"t":[0,0]}},{"k":[13,0,0,48,0],"v":{"t":[0,0]}},{"k":[12,0,0,49,0],"v":{"t":[0,0]}},{"k":[7,5,0,49,0],"v":{"t":[0,0]}},{"k":[15,0,0,49,0],"v":{"t":[0,0]}},{"k":[10,5,0,49,0],"v":{"t":[0,0]}},{"k":[15,0,0,48,0],"v":{"t":[0,0]}},{"k":[14,0,0,49,0],"v":{"t":[0,0]}},{"k":[9,5,0,49,0],"v":{"t":[0,0]}},{"k":[2,0,0,48,0],"v":{"t":[0,0]}},{"k":[1,0,0,49,0],"v":{"t":[0,0]}},{"k":[1,0,0,48,0],"v":{"t":[0,0]}},{"k":[0,0,0,49,0],"v":{"t":[0,0]}},{"k":[4,0,0,48,0],"v":{"t":[0,0]}},{"k":[3,0,0,49,0],"v":{"t":[0,0]}},{"k":[3,0,0,48,0],"v":{"t":[0,0]}},{"k":[2,0,0,49,0],"v":{"t":[0,0]}},{"k":[6,0,0,48,0],"v":{"t":[0,0]}},{"k":[5,0,0,49,0],"v":{"t":[0,0]}},{"k":[0,5,0,49,0],"v":{"t":[0,0]}},{"k":[5,0,0,48,0],"v":{"t":[0,0]}},{"k":[4,0,0,49,0],"v":{"t":[0,0]}},{"k":[0,5,0,48,0],"v":{"t":[0,0]}},{"k":[8,0,0,48,0],"v":{"t":[0,0]}},{"k":[7,0,0,49,0],"v":{"t":[0,0]}},{"k":[2,5,0,49,0],"v":{"t":[0,0]}},{"k":[7,0,0,48,0],"v":{"t":[0,0]}},{"k":[6,0,0,49,0],"v":{"t":[0,0]}},{"k":[1,5,0,49,0],"v":{"t":[0,0]}},{"k":[0,0,0,48,0],"v":{"t":[0,0]}}]},"moun":{"a":[{"k":[14,0,0,49,0],"v":{"hs":5,"l":true,"r":true,"sid":1}},{"k":[1,0,0,49,0],"v":{"hs":5,"l":true,"r":true,"sid":1}},{"k":[0,0,0,49,0],"v":{"hs":5,"r":true,"sid":1,"t":true}},{"k":[3,0,0,49,0],"v":{"hs":5,"l":true,"r":true,"sid":1}},{"k":[2,0,0,49,0],"v":{"hs":5,"l":true,"r":true,"sid":1}},{"k":[5,0,0,49,0],"v":{"hs":5,"l":true,"r":true,"sid":1}},{"k":[4,0,0,49,0],"v":{"hs":5,"l":true,"r":true,"sid":1}},{"k":[7,0,0,49,0],"v":{"hs":5,"l":true,"r":true,"sid":1}},{"k":[6,0,0,49,0],"v":{"hs":5,"l":true,"r":true,"sid":1}},{"k":[9,0,0,49,0],"v":{"hs":5,"l":true,"r":true,"sid":1}},{"k":[8,0,0,49,0],"v":{"hs":5,"l":true,"r":true,"sid":1}},{"k":[11,0,0,49,0],"v":{"hs":5,"l":true,"r":true,"sid":1}},{"k":[10,0,0,49,0],"v":{"hs":5,"l":true,"r":true,"sid":1}},{"k":[13,0,0,49,0],"v":{"hs":5,"l":true,"r":true,"sid":1}},{"k":[12,0,0,49,0],"v":{"hs":5,"l":true,"r":true,"sid":1}},{"k":[0,0,0,48,0],"v":{"b":true,"hs":5,"sid":1,"t":true}},{"k":[15,0,0,49,0],"v":{"hs":5,"l":true,"r":true,"sid":1}}],"o":[]},"objs":{"list":[]},"objs3d":{"a":[],"o":[]},"sprites":{"list":[{"k":[10,0,0,48,0],"v":{"f":false,"k":4,"t":[5,5,1,1]}},{"k":[10,0,0,49,0],"v":{"f":false,"k":4,"t":[6,7,1,1]}},{"k":[11,0,0,48,0],"v":{"f":false,"k":4,"t":[6,7,1,1]}}],"overflow":[],"walls":[]}}