{"lands":{"autotiles":[{"k":[9,0,0,33,0],"v":{"id":1,"t":[5,0],"tid":584}},{"k":[10,0,0,32,0],"v":{"id":1,"t":[5,0],"tid":471}},{"k":[9,0,0,32,0],"v":{"id":1,"t":[5,0],"tid":225}},{"k":[9,0,0,35,0],"v":{"id":1,"t":[5,0],"tid":584}},{"k":[12,0,0,32,0],"v":{"id":1,"t":[5,0],"tid":471}},{"k":[10,0,0,34,0],"v":{"id":1,"t":[5,0],"tid":370}},{"k":[11,0,0,33,0],"v":{"id":1,"t":[5,0],"tid":324}},{"k":[9,0,0,34,0],"v":{"id":1,"t":[5,0],"tid":584}},{"k":[11,0,0,32,0],"v":{"id":1,"t":[5,0],"tid":471}},{"k":[10,0,0,33,0],"v":{"id":1,"t":[5,0],"tid":316}},{"k":[8,6,0,32,0],"v":{"id":1,"t":[1,1],"tid":584}},{"k":[9,0,0,37,0],"v":{"id":1,"t":[5,0],"tid":584}},{"k":[14,0,0,32,0],"v":{"id":1,"t":[5,0],"tid":471}},{"k":[10,0,0,36,0],"v":{"id":1,"t":[5,0],"tid":370}},{"k":[13,0,0,33,0],"v":{"id":1,"t":[5,0],"tid":324}},{"k":[11,0,0,35,0],"v":{"id":1,"t":[1,1],"tid":636}},{"k":[12,0,0,34,0],"v":{"id":1,"t":[1,1],"tid":477}},{"k":[9,0,0,36,0],"v":{"id":1,"t":[5,0],"tid":584}},{"k":[13,0,0,32,0],"v":{"id":1,"t":[5,0],"tid":471}},{"k":[10,0,0,35,0],"v":{"id":1,"t":[5,0],"tid":370}},{"k":[12,0,0,33,0],"v":{"id":1,"t":[5,0],"tid":324}},{"k":[11,0,0,34,0],"v":{"id":1,"t":[1,1],"tid":223}},{"k":[8,6,0,34,0],"v":{"id":1,"t":[1,1],"tid":584}},{"k":[9,6,0,33,0],"v":{"id":1,"t":[1,1],"tid":318}},{"k":[10,6,0,32,0],"v":{"id":1,"t":[1,1],"tid":318}},{"k":[9,0,0,39,0],"v":{"id":1,"t":[5,0],"tid":570}},{"k":[10,0,0,38,0],"v":{"id":1,"t":[5,0],"tid":268}},{"k":[15,0,0,33,0],"v":{"id":1,"t":[5,0],"tid":324}},{"k":[11,0,0,37,0],"v":{"id":1,"t":[1,1],"tid":520}},{"k":[14,0,0,34,0],"v":{"id":1,"t":[1,1],"tid":477}},{"k":[12,0,0,36,0],"v":{"id":1,"t":[2,1],"tid":570}},{"k":[13,0,0,35,0],"v":{"id":1,"t":[2,1],"tid":471}},{"k":[8,6,0,33,0],"v":{"id":1,"t":[1,1],"tid":584}},{"k":[9,6,0,32,0],"v":{"id":1,"t":[1,1],"tid":318}},{"k":[9,0,0,38,0],"v":{"id":1,"t":[5,0],"tid":584}},{"k":[15,0,0,32,0],"v":{"id":1,"t":[5,0],"tid":471}},{"k":[10,0,0,37,0],"v":{"id":1,"t":[5,0],"tid":370}},{"k":[14,0,0,33,0],"v":{"id":1,"t":[5,0],"tid":324}},{"k":[11,0,0,36,0],"v":{"id":1,"t":[1,1],"tid":636}},{"k":[13,0,0,34,0],"v":{"id":1,"t":[1,1],"tid":477}},{"k":[12,0,0,35,0],"v":{"id":1,"t":[2,1],"tid":225}},{"k":[9,6,0,35,0],"v":{"id":1,"t":[1,1],"tid":318}},{"k":[12,6,0,32,0],"v":{"id":1,"t":[1,1],"tid":318}},{"k":[10,6,0,34,0],"v":{"id":1,"t":[1,1],"tid":318}},{"k":[11,6,0,33,0],"v":{"id":1,"t":[1,1],"tid":318}},{"k":[8,6,0,36,0],"v":{"id":1,"t":[1,1],"tid":584}},{"k":[11,0,0,39,0],"v":{"id":1,"t":[5,0],"tid":324}},{"k":[12,0,0,38,0],"v":{"id":1,"t":[5,0],"tid":471}},{"k":[13,0,0,37,0],"v":{"id":1,"t":[1,1],"tid":477}},{"k":[15,0,0,35,0],"v":{"id":1,"t":[1,1],"tid":636}},{"k":[14,0,0,36,0],"v":{"id":1,"t":[2,1],"tid":372}},{"k":[8,6,0,35,0],"v":{"id":1,"t":[1,1],"tid":584}},{"k":[9,6,0,34,0],"v":{"id":1,"t":[1,1],"tid":318}},{"k":[11,6,0,32,0],"v":{"id":1,"t":[1,1],"tid":318}},{"k":[10,6,0,33,0],"v":{"id":1,"t":[1,1],"tid":318}},{"k":[10,0,0,39,0],"v":{"id":1,"t":[5,0],"tid":324}},{"k":[11,0,0,38,0],"v":{"id":1,"t":[5,0],"tid":471}},{"k":[12,0,0,37,0],"v":{"id":1,"t":[1,1],"tid":477}},{"k":[15,0,0,34,0],"v":{"id":1,"t":[1,1],"tid":413}},{"k":[13,0,0,36,0],"v":{"id":1,"t":[2,1],"tid":324}},{"k":[14,0,0,35,0],"v":{"id":1,"t":[2,1],"tid":423}},{"k":[14,6,0,32,0],"v":{"id":1,"t":[1,1],"tid":318}},{"k":[10,6,0,36,0],"v":{"id":1,"t":[1,1],"tid":318}},{"k":[13,6,0,33,0],"v":{"id":1,"t":[1,1],"tid":318}},{"k":[11,6,0,35,0],"v":{"id":1,"t":[1,1],"tid":318}},{"k":[12,6,0,34,0],"v":{"id":1,"t":[1,1],"tid":318}},{"k":[9,6,0,37,0],"v":{"id":1,"t":[1,1],"tid":318}},{"k":[8,6,0,38,0],"v":{"id":1,"t":[1,1],"tid":584}},{"k":[13,0,0,39,0],"v":{"id":1,"t":[5,0],"tid":324}},{"k":[14,0,0,38,0],"v":{"id":1,"t":[5,0],"tid":471}},{"k":[15,0,0,37,0],"v":{"id":1,"t":[1,1],"tid":116}},{"k":[9,6,0,36,0],"v":{"id":1,"t":[1,1],"tid":318}},{"k":[13,6,0,32,0],"v":{"id":1,"t":[1,1],"tid":318}},{"k":[10,6,0,35,0],"v":{"id":1,"t":[1,1],"tid":318}},{"k":[12,6,0,33,0],"v":{"id":1,"t":[1,1],"tid":318}},{"k":[11,6,0,34,0],"v":{"id":1,"t":[1,1],"tid":318}},{"k":[8,6,0,37,0],"v":{"id":1,"t":[1,1],"tid":584}},{"k":[12,0,0,39,0],"v":{"id":1,"t":[5,0],"tid":324}},{"k":[13,0,0,38,0],"v":{"id":1,"t":[5,0],"tid":471}},{"k":[14,0,0,37,0],"v":{"id":1,"t":[1,1],"tid":477}},{"k":[15,0,0,36,0],"v":{"id":1,"t":[1,1],"tid":636}},{"k":[8,6,0,40,0],"v":{"id":1,"t":[1,1],"tid":570}},{"k":[9,6,0,39,0],"v":{"id":1,"t":[1,1],"tid":318}},{"k":[14,6,0,34,0],"v":{"id":1,"t":[1,1],"tid":318}},{"k":[15,6,0,33,0],"v":{"id":1,"t":[1,1],"tid":318}},{"k":[13,6,0,35,0],"v":{"id":1,"t":[1,1],"tid":318}},{"k":[12,6,0,36,0],"v":{"id":1,"t":[1,1],"tid":318}},{"k":[10,6,0,38,0],"v":{"id":1,"t":[1,1],"tid":318}},{"k":[11,6,0,37,0],"v":{"id":1,"t":[1,1],"tid":318}},{"k":[15,0,0,39,0],"v":{"id":1,"t":[5,0],"tid":324}},{"k":[8,6,0,39,0],"v":{"id":1,"t":[1,1],"tid":584}},{"k":[15,6,0,32,0],"v":{"id":1,"t":[1,1],"tid":318}},{"k":[14,6,0,33,0],"v":{"id":1,"t":[1,1],"tid":318}},{"k":[12,6,0,35,0],"v":{"id":1,"t":[1,1],"tid":318}},{"k":[13,6,0,34,0],"v":{"id":1,"t":[1,1],"tid":318}},{"k":[10,6,0,37,0],"v":{"id":1,"t":[1,1],"tid":318}},{"k":[11,6,0,36,0],"v":{"id":1,"t":[1,1],"tid":318}},{"k":[9,6,0,38,0],"v":{"id":1,"t":[1,1],"tid":318}},{"k":[14,0,0,39,0],"v":{"id":1,"t":[5,0],"tid":324}},{"k":[15,0,0,38,0],"v":{"id":1,"t":[5,0],"tid":471}},{"k":[10,6,0,40,0],"v":{"id":1,"t":[1,1],"tid":324}},{"k":[11,6,0,39,0],"v":{"id":1,"t":[1,1],"tid":318}},{"k":[12,6,0,38,0],"v":{"id":1,"t":[1,1],"tid":318}},{"k":[15,6,0,35,0],"v":{"id":1,"t":[1,1],"tid":318}},{"k":[14,6,0,36,0],"v":{"id":1,"t":[1,1],"tid":318}},{"k":[13,6,0,37,0],"v":{"id":1,"t":[1,1],"tid":318}},{"k":[9,6,0,40,0],"v":{"id":1,"t":[1,1],"tid":324}},{"k":[10,6,0,39,0],"v":{"id":1,"t":[1,1],"tid":318}},{"k":[11,6,0,38,0],"v":{"id":1,"t":[1,1],"tid":318}},{"k":[14,6,0,35,0],"v":{"id":1,"t":[1,1],"tid":318}},{"k":[15,6,0,34,0],"v":{"id":1,"t":[1,1],"tid":318}},{"k":[13,6,0,36,0],"v":{"id":1,"t":[1,1],"tid":318}},{"k":[12,6,0,37,0],"v":{"id":1,"t":[1,1],"tid":318}},{"k":[12,6,0,40,0],"v":{"id":1,"t":[1,1],"tid":324}},{"k":[14,6,0,38,0],"v":{"id":1,"t":[1,1],"tid":318}},{"k":[13,6,0,39,0],"v":{"id":1,"t":[1,1],"tid":318}},{"k":[15,6,0,37,0],"v":{"id":1,"t":[1,1],"tid":318}},{"k":[11,6,0,40,0],"v":{"id":1,"t":[1,1],"tid":324}},{"k":[13,6,0,38,0],"v":{"id":1,"t":[1,1],"tid":318}},{"k":[12,6,0,39,0],"v":{"id":1,"t":[1,1],"tid":318}},{"k":[15,6,0,36,0],"v":{"id":1,"t":[1,1],"tid":318}},{"k":[14,6,0,37,0],"v":{"id":1,"t":[1,1],"tid":318}},{"k":[14,6,0,40,0],"v":{"id":1,"t":[1,1],"tid":324}},{"k":[15,6,0,39,0],"v":{"id":1,"t":[1,1],"tid":318}},{"k":[13,6,0,40,0],"v":{"id":1,"t":[1,1],"tid":324}},{"k":[14,6,0,39,0],"v":{"id":1,"t":[1,1],"tid":318}},{"k":[15,6,0,38,0],"v":{"id":1,"t":[1,1],"tid":318}},{"k":[15,6,0,40,0],"v":{"id":1,"t":[1,1],"tid":324}}],"floors":[{"k":[13,0,0,45,0],"v":{"t":[0,0]}},{"k":[14,0,0,44,0],"v":{"t":[0,0]}},{"k":[15,0,0,43,0],"v":{"t":[0,0]}},{"k":[12,0,0,46,0],"v":{"t":[0,0]}},{"k":[11,0,0,47,0],"v":{"t":[0,0]}},{"k":[12,0,0,45,0],"v":{"t":[0,0]}},{"k":[13,0,0,44,0],"v":{"t":[0,0]}},{"k":[14,0,0,43,0],"v":{"t":[0,0]}},{"k":[15,0,0,42,0],"v":{"t":[0,0]}},{"k":[11,0,0,46,0],"v":{"t":[0,0]}},{"k":[10,0,0,47,0],"v":{"t":[0,0]}},{"k":[15,0,0,45,0],"v":{"t":[0,0]}},{"k":[14,0,0,46,0],"v":{"t":[0,0]}},{"k":[13,0,0,47,0],"v":{"t":[0,0]}},{"k":[14,0,0,45,0],"v":{"t":[0,0]}},{"k":[15,0,0,44,0],"v":{"t":[0,0]}},{"k":[13,0,0,46,0],"v":{"t":[0,0]}},{"k":[12,0,0,47,0],"v":{"t":[0,0]}},{"k":[15,0,0,47,0],"v":{"t":[0,0]}},{"k":[15,0,0,46,0],"v":{"t":[0,0]}},{"k":[14,0,0,47,0],"v":{"t":[0,0]}},{"k":[8,0,0,34,0],"v":{"t":[0,0]}},{"k":[7,0,0,35,0],"v":{"t":[0,0]}},{"k":[6,0,0,36,0],"v":{"t":[0,0]}},{"k":[5,0,0,37,0],"v":{"t":[0,0]}},{"k":[4,0,0,38,0],"v":{"t":[0,0]}},{"k":[3,0,0,39,0],"v":{"t":[0,0]}},{"k":[0,0,0,42,0],"v":{"t":[0,0]}},{"k":[1,0,0,41,0],"v":{"t":[0,0]}},{"k":[2,0,0,40,0],"v":{"t":[0,0]}},{"k":[0,5,0,37,0],"v":{"t":[0,0]}},{"k":[8,0,0,33,0],"v":{"t":[0,0]}},{"k":[7,0,0,34,0],"v":{"t":[0,0]}},{"k":[6,0,0,35,0],"v":{"t":[0,0]}},{"k":[5,0,0,36,0],"v":{"t":[0,0]}},{"k":[4,0,0,37,0],"v":{"t":[0,0]}},{"k":[3,0,0,38,0],"v":{"t":[0,0]}},{"k":[2,0,0,39,0],"v":{"t":[0,0]}},{"k":[0,0,0,41,0],"v":{"t":[0,0]}},{"k":[1,0,0,40,0],"v":{"t":[0,0]}},{"k":[0,5,0,36,0],"v":{"t":[0,0]}},{"k":[8,0,0,36,0],"v":{"t":[0,0]}},{"k":[7,0,0,37,0],"v":{"t":[0,0]}},{"k":[6,0,0,38,0],"v":{"t":[0,0]}},{"k":[5,0,0,39,0],"v":{"t":[0,0]}},{"k":[0,0,0,44,0],"v":{"t":[0,0]}},{"k":[1,0,0,43,0],"v":{"t":[0,0]}},{"k":[2,0,0,42,0],"v":{"t":[0,0]}},{"k":[3,0,0,41,0],"v":{"t":[0,0]}},{"k":[4,0,0,40,0],"v":{"t":[0,0]}},{"k":[0,5,0,39,0],"v":{"t":[0,0]}},{"k":[8,0,0,35,0],"v":{"t":[0,0]}},{"k":[7,0,0,36,0],"v":{"t":[0,0]}},{"k":[6,0,0,37,0],"v":{"t":[0,0]}},{"k":[5,0,0,38,0],"v":{"t":[0,0]}},{"k":[4,0,0,39,0],"v":{"t":[0,0]}},{"k":[0,0,0,43,0],"v":{"t":[0,0]}},{"k":[1,0,0,42,0],"v":{"t":[0,0]}},{"k":[2,0,0,41,0],"v":{"t":[0,0]}},{"k":[3,0,0,40,0],"v":{"t":[0,0]}},{"k":[0,5,0,38,0],"v":{"t":[0,0]}},{"k":[8,0,0,38,0],"v":{"t":[0,0]}},{"k":[7,0,0,39,0],"v":{"t":[0,0]}},{"k":[1,0,0,45,0],"v":{"t":[0,0]}},{"k":[2,0,0,44,0],"v":{"t":[0,0]}},{"k":[3,0,0,43,0],"v":{"t":[0,0]}},{"k":[4,0,0,42,0],"v":{"t":[0,0]}},{"k":[5,0,0,41,0],"v":{"t":[0,0]}},{"k":[6,0,0,40,0],"v":{"t":[0,0]}},{"k":[0,0,0,46,0],"v":{"t":[0,0]}},{"k":[0,5,0,41,0],"v":{"t":[0,0]}},{"k":[8,0,0,37,0],"v":{"t":[0,0]}},{"k":[7,0,0,38,0],"v":{"t":[0,0]}},{"k":[6,0,0,39,0],"v":{"t":[0,0]}},{"k":[0,0,0,45,0],"v":{"t":[0,0]}},{"k":[1,0,0,44,0],"v":{"t":[0,0]}},{"k":[2,0,0,43,0],"v":{"t":[0,0]}},{"k":[3,0,0,42,0],"v":{"t":[0,0]}},{"k":[4,0,0,41,0],"v":{"t":[0,0]}},{"k":[5,0,0,40,0],"v":{"t":[0,0]}},{"k":[0,5,0,40,0],"v":{"t":[0,0]}},{"k":[3,0,0,45,0],"v":{"t":[0,0]}},{"k":[4,0,0,44,0],"v":{"t":[0,0]}},{"k":[5,0,0,43,0],"v":{"t":[0,0]}},{"k":[6,0,0,42,0],"v":{"t":[0,0]}},{"k":[7,0,0,41,0],"v":{"t":[0,0]}},{"k":[8,0,0,40,0],"v":{"t":[0,0]}},{"k":[2,0,0,46,0],"v":{"t":[0,0]}},{"k":[1,0,0,47,0],"v":{"t":[0,0]}},{"k":[0,5,0,43,0],"v":{"t":[0,0]}},{"k":[8,0,0,39,0],"v":{"t":[0,0]}},{"k":[2,0,0,45,0],"v":{"t":[0,0]}},{"k":[3,0,0,44,0],"v":{"t":[0,0]}},{"k":[4,0,0,43,0],"v":{"t":[0,0]}},{"k":[5,0,0,42,0],"v":{"t":[0,0]}},{"k":[6,0,0,41,0],"v":{"t":[0,0]}},{"k":[7,0,0,40,0],"v":{"t":[0,0]}},{"k":[1,0,0,46,0],"v":{"t":[0,0]}},{"k":[0,0,0,47,0],"v":{"t":[0,0]}},{"k":[0,5,0,42,0],"v":{"t":[0,0]}},{"k":[5,0,0,45,0],"v":{"t":[0,0]}},{"k":[6,0,0,44,0],"v":{"t":[0,0]}},{"k":[7,0,0,43,0],"v":{"t":[0,0]}},{"k":[8,0,0,42,0],"v":{"t":[0,0]}},{"k":[9,0,0,41,0],"v":{"t":[0,0]}},{"k":[10,0,0,40,0],"v":{"t":[0,0]}},{"k":[4,0,0,46,0],"v":{"t":[0,0]}},{"k":[3,0,0,47,0],"v":{"t":[0,0]}},{"k":[0,5,0,45,0],"v":{"t":[0,0]}},{"k":[4,0,0,45,0],"v":{"t":[0,0]}},{"k":[5,0,0,44,0],"v":{"t":[0,0]}},{"k":[6,0,0,43,0],"v":{"t":[0,0]}},{"k":[7,0,0,42,0],"v":{"t":[0,0]}},{"k":[8,0,0,41,0],"v":{"t":[0,0]}},{"k":[9,0,0,40,0],"v":{"t":[0,0]}},{"k":[3,0,0,46,0],"v":{"t":[0,0]}},{"k":[2,0,0,47,0],"v":{"t":[0,0]}},{"k":[0,5,0,44,0],"v":{"t":[0,0]}},{"k":[7,0,0,45,0],"v":{"t":[0,0]}},{"k":[8,0,0,44,0],"v":{"t":[0,0]}},{"k":[9,0,0,43,0],"v":{"t":[0,0]}},{"k":[10,0,0,42,0],"v":{"t":[0,0]}},{"k":[11,0,0,41,0],"v":{"t":[0,0]}},{"k":[12,0,0,40,0],"v":{"t":[0,0]}},{"k":[6,0,0,46,0],"v":{"t":[0,0]}},{"k":[5,0,0,47,0],"v":{"t":[0,0]}},{"k":[0,5,0,47,0],"v":{"t":[0,0]}},{"k":[6,0,0,45,0],"v":{"t":[0,0]}},{"k":[7,0,0,44,0],"v":{"t":[0,0]}},{"k":[8,0,0,43,0],"v":{"t":[0,0]}},{"k":[9,0,0,42,0],"v":{"t":[0,0]}},{"k":[10,0,0,41,0],"v":{"t":[0,0]}},{"k":[11,0,0,40,0],"v":{"t":[0,0]}},{"k":[5,0,0,46,0],"v":{"t":[0,0]}},{"k":[4,0,0,47,0],"v":{"t":[0,0]}},{"k":[0,5,0,46,0],"v":{"t":[0,0]}},{"k":[9,0,0,45,0],"v":{"t":[0,0]}},{"k":[10,0,0,44,0],"v":{"t":[0,0]}},{"k":[11,0,0,43,0],"v":{"t":[0,0]}},{"k":[12,0,0,42,0],"v":{"t":[0,0]}},{"k":[13,0,0,41,0],"v":{"t":[0,0]}},{"k":[14,0,0,40,0],"v":{"t":[0,0]}},{"k":[8,0,0,46,0],"v":{"t":[0,0]}},{"k":[7,0,0,47,0],"v":{"t":[0,0]}},{"k":[8,0,0,45,0],"v":{"t":[0,0]}},{"k":[9,0,0,44,0],"v":{"t":[0,0]}},{"k":[10,0,0,43,0],"v":{"t":[0,0]}},{"k":[11,0,0,42,0],"v":{"t":[0,0]}},{"k":[12,0,0,41,0],"v":{"t":[0,0]}},{"k":[13,0,0,40,0],"v":{"t":[0,0]}},{"k":[7,0,0,46,0],"v":{"t":[0,0]}},{"k":[6,0,0,47,0],"v":{"t":[0,0]}},{"k":[11,0,0,45,0],"v":{"t":[0,0]}},{"k":[12,0,0,44,0],"v":{"t":[0,0]}},{"k":[13,0,0,43,0],"v":{"t":[0,0]}},{"k":[14,0,0,42,0],"v":{"t":[0,0]}},{"k":[15,0,0,41,0],"v":{"t":[0,0]}},{"k":[10,0,0,46,0],"v":{"t":[0,0]}},{"k":[9,0,0,47,0],"v":{"t":[0,0]}},{"k":[10,0,0,45,0],"v":{"t":[0,0]}},{"k":[11,0,0,44,0],"v":{"t":[0,0]}},{"k":[12,0,0,43,0],"v":{"t":[0,0]}},{"k":[13,0,0,42,0],"v":{"t":[0,0]}},{"k":[14,0,0,41,0],"v":{"t":[0,0]}},{"k":[15,0,0,40,0],"v":{"t":[0,0]}},{"k":[9,0,0,46,0],"v":{"t":[0,0]}},{"k":[8,0,0,47,0],"v":{"t":[0,0]}},{"k":[0,0,0,32,0],"v":{"t":[0,0]}},{"k":[2,0,0,32,0],"v":{"t":[0,0]}},{"k":[1,0,0,33,0],"v":{"t":[0,0]}},{"k":[0,0,0,34,0],"v":{"t":[0,0]}},{"k":[1,0,0,32,0],"v":{"t":[0,0]}},{"k":[0,0,0,33,0],"v":{"t":[0,0]}},{"k":[4,0,0,32,0],"v":{"t":[0,0]}},{"k":[3,0,0,33,0],"v":{"t":[0,0]}},{"k":[2,0,0,34,0],"v":{"t":[0,0]}},{"k":[1,0,0,35,0],"v":{"t":[0,0]}},{"k":[0,0,0,36,0],"v":{"t":[0,0]}},{"k":[3,0,0,32,0],"v":{"t":[0,0]}},{"k":[2,0,0,33,0],"v":{"t":[0,0]}},{"k":[1,0,0,34,0],"v":{"t":[0,0]}},{"k":[0,0,0,35,0],"v":{"t":[0,0]}},{"k":[6,0,0,32,0],"v":{"t":[0,0]}},{"k":[5,0,0,33,0],"v":{"t":[0,0]}},{"k":[4,0,0,34,0],"v":{"t":[0,0]}},{"k":[3,0,0,35,0],"v":{"t":[0,0]}},{"k":[2,0,0,36,0],"v":{"t":[0,0]}},{"k":[1,0,0,37,0],"v":{"t":[0,0]}},{"k":[0,0,0,38,0],"v":{"t":[0,0]}},{"k":[0,5,0,33,0],"v":{"t":[0,0]}},{"k":[5,0,0,32,0],"v":{"t":[0,0]}},{"k":[4,0,0,33,0],"v":{"t":[0,0]}},{"k":[3,0,0,34,0],"v":{"t":[0,0]}},{"k":[2,0,0,35,0],"v":{"t":[0,0]}},{"k":[1,0,0,36,0],"v":{"t":[0,0]}},{"k":[0,0,0,37,0],"v":{"t":[0,0]}},{"k":[0,5,0,32,0],"v":{"t":[0,0]}},{"k":[8,0,0,32,0],"v":{"t":[0,0]}},{"k":[7,0,0,33,0],"v":{"t":[0,0]}},{"k":[6,0,0,34,0],"v":{"t":[0,0]}},{"k":[5,0,0,35,0],"v":{"t":[0,0]}},{"k":[4,0,0,36,0],"v":{"t":[0,0]}},{"k":[3,0,0,37,0],"v":{"t":[0,0]}},{"k":[2,0,0,38,0],"v":{"t":[0,0]}},{"k":[1,0,0,39,0],"v":{"t":[0,0]}},{"k":[0,0,0,40,0],"v":{"t":[0,0]}},{"k":[0,5,0,35,0],"v":{"t":[0,0]}},{"k":[7,0,0,32,0],"v":{"t":[0,0]}},{"k":[6,0,0,33,0],"v":{"t":[0,0]}},{"k":[5,0,0,34,0],"v":{"t":[0,0]}},{"k":[4,0,0,35,0],"v":{"t":[0,0]}},{"k":[3,0,0,36,0],"v":{"t":[0,0]}},{"k":[2,0,0,37,0],"v":{"t":[0,0]}},{"k":[1,0,0,38,0],"v":{"t":[0,0]}},{"k":[0,0,0,39,0],"v":{"t":[0,0]}},{"k":[0,5,0,34,0],"v":{"t":[0,0]}}]},"moun":{"a":[{"k":[0,0,0,36,0],"v":{"b":true,"hs":5,"sid":1,"t":true}},{"k":[0,0,0,35,0],"v":{"b":true,"hs":5,"sid":1,"t":true}},{"k":[0,0,0,38,0],"v":{"b":true,"hs":5,"sid":1,"t":true}},{"k":[0,0,0,37,0],"v":{"b":true,"hs":5,"sid":1,"t":true}},{"k":[0,0,0,40,0],"v":{"b":true,"hs":5,"sid":1,"t":true}},{"k":[8,0,0,32,0],"v":{"b":true,"hs":6,"sid":17,"t":true}},{"k":[0,0,0,39,0],"v":{"b":true,"hs":5,"sid":1,"t":true}},{"k":[0,0,0,42,0],"v":{"b":true,"hs":5,"sid":1,"t":true}},{"k":[8,0,0,34,0],"v":{"b":true,"hs":6,"sid":17,"t":true}},{"k":[0,0,0,41,0],"v":{"b":true,"hs":5,"sid":1,"t":true}},{"k":[8,0,0,33,0],"v":{"b":true,"hs":6,"sid":17,"t":true}},{"k":[0,0,0,44,0],"v":{"b":true,"hs":5,"sid":1,"t":true}},{"k":[8,0,0,36,0],"v":{"b":true,"hs":6,"sid":17,"t":true}},{"k":[0,0,0,43,0],"v":{"b":true,"hs":5,"sid":1,"t":true}},{"k":[8,0,0,35,0],"v":{"b":true,"hs":6,"sid":17,"t":true}},{"k":[0,0,0,46,0],"v":{"b":true,"hs":5,"sid":1,"t":true}},{"k":[8,0,0,38,0],"v":{"b":true,"hs":6,"sid":17,"t":true}},{"k":[0,0,0,45,0],"v":{"b":true,"hs":5,"sid":1,"t":true}},{"k":[8,0,0,37,0],"v":{"b":true,"hs":6,"sid":17,"t":true}},{"k":[8,0,0,40,0],"v":{"hs":6,"r":true,"sid":17,"t":true}},{"k":[0,0,0,47,0],"v":{"b":true,"hs":5,"sid":1,"t":true}},{"k":[8,0,0,39,0],"v":{"b":true,"hs":6,"sid":17,"t":true}},{"k":[10,0,0,40,0],"v":{"hs":6,"l":true,"r":true,"sid":17}},{"k":[9,0,0,40,0],"v":{"hs":6,"l":true,"r":true,"sid":17}},{"k":[12,0,0,40,0],"v":{"hs":6,"l":true,"r":true,"sid":17}},{"k":[11,0,0,40,0],"v":{"hs":6,"l":true,"r":true,"sid":17}},{"k":[14,0,0,40,0],"v":{"hs":6,"l":true,"r":true,"sid":17}},{"k":[13,0,0,40,0],"v":{"hs":6,"l":true,"r":true,"sid":17}},{"k":[15,0,0,40,0],"v":{"hs":6,"l":true,"r":true,"sid":17}},{"k":[0,0,0,32,0],"v":{"b":true,"hs":5,"sid":1,"t":true}},{"k":[0,0,0,34,0],"v":{"b":true,"hs":5,"sid":1,"t":true}},{"k":[0,0,0,33,0],"v":{"b":true,"hs":5,"sid":1,"t":true}}],"o":[]},"objs":{"list":[{"k":[11,0,0,35,0],"v":{"events":[{"id":1,"name":"Hero action","p":[],"r":{"1":{"bh":true,"c":[{"command":[8,"",3,1,0,1,"Heh Heh Heh...\nOur master has sent us here\nTo destroy your resistance of our cause."],"kind":1},{"command":[3,2,3,5,"-",1,"What's his name?","-",1,"Who is your master?"],"kind":31},{"children":[{"command":[8,"",3,1,0,1,"What's his name?\nWhy would I ever tell the likes of you!\nPrepare your instrument for a music duel!"],"kind":1}],"command":[1],"kind":32},{"children":[{"command":[8,"",3,1,0,1,"Who's my master?\nWhy would I ever tell the likes of you!\nPrepare your instrument for a music duel!"],"kind":1}],"command":[2],"kind":32},{"command":[],"kind":33},{"command":[7,3,1,0,1,0,3,500,0,0],"kind":49},{"command":[7,4,0,4,1,1,0,3,500,0,0],"kind":49},{"command":[7,5,0,4,1,1,0,3,500,0,0],"kind":49},{"command":[7,1,1,0,0,0,3,17,0,0],"kind":49},{"command":[0,0,0,7,6,3,2,2],"kind":15},{"children":[{"command":[8,"",3,1,0,1,"You're pretty good kid, but you'll never beat my master!\nNot in a million years!"],"kind":1}],"command":[],"kind":16},{"children":[{"command":[8,"",3,1,0,1,"Heh, try again next time."],"kind":1},{"command":[7,3,1,0,0,0,3,500,0,0],"kind":49},{"command":[7,4,1,0,0,0,3,500,0,0],"kind":49},{"command":[7,5,0,4,1,0,0,3,500,0,0],"kind":49}],"command":[],"kind":17},{"command":[],"kind":10},{"command":[8,"",3,1,0,1,"There lies the manuscript of my master\nin a labrynth behind the building.\nEnter if you dare..."],"kind":1},{"command":[8,"",-1,0,0,1,"You recieved the first music fragment"],"kind":1},{"command":[0,7,43,1,3,1],"kind":13}]}},"sys":false}],"hId":-1,"id":4,"name":"Enemy1","ooepf":false,"states":[{"cam":true,"climb":false,"dir":false,"gid":29,"gk":4,"id":1,"move":true,"name":"State 1","pix":true,"pos":false,"stop":false,"sx":{"k":12,"v":1},"sy":{"k":12,"v":1},"sz":{"k":12,"v":1},"through":false,"x":0,"y":0}]}}]},"objs3d":{"a":[],"o":[]},"sprites":{"list":[{"k":[4,0,0,38,0],"v":{"f":false,"k":4,"t":[6,7,1,1]}},{"k":[3,0,0,39,0],"v":{"f":false,"k":4,"t":[6,7,1,1]}},{"k":[1,0,0,41,0],"v":{"f":false,"k":4,"t":[7,7,1,1]}},{"k":[2,0,0,40,0],"v":{"f":false,"k":4,"t":[7,7,1,1]}},{"k":[5,0,0,37,0],"v":{"f":false,"k":4,"t":[6,8,1,1]}},{"k":[2,0,0,39,0],"v":{"f":false,"k":4,"t":[7,7,1,1]}},{"k":[3,0,0,38,0],"v":{"f":false,"k":4,"t":[7,7,1,1]}},{"k":[4,0,0,37,0],"v":{"f":false,"k":4,"t":[6,8,1,1]}},{"k":[3,0,0,41,0],"v":{"f":false,"k":4,"t":[6,7,1,1]}},{"k":[5,0,0,39,0],"v":{"k":4,"t":[5,5,1,1]}},{"k":[4,0,0,40,0],"v":{"f":false,"k":4,"t":[5,5,1,1]}},{"k":[2,0,0,42,0],"v":{"f":false,"k":4,"t":[5,5,1,1]}},{"k":[4,0,0,39,0],"v":{"f":false,"k":4,"t":[5,5,1,1]}},{"k":[6,0,0,37,0],"v":{"f":false,"k":4,"t":[5,5,1,1]}},{"k":[3,0,0,43,0],"v":{"f":false,"k":4,"t":[7,7,1,1]}},{"k":[1,0,0,45,0],"v":{"f":false,"k":4,"t":[6,8,1,1]}},{"k":[4,0,0,42,0],"v":{"f":false,"k":4,"t":[6,8,1,1]}},{"k":[2,0,0,44,0],"v":{"f":false,"k":4,"t":[5,5,1,1]}},{"k":[3,0,0,42,0],"v":{"f":false,"k":4,"t":[6,7,1,1]}},{"k":[4,0,0,41,0],"v":{"f":false,"k":4,"t":[6,8,1,1]}},{"k":[5,0,0,43,0],"v":{"f":false,"k":4,"t":[7,7,1,1]}},{"k":[2,0,0,46,0],"v":{"f":false,"k":4,"t":[6,8,1,1]}},{"k":[1,0,0,47,0],"v":{"f":false,"k":4,"t":[5,5,1,1]}},{"k":[4,0,0,43,0],"v":{"f":false,"k":4,"t":[7,7,1,1]}},{"k":[6,0,0,41,0],"v":{"f":false,"k":4,"t":[7,7,1,1]}},{"k":[5,0,0,42,0],"v":{"k":4,"t":[5,5,1,1]}},{"k":[6,0,0,44,0],"v":{"f":false,"k":4,"t":[6,8,1,1]}},{"k":[3,0,0,47,0],"v":{"f":false,"k":4,"t":[6,8,1,1]}},{"k":[4,0,0,46,0],"v":{"f":false,"k":4,"t":[6,8,1,1]}},{"k":[5,0,0,45,0],"v":{"f":false,"k":4,"t":[6,8,1,1]}},{"k":[5,0,0,44,0],"v":{"f":false,"k":4,"t":[6,8,1,1]}},{"k":[3,0,0,46,0],"v":{"f":false,"k":4,"t":[5,5,1,1]}},{"k":[8,0,0,44,0],"v":{"f":false,"k":4,"t":[7,7,1,1]}},{"k":[7,0,0,45,0],"v":{"f":false,"k":4,"t":[6,8,1,1]}},{"k":[9,0,0,43,0],"v":{"f":false,"k":4,"t":[6,8,1,1]}},{"k":[4,0,0,47,0],"v":{"f":false,"k":4,"t":[6,8,1,1]}},{"k":[5,0,0,46,0],"v":{"f":false,"k":4,"t":[5,5,1,1]}},{"k":[8,0,0,43,0],"v":{"k":4,"t":[5,5,1,1]}},{"k":[10,0,0,44,0],"v":{"f":false,"k":4,"t":[7,7,1,1]}},{"k":[9,0,0,45,0],"v":{"f":false,"k":4,"t":[6,8,1,1]}},{"k":[7,0,0,46,0],"v":{"f":false,"k":4,"t":[6,8,1,1]}},{"k":[8,0,0,45,0],"v":{"f":false,"k":4,"t":[6,8,1,1]}},{"k":[9,0,0,44,0],"v":{"f":false,"k":4,"t":[6,8,1,1]}},{"k":[6,0,0,47,0],"v":{"f":false,"k":4,"t":[5,5,1,1]}},{"k":[11,0,0,45,0],"v":{"f":false,"k":4,"t":[6,8,1,1]}},{"k":[14,0,0,42,0],"v":{"k":4,"t":[6,8,1,1]}},{"k":[10,0,0,45,0],"v":{"f":false,"k":4,"t":[6,8,1,1]}},{"k":[11,0,0,44,0],"v":{"k":4,"t":[5,5,1,1]}},{"k":[14,0,0,41,0],"v":{"k":4,"t":[5,5,1,1]}},{"k":[3,0,0,32,0],"v":{"f":false,"k":4,"t":[5,5,1,1]}},{"k":[3,0,0,35,0],"v":{"f":false,"k":4,"t":[6,7,1,1]}},{"k":[4,0,0,34,0],"v":{"f":false,"k":4,"t":[7,7,1,1]}},{"k":[5,0,0,33,0],"v":{"f":false,"k":4,"t":[5,5,1,1]}},{"k":[2,0,0,35,0],"v":{"f":false,"k":4,"t":[6,8,1,1]}},{"k":[4,0,0,36,0],"v":{"f":false,"k":4,"t":[6,8,1,1]}},{"k":[2,0,0,38,0],"v":{"f":false,"k":4,"t":[5,5,1,1]}},{"k":[4,0,0,35,0],"v":{"f":false,"k":4,"t":[7,7,1,1]}},{"k":[11,0,0,47,0],"v":{"f":false,"k":4,"t":[6,7,1,1]}},{"k":[14,0,0,44,0],"v":{"f":false,"k":4,"t":[6,7,1,1]}},{"k":[12,0,0,46,0],"v":{"f":false,"k":4,"t":[6,8,1,1]}},{"k":[13,0,0,45,0],"v":{"f":false,"k":4,"t":[6,8,1,1]}},{"k":[13,0,0,44,0],"v":{"f":false,"k":4,"t":[7,7,1,1]}},{"k":[12,0,0,45,0],"v":{"f":false,"k":4,"t":[6,8,1,1]}},{"k":[15,0,0,45,0],"v":{"f":false,"k":4,"t":[6,8,1,1]}},{"k":[15,0,0,44,0],"v":{"f":false,"k":4,"t":[6,7,1,1]}},{"k":[14,0,0,45,0],"v":{"f":false,"k":4,"t":[6,8,1,1]}}],"overflow":[],"walls":[]}}