{"lands":{"autotiles":[{"k":[13,6,0,31,0],"v":{"id":1,"t":[1,1],"tid":471}},{"k":[12,6,0,31,0],"v":{"id":1,"t":[1,1],"tid":471}},{"k":[15,6,0,31,0],"v":{"id":1,"t":[1,1],"tid":471}},{"k":[14,6,0,31,0],"v":{"id":1,"t":[1,1],"tid":471}},{"k":[9,6,0,31,0],"v":{"id":1,"t":[1,1],"tid":471}},{"k":[8,6,0,31,0],"v":{"id":1,"t":[1,1],"tid":225}},{"k":[11,6,0,31,0],"v":{"id":1,"t":[1,1],"tid":471}},{"k":[10,6,0,31,0],"v":{"id":1,"t":[1,1],"tid":471}}],"floors":[{"k":[0,0,0,18,0],"v":{"t":[0,0]}},{"k":[1,0,0,17,0],"v":{"t":[0,0]}},{"k":[2,0,0,16,0],"v":{"t":[0,0]}},{"k":[0,0,0,17,0],"v":{"t":[0,0]}},{"k":[1,0,0,16,0],"v":{"t":[0,0]}},{"k":[1,0,0,19,0],"v":{"t":[0,0]}},{"k":[2,0,0,18,0],"v":{"t":[0,0]}},{"k":[3,0,0,17,0],"v":{"t":[0,0]}},{"k":[4,0,0,16,0],"v":{"t":[0,0]}},{"k":[0,0,0,20,0],"v":{"t":[0,0]}},{"k":[0,0,0,19,0],"v":{"t":[0,0]}},{"k":[1,0,0,18,0],"v":{"t":[0,0]}},{"k":[2,0,0,17,0],"v":{"t":[0,0]}},{"k":[3,0,0,16,0],"v":{"t":[0,0]}},{"k":[3,0,0,19,0],"v":{"t":[0,0]}},{"k":[4,0,0,18,0],"v":{"t":[0,0]}},{"k":[5,0,0,17,0],"v":{"t":[0,0]}},{"k":[6,0,0,16,0],"v":{"t":[0,0]}},{"k":[2,0,0,20,0],"v":{"t":[0,0]}},{"k":[1,0,0,21,0],"v":{"t":[0,0]}},{"k":[0,0,0,22,0],"v":{"t":[0,0]}},{"k":[0,5,0,17,0],"v":{"t":[0,0]}},{"k":[2,0,0,19,0],"v":{"t":[0,0]}},{"k":[3,0,0,18,0],"v":{"t":[0,0]}},{"k":[4,0,0,17,0],"v":{"t":[0,0]}},{"k":[5,0,0,16,0],"v":{"t":[0,0]}},{"k":[1,0,0,20,0],"v":{"t":[0,0]}},{"k":[0,0,0,21,0],"v":{"t":[0,0]}},{"k":[0,5,0,16,0],"v":{"t":[0,0]}},{"k":[5,0,0,19,0],"v":{"t":[0,0]}},{"k":[6,0,0,18,0],"v":{"t":[0,0]}},{"k":[7,0,0,17,0],"v":{"t":[0,0]}},{"k":[8,0,0,16,0],"v":{"t":[0,0]}},{"k":[4,0,0,20,0],"v":{"t":[0,0]}},{"k":[3,0,0,21,0],"v":{"t":[0,0]}},{"k":[2,0,0,22,0],"v":{"t":[0,0]}},{"k":[1,0,0,23,0],"v":{"t":[0,0]}},{"k":[0,0,0,24,0],"v":{"t":[0,0]}},{"k":[0,5,0,19,0],"v":{"t":[0,0]}},{"k":[4,0,0,19,0],"v":{"t":[0,0]}},{"k":[5,0,0,18,0],"v":{"t":[0,0]}},{"k":[6,0,0,17,0],"v":{"t":[0,0]}},{"k":[7,0,0,16,0],"v":{"t":[0,0]}},{"k":[3,0,0,20,0],"v":{"t":[0,0]}},{"k":[2,0,0,21,0],"v":{"t":[0,0]}},{"k":[1,0,0,22,0],"v":{"t":[0,0]}},{"k":[0,0,0,23,0],"v":{"t":[0,0]}},{"k":[0,5,0,18,0],"v":{"t":[0,0]}},{"k":[0,0,0,16,0],"v":{"t":[0,0]}},{"k":[15,0,0,27,0],"v":{"t":[0,0]}},{"k":[14,0,0,28,0],"v":{"t":[0,0]}},{"k":[13,0,0,29,0],"v":{"t":[0,0]}},{"k":[12,0,0,30,0],"v":{"t":[0,0]}},{"k":[11,0,0,31,0],"v":{"t":[0,0]}},{"k":[11,1,0,30,0],"v":{"t":[0,0]}},{"k":[15,0,0,26,0],"v":{"t":[0,0]}},{"k":[14,0,0,27,0],"v":{"t":[0,0]}},{"k":[13,0,0,28,0],"v":{"t":[0,0]}},{"k":[12,0,0,29,0],"v":{"t":[0,0]}},{"k":[11,0,0,30,0],"v":{"t":[0,0]}},{"k":[10,0,0,31,0],"v":{"t":[0,0]}},{"k":[10,1,0,30,0],"v":{"t":[0,0]}},{"k":[15,0,0,29,0],"v":{"t":[0,0]}},{"k":[14,0,0,30,0],"v":{"t":[0,0]}},{"k":[13,0,0,31,0],"v":{"t":[0,0]}},{"k":[13,1,0,30,0],"v":{"t":[0,0]}},{"k":[15,0,0,28,0],"v":{"t":[0,0]}},{"k":[14,0,0,29,0],"v":{"t":[0,0]}},{"k":[13,0,0,30,0],"v":{"t":[0,0]}},{"k":[12,0,0,31,0],"v":{"t":[0,0]}},{"k":[12,1,0,30,0],"v":{"t":[0,0]}},{"k":[15,0,0,31,0],"v":{"t":[0,0]}},{"k":[15,1,0,30,0],"v":{"t":[0,0]}},{"k":[15,0,0,30,0],"v":{"t":[0,0]}},{"k":[14,0,0,31,0],"v":{"t":[0,0]}},{"k":[14,1,0,30,0],"v":{"t":[0,0]}},{"k":[15,0,0,19,0],"v":{"t":[0,0]}},{"k":[14,0,0,20,0],"v":{"t":[0,0]}},{"k":[13,0,0,21,0],"v":{"t":[0,0]}},{"k":[12,0,0,22,0],"v":{"t":[0,0]}},{"k":[11,0,0,23,0],"v":{"t":[0,0]}},{"k":[10,0,0,24,0],"v":{"t":[0,0]}},{"k":[9,0,0,25,0],"v":{"t":[0,0]}},{"k":[8,0,0,26,0],"v":{"t":[0,0]}},{"k":[7,0,0,27,0],"v":{"t":[0,0]}},{"k":[6,0,0,28,0],"v":{"t":[0,0]}},{"k":[5,0,0,29,0],"v":{"t":[0,0]}},{"k":[4,0,0,30,0],"v":{"t":[0,0]}},{"k":[3,0,0,31,0],"v":{"t":[0,0]}},{"k":[0,5,0,29,0],"v":{"t":[0,0]}},{"k":[13,1,0,20,0],"v":{"t":[0,0]}},{"k":[14,1,0,19,0],"v":{"t":[0,0]}},{"k":[14,0,0,19,0],"v":{"t":[0,0]}},{"k":[13,0,0,20,0],"v":{"t":[0,0]}},{"k":[15,0,0,18,0],"v":{"t":[0,0]}},{"k":[12,0,0,21,0],"v":{"t":[0,0]}},{"k":[11,0,0,22,0],"v":{"t":[0,0]}},{"k":[10,0,0,23,0],"v":{"t":[0,0]}},{"k":[9,0,0,24,0],"v":{"t":[0,0]}},{"k":[8,0,0,25,0],"v":{"t":[0,0]}},{"k":[7,0,0,26,0],"v":{"t":[0,0]}},{"k":[6,0,0,27,0],"v":{"t":[0,0]}},{"k":[5,0,0,28,0],"v":{"t":[0,0]}},{"k":[4,0,0,29,0],"v":{"t":[0,0]}},{"k":[3,0,0,30,0],"v":{"t":[0,0]}},{"k":[2,0,0,31,0],"v":{"t":[0,0]}},{"k":[0,5,0,28,0],"v":{"t":[0,0]}},{"k":[12,1,0,20,0],"v":{"t":[0,0]}},{"k":[14,1,0,18,0],"v":{"t":[0,0]}},{"k":[13,1,0,19,0],"v":{"t":[0,0]}},{"k":[15,0,0,21,0],"v":{"t":[0,0]}},{"k":[14,0,0,22,0],"v":{"t":[0,0]}},{"k":[13,0,0,23,0],"v":{"t":[0,0]}},{"k":[12,0,0,24,0],"v":{"t":[0,0]}},{"k":[11,0,0,25,0],"v":{"t":[0,0]}},{"k":[10,0,0,26,0],"v":{"t":[0,0]}},{"k":[9,0,0,27,0],"v":{"t":[0,0]}},{"k":[8,0,0,28,0],"v":{"t":[0,0]}},{"k":[7,0,0,29,0],"v":{"t":[0,0]}},{"k":[6,0,0,30,0],"v":{"t":[0,0]}},{"k":[5,0,0,31,0],"v":{"t":[0,0]}},{"k":[0,5,0,31,0],"v":{"t":[0,0]}},{"k":[15,0,0,20,0],"v":{"t":[0,0]}},{"k":[14,0,0,21,0],"v":{"t":[0,0]}},{"k":[13,0,0,22,0],"v":{"t":[0,0]}},{"k":[12,0,0,23,0],"v":{"t":[0,0]}},{"k":[11,0,0,24,0],"v":{"t":[0,0]}},{"k":[10,0,0,25,0],"v":{"t":[0,0]}},{"k":[9,0,0,26,0],"v":{"t":[0,0]}},{"k":[8,0,0,27,0],"v":{"t":[0,0]}},{"k":[7,0,0,28,0],"v":{"t":[0,0]}},{"k":[6,0,0,29,0],"v":{"t":[0,0]}},{"k":[5,0,0,30,0],"v":{"t":[0,0]}},{"k":[4,0,0,31,0],"v":{"t":[0,0]}},{"k":[0,5,0,30,0],"v":{"t":[0,0]}},{"k":[14,1,0,20,0],"v":{"t":[0,0]}},{"k":[15,0,0,23,0],"v":{"t":[0,0]}},{"k":[14,0,0,24,0],"v":{"t":[0,0]}},{"k":[13,0,0,25,0],"v":{"t":[0,0]}},{"k":[12,0,0,26,0],"v":{"t":[0,0]}},{"k":[11,0,0,27,0],"v":{"t":[0,0]}},{"k":[10,0,0,28,0],"v":{"t":[0,0]}},{"k":[9,0,0,29,0],"v":{"t":[0,0]}},{"k":[8,0,0,30,0],"v":{"t":[0,0]}},{"k":[7,0,0,31,0],"v":{"t":[0,0]}},{"k":[15,0,0,22,0],"v":{"t":[0,0]}},{"k":[14,0,0,23,0],"v":{"t":[0,0]}},{"k":[13,0,0,24,0],"v":{"t":[0,0]}},{"k":[12,0,0,25,0],"v":{"t":[0,0]}},{"k":[11,0,0,26,0],"v":{"t":[0,0]}},{"k":[10,0,0,27,0],"v":{"t":[0,0]}},{"k":[9,0,0,28,0],"v":{"t":[0,0]}},{"k":[8,0,0,29,0],"v":{"t":[0,0]}},{"k":[7,0,0,30,0],"v":{"t":[0,0]}},{"k":[6,0,0,31,0],"v":{"t":[0,0]}},{"k":[15,0,0,25,0],"v":{"t":[0,0]}},{"k":[14,0,0,26,0],"v":{"t":[0,0]}},{"k":[13,0,0,27,0],"v":{"t":[0,0]}},{"k":[12,0,0,28,0],"v":{"t":[0,0]}},{"k":[11,0,0,29,0],"v":{"t":[0,0]}},{"k":[10,0,0,30,0],"v":{"t":[0,0]}},{"k":[9,0,0,31,0],"v":{"t":[0,0]}},{"k":[9,1,0,30,0],"v":{"t":[0,0]}},{"k":[15,0,0,24,0],"v":{"t":[0,0]}},{"k":[14,0,0,25,0],"v":{"t":[0,0]}},{"k":[13,0,0,26,0],"v":{"t":[0,0]}},{"k":[12,0,0,27,0],"v":{"t":[0,0]}},{"k":[11,0,0,28,0],"v":{"t":[0,0]}},{"k":[10,0,0,29,0],"v":{"t":[0,0]}},{"k":[9,0,0,30,0],"v":{"t":[0,0]}},{"k":[8,0,0,31,0],"v":{"t":[0,0]}},{"k":[7,0,0,19,0],"v":{"t":[0,0]}},{"k":[8,0,0,18,0],"v":{"t":[0,0]}},{"k":[9,0,0,17,0],"v":{"t":[0,0]}},{"k":[10,0,0,16,0],"v":{"t":[0,0]}},{"k":[6,0,0,20,0],"v":{"t":[0,0]}},{"k":[5,0,0,21,0],"v":{"t":[0,0]}},{"k":[4,0,0,22,0],"v":{"t":[0,0]}},{"k":[3,0,0,23,0],"v":{"t":[0,0]}},{"k":[2,0,0,24,0],"v":{"t":[0,0]}},{"k":[1,0,0,25,0],"v":{"t":[0,0]}},{"k":[0,0,0,26,0],"v":{"t":[0,0]}},{"k":[0,5,0,21,0],"v":{"t":[0,0]}},{"k":[6,0,0,19,0],"v":{"t":[0,0]}},{"k":[7,0,0,18,0],"v":{"t":[0,0]}},{"k":[8,0,0,17,0],"v":{"t":[0,0]}},{"k":[9,0,0,16,0],"v":{"t":[0,0]}},{"k":[5,0,0,20,0],"v":{"t":[0,0]}},{"k":[4,0,0,21,0],"v":{"t":[0,0]}},{"k":[3,0,0,22,0],"v":{"t":[0,0]}},{"k":[2,0,0,23,0],"v":{"t":[0,0]}},{"k":[1,0,0,24,0],"v":{"t":[0,0]}},{"k":[0,0,0,25,0],"v":{"t":[0,0]}},{"k":[0,5,0,20,0],"v":{"t":[0,0]}},{"k":[9,0,0,19,0],"v":{"t":[0,0]}},{"k":[10,0,0,18,0],"v":{"t":[0,0]}},{"k":[11,0,0,17,0],"v":{"t":[0,0]}},{"k":[12,0,0,16,0],"v":{"t":[0,0]}},{"k":[8,0,0,20,0],"v":{"t":[0,0]}},{"k":[7,0,0,21,0],"v":{"t":[0,0]}},{"k":[6,0,0,22,0],"v":{"t":[0,0]}},{"k":[5,0,0,23,0],"v":{"t":[0,0]}},{"k":[4,0,0,24,0],"v":{"t":[0,0]}},{"k":[3,0,0,25,0],"v":{"t":[0,0]}},{"k":[2,0,0,26,0],"v":{"t":[0,0]}},{"k":[1,0,0,27,0],"v":{"t":[0,0]}},{"k":[0,0,0,28,0],"v":{"t":[0,0]}},{"k":[0,5,0,23,0],"v":{"t":[0,0]}},{"k":[11,1,0,16,0],"v":{"t":[0,0]}},{"k":[8,0,0,19,0],"v":{"t":[0,0]}},{"k":[9,0,0,18,0],"v":{"t":[0,0]}},{"k":[10,0,0,17,0],"v":{"t":[0,0]}},{"k":[11,0,0,16,0],"v":{"t":[0,0]}},{"k":[7,0,0,20,0],"v":{"t":[0,0]}},{"k":[6,0,0,21,0],"v":{"t":[0,0]}},{"k":[5,0,0,22,0],"v":{"t":[0,0]}},{"k":[4,0,0,23,0],"v":{"t":[0,0]}},{"k":[3,0,0,24,0],"v":{"t":[0,0]}},{"k":[2,0,0,25,0],"v":{"t":[0,0]}},{"k":[1,0,0,26,0],"v":{"t":[0,0]}},{"k":[0,0,0,27,0],"v":{"t":[0,0]}},{"k":[0,5,0,22,0],"v":{"t":[0,0]}},{"k":[11,0,0,19,0],"v":{"t":[0,0]}},{"k":[12,0,0,18,0],"v":{"t":[0,0]}},{"k":[13,0,0,17,0],"v":{"t":[0,0]}},{"k":[14,0,0,16,0],"v":{"t":[0,0]}},{"k":[10,0,0,20,0],"v":{"t":[0,0]}},{"k":[9,0,0,21,0],"v":{"t":[0,0]}},{"k":[8,0,0,22,0],"v":{"t":[0,0]}},{"k":[7,0,0,23,0],"v":{"t":[0,0]}},{"k":[6,0,0,24,0],"v":{"t":[0,0]}},{"k":[5,0,0,25,0],"v":{"t":[0,0]}},{"k":[4,0,0,26,0],"v":{"t":[0,0]}},{"k":[3,0,0,27,0],"v":{"t":[0,0]}},{"k":[2,0,0,28,0],"v":{"t":[0,0]}},{"k":[1,0,0,29,0],"v":{"t":[0,0]}},{"k":[0,0,0,30,0],"v":{"t":[0,0]}},{"k":[0,5,0,25,0],"v":{"t":[0,0]}},{"k":[13,1,0,16,0],"v":{"t":[0,0]}},{"k":[11,1,0,18,0],"v":{"t":[0,0]}},{"k":[12,1,0,17,0],"v":{"t":[0,0]}},{"k":[10,0,0,19,0],"v":{"t":[0,0]}},{"k":[11,0,0,18,0],"v":{"t":[0,0]}},{"k":[12,0,0,17,0],"v":{"t":[0,0]}},{"k":[13,0,0,16,0],"v":{"t":[0,0]}},{"k":[9,0,0,20,0],"v":{"t":[0,0]}},{"k":[8,0,0,21,0],"v":{"t":[0,0]}},{"k":[7,0,0,22,0],"v":{"t":[0,0]}},{"k":[6,0,0,23,0],"v":{"t":[0,0]}},{"k":[5,0,0,24,0],"v":{"t":[0,0]}},{"k":[4,0,0,25,0],"v":{"t":[0,0]}},{"k":[3,0,0,26,0],"v":{"t":[0,0]}},{"k":[2,0,0,27,0],"v":{"t":[0,0]}},{"k":[1,0,0,28,0],"v":{"t":[0,0]}},{"k":[0,0,0,29,0],"v":{"t":[0,0]}},{"k":[0,5,0,24,0],"v":{"t":[0,0]}},{"k":[11,1,0,17,0],"v":{"t":[0,0]}},{"k":[12,1,0,16,0],"v":{"t":[0,0]}},{"k":[13,0,0,19,0],"v":{"t":[0,0]}},{"k":[14,0,0,18,0],"v":{"t":[0,0]}},{"k":[12,0,0,20,0],"v":{"t":[0,0]}},{"k":[15,0,0,17,0],"v":{"t":[0,0]}},{"k":[11,0,0,21,0],"v":{"t":[0,0]}},{"k":[10,0,0,22,0],"v":{"t":[0,0]}},{"k":[9,0,0,23,0],"v":{"t":[0,0]}},{"k":[8,0,0,24,0],"v":{"t":[0,0]}},{"k":[7,0,0,25,0],"v":{"t":[0,0]}},{"k":[6,0,0,26,0],"v":{"t":[0,0]}},{"k":[5,0,0,27,0],"v":{"t":[0,0]}},{"k":[4,0,0,28,0],"v":{"t":[0,0]}},{"k":[3,0,0,29,0],"v":{"t":[0,0]}},{"k":[2,0,0,30,0],"v":{"t":[0,0]}},{"k":[1,0,0,31,0],"v":{"t":[0,0]}},{"k":[0,5,0,27,0],"v":{"t":[0,0]}},{"k":[11,1,0,20,0],"v":{"t":[0,0]}},{"k":[14,1,0,17,0],"v":{"t":[0,0]}},{"k":[13,1,0,18,0],"v":{"t":[0,0]}},{"k":[12,1,0,19,0],"v":{"t":[0,0]}},{"k":[12,0,0,19,0],"v":{"t":[0,0]}},{"k":[13,0,0,18,0],"v":{"t":[0,0]}},{"k":[14,0,0,17,0],"v":{"t":[0,0]}},{"k":[11,0,0,20,0],"v":{"t":[0,0]}},{"k":[15,0,0,16,0],"v":{"t":[0,0]}},{"k":[10,0,0,21,0],"v":{"t":[0,0]}},{"k":[9,0,0,22,0],"v":{"t":[0,0]}},{"k":[8,0,0,23,0],"v":{"t":[0,0]}},{"k":[7,0,0,24,0],"v":{"t":[0,0]}},{"k":[6,0,0,25,0],"v":{"t":[0,0]}},{"k":[5,0,0,26,0],"v":{"t":[0,0]}},{"k":[4,0,0,27,0],"v":{"t":[0,0]}},{"k":[3,0,0,28,0],"v":{"t":[0,0]}},{"k":[2,0,0,29,0],"v":{"t":[0,0]}},{"k":[1,0,0,30,0],"v":{"t":[0,0]}},{"k":[0,0,0,31,0],"v":{"t":[0,0]}},{"k":[0,5,0,26,0],"v":{"t":[0,0]}},{"k":[14,1,0,16,0],"v":{"t":[0,0]}},{"k":[13,1,0,17,0],"v":{"t":[0,0]}},{"k":[11,1,0,19,0],"v":{"t":[0,0]}},{"k":[12,1,0,18,0],"v":{"t":[0,0]}}]},"moun":{"a":[{"k":[0,0,0,19,0],"v":{"b":true,"hs":5,"sid":1,"t":true}},{"k":[0,0,0,22,0],"v":{"b":true,"hs":5,"sid":1,"t":true}},{"k":[0,0,0,21,0],"v":{"b":true,"hs":5,"sid":1,"t":true}},{"k":[0,0,0,24,0],"v":{"b":true,"hs":5,"sid":1,"t":true}},{"k":[0,0,0,23,0],"v":{"b":true,"hs":5,"sid":1,"t":true}},{"k":[0,0,0,16,0],"v":{"b":true,"hs":5,"sid":1,"t":true}},{"k":[11,0,0,31,0],"v":{"hs":6,"l":true,"r":true,"sid":17}},{"k":[12,0,0,30,0],"v":{"l":true,"r":true,"sid":1}},{"k":[10,0,0,31,0],"v":{"hs":6,"l":true,"r":true,"sid":17}},{"k":[11,0,0,30,0],"v":{"l":true,"r":true,"sid":1}},{"k":[13,0,0,31,0],"v":{"hs":6,"l":true,"r":true,"sid":17}},{"k":[14,0,0,30,0],"v":{"l":true,"r":true,"sid":1}},{"k":[12,0,0,31,0],"v":{"hs":6,"l":true,"r":true,"sid":17}},{"k":[13,0,0,30,0],"v":{"l":true,"r":true,"sid":1}},{"k":[15,0,0,31,0],"v":{"hs":6,"l":true,"r":true,"sid":17}},{"k":[14,0,0,31,0],"v":{"hs":6,"l":true,"r":true,"sid":17}},{"k":[15,0,0,30,0],"v":{"l":true,"r":true,"sid":1}},{"k":[14,0,0,20,0],"v":{"l":true,"sid":1,"t":true}},{"k":[13,0,0,20,0],"v":{"l":true,"r":true,"sid":1,"t":true}},{"k":[14,0,0,19,0],"v":{"b":true,"l":true,"sid":1,"t":true}},{"k":[9,0,0,31,0],"v":{"hs":6,"l":true,"r":true,"sid":17}},{"k":[10,0,0,30,0],"v":{"l":true,"r":true,"sid":1}},{"k":[8,0,0,31,0],"v":{"b":true,"hs":6,"r":true,"sid":17}},{"k":[9,0,0,30,0],"v":{"r":true,"sid":1}},{"k":[0,0,0,26,0],"v":{"b":true,"hs":5,"sid":1,"t":true}},{"k":[0,0,0,25,0],"v":{"b":true,"hs":5,"sid":1,"t":true}},{"k":[0,0,0,28,0],"v":{"b":true,"hs":5,"sid":1,"t":true}},{"k":[11,0,0,17,0],"v":{"b":true,"r":true,"sid":1,"t":true}},{"k":[12,0,0,16,0],"v":{"b":true,"l":true,"r":true,"sid":1,"t":true}},{"k":[0,0,0,27,0],"v":{"b":true,"hs":5,"sid":1,"t":true}},{"k":[11,0,0,16,0],"v":{"b":true,"r":true,"sid":1,"t":true}},{"k":[0,0,0,30,0],"v":{"b":true,"hs":5,"sid":1,"t":true}},{"k":[14,0,0,16,0],"v":{"b":true,"l":true,"sid":1,"t":true}},{"k":[13,0,0,17,0],"v":{"b":true,"l":true,"r":true,"sid":1,"t":true}},{"k":[11,0,0,19,0],"v":{"b":true,"r":true,"sid":1,"t":true}},{"k":[12,0,0,18,0],"v":{"b":true,"l":true,"r":true,"sid":1,"t":true}},{"k":[0,0,0,29,0],"v":{"b":true,"hs":5,"sid":1,"t":true}},{"k":[13,0,0,16,0],"v":{"b":true,"l":true,"r":true,"sid":1,"t":true}},{"k":[11,0,0,18,0],"v":{"b":true,"r":true,"sid":1,"t":true}},{"k":[12,0,0,17,0],"v":{"b":true,"l":true,"r":true,"sid":1,"t":true}},{"k":[12,0,0,20,0],"v":{"l":true,"r":true,"sid":1,"t":true}},{"k":[14,0,0,18,0],"v":{"b":true,"l":true,"sid":1,"t":true}},{"k":[13,0,0,19,0],"v":{"b":true,"l":true,"r":true,"sid":1,"t":true}},{"k":[0,0,0,31,0],"v":{"b":true,"hs":5,"sid":1,"t":true}},{"k":[11,0,0,20,0],"v":{"r":true,"sid":1,"t":true}},{"k":[14,0,0,17,0],"v":{"b":true,"l":true,"sid":1,"t":true}},{"k":[13,0,0,18,0],"v":{"b":true,"l":true,"r":true,"sid":1,"t":true}},{"k":[12,0,0,19,0],"v":{"b":true,"l":true,"r":true,"sid":1,"t":true}},{"k":[0,0,0,18,0],"v":{"b":true,"hs":5,"sid":1,"t":true}},{"k":[0,0,0,17,0],"v":{"b":true,"hs":5,"sid":1,"t":true}},{"k":[0,0,0,20,0],"v":{"b":true,"hs":5,"sid":1,"t":true}}],"o":[]},"objs":{"list":[]},"objs3d":{"a":[{"k":[10,0,0,18,0],"v":{"did":112}},{"k":[10,0,0,17,0],"v":{"did":112}},{"k":[10,0,0,20,0],"v":{"did":112}},{"k":[10,0,0,19,0],"v":{"did":112}},{"k":[11,0,0,21,0],"v":{"did":112}},{"k":[15,0,0,17,0],"v":{"did":112}},{"k":[10,0,0,21,0],"v":{"did":112}},{"k":[15,0,0,16,0],"v":{"did":112}},{"k":[13,0,0,29,0],"v":{"did":112}},{"k":[12,0,0,29,0],"v":{"did":112}},{"k":[15,0,0,29,0],"v":{"did":112}},{"k":[14,0,0,29,0],"v":{"did":112}},{"k":[13,0,0,21,0],"v":{"did":112}},{"k":[15,0,0,19,0],"v":{"did":112}},{"k":[12,0,0,21,0],"v":{"did":112}},{"k":[15,0,0,18,0],"v":{"did":112}},{"k":[15,0,0,21,0],"v":{"did":112}},{"k":[14,0,0,21,0],"v":{"did":112}},{"k":[15,0,0,20,0],"v":{"did":112}},{"k":[9,0,0,29,0],"v":{"did":112}},{"k":[8,0,0,30,0],"v":{"did":112}},{"k":[8,0,0,29,0],"v":{"did":112}},{"k":[11,0,0,29,0],"v":{"did":112}},{"k":[10,0,0,29,0],"v":{"did":112}},{"k":[8,0,0,31,0],"v":{"did":112}},{"k":[10,0,0,16,0],"v":{"did":112}}],"o":[[16,0,0,29,0]]},"sprites":{"list":[{"k":[11,1,0,30,0],"v":{"f":false,"k":4,"t":[6,1,1,1]}},{"k":[10,1,0,30,0],"v":{"f":false,"k":4,"t":[5,2,1,1]}},{"k":[15,0,0,26,0],"v":{"f":false,"k":4,"t":[7,7,1,1]}},{"k":[13,1,0,30,0],"v":{"f":false,"k":4,"t":[6,1,1,1]}},{"k":[12,1,0,30,0],"v":{"f":false,"k":4,"t":[5,2,1,1]}},{"k":[15,0,0,28,0],"v":{"f":false,"k":4,"t":[5,5,1,1]}},{"k":[15,1,0,30,0],"v":{"f":false,"k":4,"t":[6,1,1,1]}},{"k":[14,1,0,30,0],"v":{"f":false,"k":4,"t":[5,2,1,1]}},{"k":[13,0,0,21,0],"v":{"k":5,"t":[6,6,1,1]}},{"k":[13,1,0,20,0],"v":{"k":4,"t":[3,6,1,1]}},{"k":[14,1,0,19,0],"v":{"k":4,"t":[3,6,1,1]}},{"k":[10,0,0,24,0],"v":{"f":false,"k":4,"t":[7,7,1,1]}},{"k":[5,0,0,29,0],"v":{"f":false,"k":4,"t":[6,8,1,1]}},{"k":[8,0,0,26,0],"v":{"f":false,"k":4,"t":[6,8,1,1]}},{"k":[12,0,0,21,0],"v":{"k":5,"t":[6,6,1,1]}},{"k":[12,1,0,20,0],"v":{"k":4,"t":[3,6,1,1]}},{"k":[14,1,0,18,0],"v":{"k":4,"t":[3,6,1,1]}},{"k":[4,0,0,29,0],"v":{"f":false,"k":4,"t":[7,8,1,1]}},{"k":[3,0,0,30,0],"v":{"f":false,"k":4,"t":[7,7,1,1]}},{"k":[9,0,0,24,0],"v":{"f":false,"k":4,"t":[7,7,1,1]}},{"k":[5,0,0,28,0],"v":{"f":false,"k":4,"t":[6,8,1,1]}},{"k":[10,0,0,23,0],"v":{"f":false,"k":4,"t":[5,5,1,1]}},{"k":[15,0,0,21,0],"v":{"k":5,"t":[6,6,1,1]}},{"k":[12,0,0,24,0],"v":{"f":false,"k":4,"t":[7,8,1,1]}},{"k":[10,0,0,26,0],"v":{"f":false,"k":4,"t":[6,8,1,1]}},{"k":[7,0,0,29,0],"v":{"f":false,"k":4,"t":[5,5,1,1]}},{"k":[14,0,0,21,0],"v":{"k":5,"t":[6,6,1,1]}},{"k":[14,1,0,20,0],"v":{"k":4,"t":[3,6,1,1]}},{"k":[11,0,0,24,0],"v":{"f":false,"k":4,"t":[7,7,1,1]}},{"k":[4,0,0,31,0],"v":{"f":false,"k":4,"t":[6,8,1,1]}},{"k":[5,0,0,30,0],"v":{"f":false,"k":4,"t":[6,8,1,1]}},{"k":[8,0,0,27,0],"v":{"f":false,"k":4,"t":[6,8,1,1]}},{"k":[9,0,0,26,0],"v":{"f":false,"k":4,"t":[5,5,1,1]}},{"k":[13,0,0,25,0],"v":{"f":false,"k":4,"t":[7,7,1,1]}},{"k":[15,0,0,23,0],"v":{"f":false,"k":4,"t":[7,7,1,1]}},{"k":[14,0,0,24,0],"v":{"f":false,"k":4,"t":[5,5,1,1]}},{"k":[12,0,0,25,0],"v":{"f":false,"k":4,"t":[5,5,1,1]}},{"k":[9,1,0,30,0],"v":{"f":false,"k":4,"t":[6,1,1,1]}},{"k":[15,0,0,25,0],"v":{"f":false,"k":4,"t":[7,7,1,1]}},{"k":[13,0,0,27,0],"v":{"f":false,"k":4,"t":[6,8,1,1]}},{"k":[15,0,0,24,0],"v":{"f":false,"k":4,"t":[7,8,1,1]}},{"k":[14,0,0,25,0],"v":{"f":false,"k":4,"t":[7,7,1,1]}},{"k":[12,0,0,27,0],"v":{"f":false,"k":4,"t":[5,5,1,1]}},{"k":[3,0,0,23,0],"v":{"f":false,"k":4,"t":[6,8,1,1]}},{"k":[4,0,0,22,0],"v":{"f":false,"k":4,"t":[5,5,1,1]}},{"k":[2,0,0,24,0],"v":{"f":false,"k":4,"t":[5,5,1,1]}},{"k":[4,0,0,21,0],"v":{"f":false,"k":4,"t":[7,8,1,1]}},{"k":[2,0,0,23,0],"v":{"f":false,"k":4,"t":[6,7,1,1]}},{"k":[5,0,0,20,0],"v":{"f":false,"k":4,"t":[7,7,1,1]}},{"k":[8,0,0,17,0],"v":{"f":false,"k":4,"t":[6,8,1,1]}},{"k":[11,1,0,16,0],"v":{"f":false,"k":4,"t":[3,6,1,1]}},{"k":[3,0,0,25,0],"v":{"f":false,"k":4,"t":[7,8,1,1]}},{"k":[2,0,0,26,0],"v":{"f":false,"k":4,"t":[6,8,1,1]}},{"k":[5,0,0,23,0],"v":{"f":false,"k":4,"t":[6,8,1,1]}},{"k":[6,0,0,22,0],"v":{"f":false,"k":4,"t":[6,8,1,1]}},{"k":[7,0,0,21,0],"v":{"f":false,"k":4,"t":[5,5,1,1]}},{"k":[2,0,0,25,0],"v":{"f":false,"k":4,"t":[6,8,1,1]}},{"k":[4,0,0,23,0],"v":{"f":false,"k":4,"t":[6,8,1,1]}},{"k":[5,0,0,22,0],"v":{"f":false,"k":4,"t":[6,8,1,1]}},{"k":[3,0,0,24,0],"v":{"f":false,"k":4,"t":[5,5,1,1]}},{"k":[13,1,0,16,0],"v":{"f":false,"k":4,"t":[5,15,1,1]}},{"k":[7,0,0,23,0],"v":{"f":false,"k":4,"t":[7,8,1,1]}},{"k":[5,0,0,25,0],"v":{"f":false,"k":4,"t":[7,8,1,1]}},{"k":[6,0,0,24,0],"v":{"f":false,"k":4,"t":[7,7,1,1]}},{"k":[12,1,0,17,0],"v":{"f":false,"k":4,"t":[6,8,1,1]}},{"k":[11,1,0,18,0],"v":{"f":false,"k":4,"t":[3,6,1,1]}},{"k":[3,0,0,27,0],"v":{"f":false,"k":4,"t":[5,5,1,1]}},{"k":[11,1,0,17,0],"v":{"f":false,"k":4,"t":[3,6,1,1]}},{"k":[12,1,0,16,0],"v":{"f":false,"k":4,"t":[5,15,1,1]}},{"k":[7,0,0,22,0],"v":{"f":false,"k":4,"t":[7,8,1,1]}},{"k":[3,0,0,26,0],"v":{"f":false,"k":4,"t":[7,8,1,1]}},{"k":[4,0,0,25,0],"v":{"f":false,"k":4,"t":[7,7,1,1]}},{"k":[2,0,0,27,0],"v":{"f":false,"k":4,"t":[6,8,1,1]}},{"k":[5,0,0,24,0],"v":{"f":false,"k":4,"t":[6,8,1,1]}},{"k":[6,0,0,23,0],"v":{"f":false,"k":4,"t":[6,8,1,1]}},{"k":[8,0,0,21,0],"v":{"f":false,"k":4,"t":[6,8,1,1]}},{"k":[13,1,0,18,0],"v":{"f":false,"k":4,"t":[2,9,4,6]}},{"k":[11,0,0,21,0],"v":{"k":5,"t":[6,6,1,1]}},{"k":[11,1,0,20,0],"v":{"k":4,"t":[3,6,1,1]}},{"k":[14,1,0,17,0],"v":{"k":4,"t":[3,6,1,1]}},{"k":[4,0,0,28,0],"v":{"f":false,"k":4,"t":[6,7,1,1]}},{"k":[8,0,0,24,0],"v":{"f":false,"k":4,"t":[7,7,1,1]}},{"k":[3,0,0,29,0],"v":{"f":false,"k":4,"t":[5,5,1,1]}},{"k":[5,0,0,27,0],"v":{"f":false,"k":4,"t":[5,5,1,1]}},{"k":[6,0,0,26,0],"v":{"f":false,"k":4,"t":[5,5,1,1]}},{"k":[10,0,0,21,0],"v":{"k":5,"t":[6,6,1,1]}},{"k":[11,0,0,20,0],"v":{"k":5,"t":[6,6,1,1]}},{"k":[14,1,0,16,0],"v":{"k":4,"t":[3,6,1,1]}},{"k":[8,0,0,23,0],"v":{"f":false,"k":4,"t":[7,8,1,1]}},{"k":[5,0,0,26,0],"v":{"f":false,"k":4,"t":[7,8,1,1]}},{"k":[3,0,0,28,0],"v":{"f":false,"k":4,"t":[7,7,1,1]}},{"k":[7,0,0,24,0],"v":{"f":false,"k":4,"t":[7,7,1,1]}},{"k":[4,0,0,27,0],"v":{"f":false,"k":4,"t":[6,8,1,1]}},{"k":[12,1,0,18,0],"v":{"f":false,"k":4,"t":[6,8,1,1]}},{"k":[11,1,0,19,0],"v":{"f":false,"k":4,"t":[3,6,1,1]}},{"k":[0,0,0,31,0],"v":{"f":false,"k":4,"t":[5,5,1,1]}},{"k":[6,0,0,25,0],"v":{"f":false,"k":4,"t":[5,5,1,1]}},{"k":[3,0,0,17,0],"v":{"f":false,"k":4,"t":[6,8,1,1]}},{"k":[2,0,0,18,0],"v":{"f":false,"k":4,"t":[5,5,1,1]}},{"k":[2,0,0,17,0],"v":{"f":false,"k":4,"t":[5,5,1,1]}},{"k":[4,0,0,18,0],"v":{"f":false,"k":4,"t":[7,8,1,1]}},{"k":[6,0,0,16,0],"v":{"f":false,"k":4,"t":[6,8,1,1]}},{"k":[5,0,0,16,0],"v":{"f":false,"k":4,"t":[7,8,1,1]}},{"k":[2,0,0,19,0],"v":{"f":false,"k":4,"t":[5,5,1,1]}},{"k":[4,0,0,20,0],"v":{"f":false,"k":4,"t":[7,8,1,1]}},{"k":[2,0,0,22,0],"v":{"f":false,"k":4,"t":[6,7,1,1]}},{"k":[8,0,0,16,0],"v":{"f":false,"k":4,"t":[6,8,1,1]}},{"k":[7,0,0,17,0],"v":{"f":false,"k":4,"t":[6,8,1,1]}},{"k":[5,0,0,18,0],"v":{"f":false,"k":4,"t":[7,8,1,1]}},{"k":[4,0,0,19,0],"v":{"f":false,"k":4,"t":[7,8,1,1]}},{"k":[2,0,0,21,0],"v":{"f":false,"k":4,"t":[6,7,1,1]}},{"k":[7,0,0,16,0],"v":{"f":false,"k":4,"t":[6,8,1,1]}},{"k":[6,0,0,17,0],"v":{"f":false,"k":4,"t":[5,5,1,1]}}],"overflow":[],"walls":[]}}