{"lands":{"autotiles":[],"floors":[{"k":[3,0,0,15,0],"v":{"t":[0,0]}},{"k":[4,0,0,14,0],"v":{"t":[0,0]}},{"k":[5,0,0,13,0],"v":{"t":[0,0]}},{"k":[6,0,0,12,0],"v":{"t":[0,0]}},{"k":[7,0,0,11,0],"v":{"t":[0,0]}},{"k":[8,0,0,10,0],"v":{"t":[0,0]}},{"k":[9,0,0,9,0],"v":{"t":[0,0]}},{"k":[10,0,0,8,0],"v":{"t":[0,0]}},{"k":[11,0,0,7,0],"v":{"t":[0,0]}},{"k":[12,0,0,6,0],"v":{"t":[0,0]}},{"k":[13,0,0,5,0],"v":{"t":[0,0]}},{"k":[14,0,0,4,0],"v":{"t":[0,0]}},{"k":[15,0,0,3,0],"v":{"t":[0,0]}},{"k":[13,5,0,0,0],"v":{"t":[0,0]}},{"k":[0,5,0,13,0],"v":{"t":[0,0]}},{"k":[12,1,0,5,0],"v":{"t":[0,0]}},{"k":[11,1,0,6,0],"v":{"t":[0,0]}},{"k":[2,0,0,15,0],"v":{"t":[0,0]}},{"k":[3,0,0,14,0],"v":{"t":[0,0]}},{"k":[4,0,0,13,0],"v":{"t":[0,0]}},{"k":[5,0,0,12,0],"v":{"t":[0,0]}},{"k":[6,0,0,11,0],"v":{"t":[0,0]}},{"k":[7,0,0,10,0],"v":{"t":[0,0]}},{"k":[8,0,0,9,0],"v":{"t":[0,0]}},{"k":[9,0,0,8,0],"v":{"t":[0,0]}},{"k":[10,0,0,7,0],"v":{"t":[0,0]}},{"k":[11,0,0,6,0],"v":{"t":[0,0]}},{"k":[12,0,0,5,0],"v":{"t":[0,0]}},{"k":[13,0,0,4,0],"v":{"t":[0,0]}},{"k":[14,0,0,3,0],"v":{"t":[0,0]}},{"k":[15,0,0,2,0],"v":{"t":[0,0]}},{"k":[12,5,0,0,0],"v":{"t":[0,0]}},{"k":[0,5,0,12,0],"v":{"t":[0,0]}},{"k":[11,1,0,5,0],"v":{"t":[0,0]}},{"k":[5,0,0,15,0],"v":{"t":[0,0]}},{"k":[6,0,0,14,0],"v":{"t":[0,0]}},{"k":[7,0,0,13,0],"v":{"t":[0,0]}},{"k":[8,0,0,12,0],"v":{"t":[0,0]}},{"k":[9,0,0,11,0],"v":{"t":[0,0]}},{"k":[10,0,0,10,0],"v":{"t":[0,0]}},{"k":[11,0,0,9,0],"v":{"t":[0,0]}},{"k":[12,0,0,8,0],"v":{"t":[0,0]}},{"k":[13,0,0,7,0],"v":{"t":[0,0]}},{"k":[14,0,0,6,0],"v":{"t":[0,0]}},{"k":[15,0,0,5,0],"v":{"t":[0,0]}},{"k":[15,5,0,0,0],"v":{"t":[0,0]}},{"k":[0,5,0,15,0],"v":{"t":[0,0]}},{"k":[14,1,0,5,0],"v":{"t":[0,0]}},{"k":[13,1,0,6,0],"v":{"t":[0,0]}},{"k":[12,1,0,7,0],"v":{"t":[0,0]}},{"k":[11,1,0,8,0],"v":{"t":[0,0]}},{"k":[4,0,0,15,0],"v":{"t":[0,0]}},{"k":[5,0,0,14,0],"v":{"t":[0,0]}},{"k":[6,0,0,13,0],"v":{"t":[0,0]}},{"k":[7,0,0,12,0],"v":{"t":[0,0]}},{"k":[8,0,0,11,0],"v":{"t":[0,0]}},{"k":[9,0,0,10,0],"v":{"t":[0,0]}},{"k":[10,0,0,9,0],"v":{"t":[0,0]}},{"k":[11,0,0,8,0],"v":{"t":[0,0]}},{"k":[12,0,0,7,0],"v":{"t":[0,0]}},{"k":[13,0,0,6,0],"v":{"t":[0,0]}},{"k":[14,0,0,5,0],"v":{"t":[0,0]}},{"k":[15,0,0,4,0],"v":{"t":[0,0]}},{"k":[14,5,0,0,0],"v":{"t":[0,0]}},{"k":[0,5,0,14,0],"v":{"t":[0,0]}},{"k":[13,1,0,5,0],"v":{"t":[0,0]}},{"k":[12,1,0,6,0],"v":{"t":[0,0]}},{"k":[11,1,0,7,0],"v":{"t":[0,0]}},{"k":[7,0,0,15,0],"v":{"t":[0,0]}},{"k":[8,0,0,14,0],"v":{"t":[0,0]}},{"k":[9,0,0,13,0],"v":{"t":[0,0]}},{"k":[10,0,0,12,0],"v":{"t":[0,0]}},{"k":[11,0,0,11,0],"v":{"t":[0,0]}},{"k":[12,0,0,10,0],"v":{"t":[0,0]}},{"k":[13,0,0,9,0],"v":{"t":[0,0]}},{"k":[14,0,0,8,0],"v":{"t":[0,0]}},{"k":[15,0,0,7,0],"v":{"t":[0,0]}},{"k":[14,1,0,7,0],"v":{"t":[0,0]}},{"k":[13,1,0,8,0],"v":{"t":[0,0]}},{"k":[11,1,0,10,0],"v":{"t":[0,0]}},{"k":[12,1,0,9,0],"v":{"t":[0,0]}},{"k":[6,0,0,15,0],"v":{"t":[0,0]}},{"k":[7,0,0,14,0],"v":{"t":[0,0]}},{"k":[8,0,0,13,0],"v":{"t":[0,0]}},{"k":[9,0,0,12,0],"v":{"t":[0,0]}},{"k":[10,0,0,11,0],"v":{"t":[0,0]}},{"k":[11,0,0,10,0],"v":{"t":[0,0]}},{"k":[12,0,0,9,0],"v":{"t":[0,0]}},{"k":[13,0,0,8,0],"v":{"t":[0,0]}},{"k":[14,0,0,7,0],"v":{"t":[0,0]}},{"k":[15,0,0,6,0],"v":{"t":[0,0]}},{"k":[14,1,0,6,0],"v":{"t":[0,0]}},{"k":[13,1,0,7,0],"v":{"t":[0,0]}},{"k":[11,1,0,9,0],"v":{"t":[0,0]}},{"k":[12,1,0,8,0],"v":{"t":[0,0]}},{"k":[9,0,0,15,0],"v":{"t":[0,0]}},{"k":[10,0,0,14,0],"v":{"t":[0,0]}},{"k":[11,0,0,13,0],"v":{"t":[0,0]}},{"k":[12,0,0,12,0],"v":{"t":[0,0]}},{"k":[13,0,0,11,0],"v":{"t":[0,0]}},{"k":[14,0,0,10,0],"v":{"t":[0,0]}},{"k":[15,0,0,9,0],"v":{"t":[0,0]}},{"k":[14,1,0,9,0],"v":{"t":[0,0]}},{"k":[13,1,0,10,0],"v":{"t":[0,0]}},{"k":[12,1,0,11,0],"v":{"t":[0,0]}},{"k":[11,1,0,12,0],"v":{"t":[0,0]}},{"k":[8,0,0,15,0],"v":{"t":[0,0]}},{"k":[9,0,0,14,0],"v":{"t":[0,0]}},{"k":[10,0,0,13,0],"v":{"t":[0,0]}},{"k":[11,0,0,12,0],"v":{"t":[0,0]}},{"k":[12,0,0,11,0],"v":{"t":[0,0]}},{"k":[13,0,0,10,0],"v":{"t":[0,0]}},{"k":[14,0,0,9,0],"v":{"t":[0,0]}},{"k":[15,0,0,8,0],"v":{"t":[0,0]}},{"k":[14,1,0,8,0],"v":{"t":[0,0]}},{"k":[13,1,0,9,0],"v":{"t":[0,0]}},{"k":[12,1,0,10,0],"v":{"t":[0,0]}},{"k":[11,1,0,11,0],"v":{"t":[0,0]}},{"k":[0,0,0,10,0],"v":{"t":[0,0]}},{"k":[1,0,0,9,0],"v":{"t":[0,0]}},{"k":[2,0,0,8,0],"v":{"t":[0,0]}},{"k":[3,0,0,7,0],"v":{"t":[0,0]}},{"k":[4,0,0,6,0],"v":{"t":[0,0]}},{"k":[5,0,0,5,0],"v":{"t":[0,0]}},{"k":[6,0,0,4,0],"v":{"t":[0,0]}},{"k":[7,0,0,3,0],"v":{"t":[0,0]}},{"k":[8,0,0,2,0],"v":{"t":[0,0]}},{"k":[9,0,0,1,0],"v":{"t":[0,0]}},{"k":[10,0,0,0,0],"v":{"t":[0,0]}},{"k":[5,5,0,0,0],"v":{"t":[0,0]}},{"k":[0,5,0,5,0],"v":{"t":[0,0]}},{"k":[0,0,0,9,0],"v":{"t":[0,0]}},{"k":[1,0,0,8,0],"v":{"t":[0,0]}},{"k":[2,0,0,7,0],"v":{"t":[0,0]}},{"k":[3,0,0,6,0],"v":{"t":[0,0]}},{"k":[4,0,0,5,0],"v":{"t":[0,0]}},{"k":[5,0,0,4,0],"v":{"t":[0,0]}},{"k":[6,0,0,3,0],"v":{"t":[0,0]}},{"k":[7,0,0,2,0],"v":{"t":[0,0]}},{"k":[8,0,0,1,0],"v":{"t":[0,0]}},{"k":[9,0,0,0,0],"v":{"t":[0,0]}},{"k":[4,5,0,0,0],"v":{"t":[0,0]}},{"k":[0,5,0,4,0],"v":{"t":[0,0]}},{"k":[0,0,0,12,0],"v":{"t":[0,0]}},{"k":[1,0,0,11,0],"v":{"t":[0,0]}},{"k":[2,0,0,10,0],"v":{"t":[0,0]}},{"k":[3,0,0,9,0],"v":{"t":[0,0]}},{"k":[4,0,0,8,0],"v":{"t":[0,0]}},{"k":[5,0,0,7,0],"v":{"t":[0,0]}},{"k":[6,0,0,6,0],"v":{"t":[0,0]}},{"k":[7,0,0,5,0],"v":{"t":[0,0]}},{"k":[8,0,0,4,0],"v":{"t":[0,0]}},{"k":[9,0,0,3,0],"v":{"t":[0,0]}},{"k":[10,0,0,2,0],"v":{"t":[0,0]}},{"k":[11,0,0,1,0],"v":{"t":[0,0]}},{"k":[12,0,0,0,0],"v":{"t":[0,0]}},{"k":[7,5,0,0,0],"v":{"t":[0,0]}},{"k":[0,5,0,7,0],"v":{"t":[0,0]}},{"k":[0,0,0,11,0],"v":{"t":[0,0]}},{"k":[1,0,0,10,0],"v":{"t":[0,0]}},{"k":[2,0,0,9,0],"v":{"t":[0,0]}},{"k":[3,0,0,8,0],"v":{"t":[0,0]}},{"k":[4,0,0,7,0],"v":{"t":[0,0]}},{"k":[5,0,0,6,0],"v":{"t":[0,0]}},{"k":[6,0,0,5,0],"v":{"t":[0,0]}},{"k":[7,0,0,4,0],"v":{"t":[0,0]}},{"k":[8,0,0,3,0],"v":{"t":[0,0]}},{"k":[9,0,0,2,0],"v":{"t":[0,0]}},{"k":[10,0,0,1,0],"v":{"t":[0,0]}},{"k":[11,0,0,0,0],"v":{"t":[0,0]}},{"k":[6,5,0,0,0],"v":{"t":[0,0]}},{"k":[0,5,0,6,0],"v":{"t":[0,0]}},{"k":[0,0,0,14,0],"v":{"t":[0,0]}},{"k":[1,0,0,13,0],"v":{"t":[0,0]}},{"k":[2,0,0,12,0],"v":{"t":[0,0]}},{"k":[3,0,0,11,0],"v":{"t":[0,0]}},{"k":[4,0,0,10,0],"v":{"t":[0,0]}},{"k":[5,0,0,9,0],"v":{"t":[0,0]}},{"k":[6,0,0,8,0],"v":{"t":[0,0]}},{"k":[7,0,0,7,0],"v":{"t":[0,0]}},{"k":[8,0,0,6,0],"v":{"t":[0,0]}},{"k":[9,0,0,5,0],"v":{"t":[0,0]}},{"k":[10,0,0,4,0],"v":{"t":[0,0]}},{"k":[11,0,0,3,0],"v":{"t":[0,0]}},{"k":[12,0,0,2,0],"v":{"t":[0,0]}},{"k":[13,0,0,1,0],"v":{"t":[0,0]}},{"k":[14,0,0,0,0],"v":{"t":[0,0]}},{"k":[9,5,0,0,0],"v":{"t":[0,0]}},{"k":[0,5,0,9,0],"v":{"t":[0,0]}},{"k":[0,0,0,13,0],"v":{"t":[0,0]}},{"k":[1,0,0,12,0],"v":{"t":[0,0]}},{"k":[2,0,0,11,0],"v":{"t":[0,0]}},{"k":[3,0,0,10,0],"v":{"t":[0,0]}},{"k":[4,0,0,9,0],"v":{"t":[0,0]}},{"k":[5,0,0,8,0],"v":{"t":[0,0]}},{"k":[6,0,0,7,0],"v":{"t":[0,0]}},{"k":[7,0,0,6,0],"v":{"t":[0,0]}},{"k":[8,0,0,5,0],"v":{"t":[0,0]}},{"k":[9,0,0,4,0],"v":{"t":[0,0]}},{"k":[10,0,0,3,0],"v":{"t":[0,0]}},{"k":[11,0,0,2,0],"v":{"t":[0,0]}},{"k":[12,0,0,1,0],"v":{"t":[0,0]}},{"k":[13,0,0,0,0],"v":{"t":[0,0]}},{"k":[8,5,0,0,0],"v":{"t":[0,0]}},{"k":[0,5,0,8,0],"v":{"t":[0,0]}},{"k":[1,0,0,15,0],"v":{"t":[0,0]}},{"k":[2,0,0,14,0],"v":{"t":[0,0]}},{"k":[3,0,0,13,0],"v":{"t":[0,0]}},{"k":[4,0,0,12,0],"v":{"t":[0,0]}},{"k":[5,0,0,11,0],"v":{"t":[0,0]}},{"k":[6,0,0,10,0],"v":{"t":[0,0]}},{"k":[7,0,0,9,0],"v":{"t":[0,0]}},{"k":[8,0,0,8,0],"v":{"t":[0,0]}},{"k":[9,0,0,7,0],"v":{"t":[0,0]}},{"k":[10,0,0,6,0],"v":{"t":[0,0]}},{"k":[11,0,0,5,0],"v":{"t":[0,0]}},{"k":[12,0,0,4,0],"v":{"t":[0,0]}},{"k":[13,0,0,3,0],"v":{"t":[0,0]}},{"k":[14,0,0,2,0],"v":{"t":[0,0]}},{"k":[15,0,0,1,0],"v":{"t":[0,0]}},{"k":[11,5,0,0,0],"v":{"t":[0,0]}},{"k":[0,5,0,11,0],"v":{"t":[0,0]}},{"k":[0,0,0,15,0],"v":{"t":[0,0]}},{"k":[1,0,0,14,0],"v":{"t":[0,0]}},{"k":[2,0,0,13,0],"v":{"t":[0,0]}},{"k":[3,0,0,12,0],"v":{"t":[0,0]}},{"k":[4,0,0,11,0],"v":{"t":[0,0]}},{"k":[5,0,0,10,0],"v":{"t":[0,0]}},{"k":[6,0,0,9,0],"v":{"t":[0,0]}},{"k":[7,0,0,8,0],"v":{"t":[0,0]}},{"k":[8,0,0,7,0],"v":{"t":[0,0]}},{"k":[9,0,0,6,0],"v":{"t":[0,0]}},{"k":[10,0,0,5,0],"v":{"t":[0,0]}},{"k":[11,0,0,4,0],"v":{"t":[0,0]}},{"k":[12,0,0,3,0],"v":{"t":[0,0]}},{"k":[13,0,0,2,0],"v":{"t":[0,0]}},{"k":[14,0,0,1,0],"v":{"t":[0,0]}},{"k":[15,0,0,0,0],"v":{"t":[0,0]}},{"k":[10,5,0,0,0],"v":{"t":[0,0]}},{"k":[0,5,0,10,0],"v":{"t":[0,0]}},{"k":[0,0,0,2,0],"v":{"t":[0,0]}},{"k":[1,0,0,1,0],"v":{"t":[0,0]}},{"k":[2,0,0,0,0],"v":{"t":[0,0]}},{"k":[0,0,0,1,0],"v":{"t":[0,0]}},{"k":[1,0,0,0,0],"v":{"t":[0,0]}},{"k":[0,0,0,4,0],"v":{"t":[0,0]}},{"k":[1,0,0,3,0],"v":{"t":[0,0]}},{"k":[2,0,0,2,0],"v":{"t":[0,0]}},{"k":[3,0,0,1,0],"v":{"t":[0,0]}},{"k":[4,0,0,0,0],"v":{"t":[0,0]}},{"k":[0,0,0,3,0],"v":{"t":[0,0]}},{"k":[1,0,0,2,0],"v":{"t":[0,0]}},{"k":[2,0,0,1,0],"v":{"t":[0,0]}},{"k":[3,0,0,0,0],"v":{"t":[0,0]}},{"k":[0,0,0,6,0],"v":{"t":[0,0]}},{"k":[1,0,0,5,0],"v":{"t":[0,0]}},{"k":[2,0,0,4,0],"v":{"t":[0,0]}},{"k":[3,0,0,3,0],"v":{"t":[0,0]}},{"k":[4,0,0,2,0],"v":{"t":[0,0]}},{"k":[5,0,0,1,0],"v":{"t":[0,0]}},{"k":[6,0,0,0,0],"v":{"t":[0,0]}},{"k":[1,5,0,0,0],"v":{"t":[0,0]}},{"k":[0,5,0,1,0],"v":{"t":[0,0]}},{"k":[0,0,0,5,0],"v":{"t":[0,0]}},{"k":[1,0,0,4,0],"v":{"t":[0,0]}},{"k":[2,0,0,3,0],"v":{"t":[0,0]}},{"k":[3,0,0,2,0],"v":{"t":[0,0]}},{"k":[4,0,0,1,0],"v":{"t":[0,0]}},{"k":[5,0,0,0,0],"v":{"t":[0,0]}},{"k":[0,5,0,0,0],"v":{"t":[0,0]}},{"k":[0,0,0,8,0],"v":{"t":[0,0]}},{"k":[1,0,0,7,0],"v":{"t":[0,0]}},{"k":[2,0,0,6,0],"v":{"t":[0,0]}},{"k":[3,0,0,5,0],"v":{"t":[0,0]}},{"k":[4,0,0,4,0],"v":{"t":[0,0]}},{"k":[5,0,0,3,0],"v":{"t":[0,0]}},{"k":[6,0,0,2,0],"v":{"t":[0,0]}},{"k":[7,0,0,1,0],"v":{"t":[0,0]}},{"k":[8,0,0,0,0],"v":{"t":[0,0]}},{"k":[3,5,0,0,0],"v":{"t":[0,0]}},{"k":[0,5,0,3,0],"v":{"t":[0,0]}},{"k":[0,0,0,7,0],"v":{"t":[0,0]}},{"k":[1,0,0,6,0],"v":{"t":[0,0]}},{"k":[2,0,0,5,0],"v":{"t":[0,0]}},{"k":[3,0,0,4,0],"v":{"t":[0,0]}},{"k":[4,0,0,3,0],"v":{"t":[0,0]}},{"k":[5,0,0,2,0],"v":{"t":[0,0]}},{"k":[6,0,0,1,0],"v":{"t":[0,0]}},{"k":[7,0,0,0,0],"v":{"t":[0,0]}},{"k":[2,5,0,0,0],"v":{"t":[0,0]}},{"k":[0,5,0,2,0],"v":{"t":[0,0]}},{"k":[0,0,0,0,0],"v":{"t":[0,0]}},{"k":[11,0,0,15,0],"v":{"t":[0,0]}},{"k":[12,0,0,14,0],"v":{"t":[0,0]}},{"k":[13,0,0,13,0],"v":{"t":[0,0]}},{"k":[14,0,0,12,0],"v":{"t":[0,0]}},{"k":[15,0,0,11,0],"v":{"t":[0,0]}},{"k":[14,1,0,11,0],"v":{"t":[0,0]}},{"k":[13,1,0,12,0],"v":{"t":[0,0]}},{"k":[12,1,0,13,0],"v":{"t":[0,0]}},{"k":[11,1,0,14,0],"v":{"t":[0,0]}},{"k":[10,0,0,15,0],"v":{"t":[0,0]}},{"k":[11,0,0,14,0],"v":{"t":[0,0]}},{"k":[12,0,0,13,0],"v":{"t":[0,0]}},{"k":[13,0,0,12,0],"v":{"t":[0,0]}},{"k":[14,0,0,11,0],"v":{"t":[0,0]}},{"k":[15,0,0,10,0],"v":{"t":[0,0]}},{"k":[14,1,0,10,0],"v":{"t":[0,0]}},{"k":[13,1,0,11,0],"v":{"t":[0,0]}},{"k":[12,1,0,12,0],"v":{"t":[0,0]}},{"k":[11,1,0,13,0],"v":{"t":[0,0]}},{"k":[13,0,0,15,0],"v":{"t":[0,0]}},{"k":[14,0,0,14,0],"v":{"t":[0,0]}},{"k":[15,0,0,13,0],"v":{"t":[0,0]}},{"k":[14,1,0,13,0],"v":{"t":[0,0]}},{"k":[13,1,0,14,0],"v":{"t":[0,0]}},{"k":[12,1,0,15,0],"v":{"t":[0,0]}},{"k":[12,0,0,15,0],"v":{"t":[0,0]}},{"k":[13,0,0,14,0],"v":{"t":[0,0]}},{"k":[14,0,0,13,0],"v":{"t":[0,0]}},{"k":[15,0,0,12,0],"v":{"t":[0,0]}},{"k":[14,1,0,12,0],"v":{"t":[0,0]}},{"k":[13,1,0,13,0],"v":{"t":[0,0]}},{"k":[12,1,0,14,0],"v":{"t":[0,0]}},{"k":[11,1,0,15,0],"v":{"t":[0,0]}},{"k":[15,0,0,15,0],"v":{"t":[0,0]}},{"k":[14,1,0,15,0],"v":{"t":[0,0]}},{"k":[14,0,0,15,0],"v":{"t":[0,0]}},{"k":[15,0,0,14,0],"v":{"t":[0,0]}},{"k":[14,1,0,14,0],"v":{"t":[0,0]}},{"k":[13,1,0,15,0],"v":{"t":[0,0]}}]},"moun":{"a":[{"k":[14,0,0,12,0],"v":{"b":true,"l":true,"sid":1,"t":true}},{"k":[13,0,0,13,0],"v":{"b":true,"l":true,"r":true,"sid":1,"t":true}},{"k":[12,0,0,14,0],"v":{"b":true,"l":true,"r":true,"sid":1,"t":true}},{"k":[11,0,0,15,0],"v":{"b":true,"r":true,"sid":1,"t":true}},{"k":[14,0,0,11,0],"v":{"b":true,"l":true,"sid":1,"t":true}},{"k":[13,0,0,12,0],"v":{"b":true,"l":true,"r":true,"sid":1,"t":true}},{"k":[12,0,0,13,0],"v":{"b":true,"l":true,"r":true,"sid":1,"t":true}},{"k":[11,0,0,14,0],"v":{"b":true,"r":true,"sid":1,"t":true}},{"k":[14,0,0,14,0],"v":{"b":true,"l":true,"sid":1,"t":true}},{"k":[13,0,0,15,0],"v":{"b":true,"l":true,"r":true,"sid":1,"t":true}},{"k":[14,0,0,13,0],"v":{"b":true,"l":true,"sid":1,"t":true}},{"k":[13,0,0,14,0],"v":{"b":true,"l":true,"r":true,"sid":1,"t":true}},{"k":[12,0,0,15,0],"v":{"b":true,"l":true,"r":true,"sid":1,"t":true}},{"k":[14,0,0,15,0],"v":{"b":true,"l":true,"sid":1,"t":true}},{"k":[13,0,0,5,0],"v":{"b":true,"l":true,"r":true,"sid":1}},{"k":[12,0,0,6,0],"v":{"b":true,"l":true,"r":true,"sid":1,"t":true}},{"k":[11,0,0,7,0],"v":{"b":true,"r":true,"sid":1,"t":true}},{"k":[12,0,0,5,0],"v":{"b":true,"l":true,"r":true,"sid":1}},{"k":[11,0,0,6,0],"v":{"b":true,"r":true,"sid":1,"t":true}},{"k":[14,0,0,6,0],"v":{"b":true,"l":true,"sid":1,"t":true}},{"k":[13,0,0,7,0],"v":{"b":true,"l":true,"r":true,"sid":1,"t":true}},{"k":[11,0,0,9,0],"v":{"b":true,"r":true,"sid":1,"t":true}},{"k":[12,0,0,8,0],"v":{"b":true,"l":true,"r":true,"sid":1,"t":true}},{"k":[14,0,0,5,0],"v":{"b":true,"l":true,"sid":1}},{"k":[13,0,0,6,0],"v":{"b":true,"l":true,"r":true,"sid":1,"t":true}},{"k":[12,0,0,7,0],"v":{"b":true,"l":true,"r":true,"sid":1,"t":true}},{"k":[11,0,0,8,0],"v":{"b":true,"r":true,"sid":1,"t":true}},{"k":[14,0,0,8,0],"v":{"b":true,"l":true,"sid":1,"t":true}},{"k":[13,0,0,9,0],"v":{"b":true,"l":true,"r":true,"sid":1,"t":true}},{"k":[12,0,0,10,0],"v":{"b":true,"l":true,"r":true,"sid":1,"t":true}},{"k":[11,0,0,11,0],"v":{"b":true,"r":true,"sid":1,"t":true}},{"k":[14,0,0,7,0],"v":{"b":true,"l":true,"sid":1,"t":true}},{"k":[13,0,0,8,0],"v":{"b":true,"l":true,"r":true,"sid":1,"t":true}},{"k":[11,0,0,10,0],"v":{"b":true,"r":true,"sid":1,"t":true}},{"k":[12,0,0,9,0],"v":{"b":true,"l":true,"r":true,"sid":1,"t":true}},{"k":[14,0,0,10,0],"v":{"b":true,"l":true,"sid":1,"t":true}},{"k":[13,0,0,11,0],"v":{"b":true,"l":true,"r":true,"sid":1,"t":true}},{"k":[12,0,0,12,0],"v":{"b":true,"l":true,"r":true,"sid":1,"t":true}},{"k":[11,0,0,13,0],"v":{"b":true,"r":true,"sid":1,"t":true}},{"k":[14,0,0,9,0],"v":{"b":true,"l":true,"sid":1,"t":true}},{"k":[13,0,0,10,0],"v":{"b":true,"l":true,"r":true,"sid":1,"t":true}},{"k":[12,0,0,11,0],"v":{"b":true,"l":true,"r":true,"sid":1,"t":true}},{"k":[11,0,0,12,0],"v":{"b":true,"r":true,"sid":1,"t":true}},{"k":[10,0,0,0,0],"v":{"hs":5,"l":true,"r":true,"sid":1}},{"k":[0,0,0,10,0],"v":{"b":true,"hs":5,"sid":1,"t":true}},{"k":[9,0,0,0,0],"v":{"hs":5,"l":true,"r":true,"sid":1}},{"k":[0,0,0,9,0],"v":{"b":true,"hs":5,"sid":1,"t":true}},{"k":[12,0,0,0,0],"v":{"hs":5,"l":true,"r":true,"sid":1}},{"k":[0,0,0,12,0],"v":{"b":true,"hs":5,"sid":1,"t":true}},{"k":[11,0,0,0,0],"v":{"hs":5,"l":true,"r":true,"sid":1}},{"k":[0,0,0,11,0],"v":{"b":true,"hs":5,"sid":1,"t":true}},{"k":[14,0,0,0,0],"v":{"hs":5,"l":true,"r":true,"sid":1}},{"k":[0,0,0,14,0],"v":{"b":true,"hs":5,"sid":1,"t":true}},{"k":[13,0,0,0,0],"v":{"hs":5,"l":true,"r":true,"sid":1}},{"k":[0,0,0,13,0],"v":{"b":true,"hs":5,"sid":1,"t":true}},{"k":[11,0,0,5,0],"v":{"b":true,"r":true,"sid":1}},{"k":[15,0,0,0,0],"v":{"hs":5,"l":true,"r":true,"sid":1}},{"k":[0,0,0,15,0],"v":{"b":true,"hs":5,"sid":1,"t":true}},{"k":[2,0,0,0,0],"v":{"hs":5,"l":true,"r":true,"sid":1}},{"k":[0,0,0,2,0],"v":{"b":true,"hs":5,"sid":1,"t":true}},{"k":[1,0,0,0,0],"v":{"hs":5,"l":true,"r":true,"sid":1}},{"k":[0,0,0,1,0],"v":{"b":true,"hs":5,"sid":1,"t":true}},{"k":[4,0,0,0,0],"v":{"hs":5,"l":true,"r":true,"sid":1}},{"k":[0,0,0,4,0],"v":{"b":true,"hs":5,"sid":1,"t":true}},{"k":[3,0,0,0,0],"v":{"hs":5,"l":true,"r":true,"sid":1}},{"k":[0,0,0,3,0],"v":{"b":true,"hs":5,"sid":1,"t":true}},{"k":[6,0,0,0,0],"v":{"hs":5,"l":true,"r":true,"sid":1}},{"k":[0,0,0,6,0],"v":{"b":true,"hs":5,"sid":1,"t":true}},{"k":[5,0,0,0,0],"v":{"hs":5,"l":true,"r":true,"sid":1}},{"k":[0,0,0,5,0],"v":{"b":true,"hs":5,"sid":1,"t":true}},{"k":[8,0,0,0,0],"v":{"hs":5,"l":true,"r":true,"sid":1}},{"k":[0,0,0,8,0],"v":{"b":true,"hs":5,"sid":1,"t":true}},{"k":[7,0,0,0,0],"v":{"hs":5,"l":true,"r":true,"sid":1}},{"k":[0,0,0,7,0],"v":{"b":true,"hs":5,"sid":1,"t":true}},{"k":[0,0,0,0,0],"v":{"b":true,"hs":5,"r":true,"sid":1}}],"o":[]},"objs":{"list":[]},"objs3d":{"a":[{"k":[15,0,0,13,0],"v":{"did":112}},{"k":[10,0,0,4,0],"v":{"did":112}},{"k":[15,0,0,12,0],"v":{"did":112}},{"k":[15,0,0,15,0],"v":{"did":112}},{"k":[10,0,0,6,0],"v":{"did":112}},{"k":[12,0,0,4,0],"v":{"did":112}},{"k":[15,0,0,14,0],"v":{"did":112}},{"k":[10,0,0,5,0],"v":{"did":112}},{"k":[11,0,0,4,0],"v":{"did":112}},{"k":[10,0,0,8,0],"v":{"did":112}},{"k":[14,0,0,4,0],"v":{"did":112}},{"k":[10,0,0,7,0],"v":{"did":112}},{"k":[13,0,0,4,0],"v":{"did":112}},{"k":[10,0,0,10,0],"v":{"did":112}},{"k":[15,0,0,5,0],"v":{"did":112}},{"k":[10,0,0,9,0],"v":{"did":112}},{"k":[15,0,0,4,0],"v":{"did":112}},{"k":[10,0,0,12,0],"v":{"did":112}},{"k":[15,0,0,7,0],"v":{"did":112}},{"k":[10,0,0,11,0],"v":{"did":112}},{"k":[15,0,0,6,0],"v":{"did":112}},{"k":[10,0,0,14,0],"v":{"did":112}},{"k":[15,0,0,9,0],"v":{"did":112}},{"k":[10,0,0,13,0],"v":{"did":112}},{"k":[15,0,0,8,0],"v":{"did":112}},{"k":[15,0,0,11,0],"v":{"did":112}},{"k":[10,0,0,15,0],"v":{"did":112}},{"k":[15,0,0,10,0],"v":{"did":112}}],"o":[[10,0,0,16,0],[15,0,0,16,0]]},"sprites":{"list":[{"k":[14,1,0,11,0],"v":{"f":false,"k":4,"t":[3,6,1,1]}},{"k":[11,1,0,14,0],"v":{"f":false,"k":4,"t":[3,6,1,1]}},{"k":[14,1,0,10,0],"v":{"k":4,"t":[3,6,1,1]}},{"k":[11,1,0,13,0],"v":{"k":4,"t":[3,6,1,1]}},{"k":[13,1,0,11,0],"v":{"f":false,"k":4,"t":[5,15,1,1]}},{"k":[14,1,0,13,0],"v":{"f":false,"k":4,"t":[3,6,1,1]}},{"k":[13,1,0,13,0],"v":{"f":false,"k":4,"t":[2,9,4,6]}},{"k":[14,1,0,12,0],"v":{"f":false,"k":4,"t":[3,6,1,1]}},{"k":[11,1,0,15,0],"v":{"f":false,"k":4,"t":[3,6,1,1]}},{"k":[14,1,0,15,0],"v":{"k":4,"t":[3,6,1,1]}},{"k":[14,1,0,14,0],"v":{"f":false,"k":4,"t":[3,6,1,1]}},{"k":[12,1,0,5,0],"v":{"f":false,"k":4,"t":[3,6,1,1]}},{"k":[11,1,0,6,0],"v":{"k":4,"t":[3,6,1,1]}},{"k":[15,0,0,3,0],"v":{"k":4,"t":[7,8,1,1]}},{"k":[3,0,0,15,0],"v":{"f":false,"k":4,"t":[7,7,1,1]}},{"k":[6,0,0,12,0],"v":{"f":false,"k":4,"t":[6,8,1,1]}},{"k":[9,0,0,9,0],"v":{"f":false,"k":4,"t":[5,5,1,1]}},{"k":[11,1,0,5,0],"v":{"f":false,"k":4,"t":[3,6,1,1]}},{"k":[15,0,0,2,0],"v":{"k":4,"t":[7,8,1,1]}},{"k":[3,0,0,14,0],"v":{"f":false,"k":4,"t":[7,7,1,1]}},{"k":[2,0,0,15,0],"v":{"f":false,"k":4,"t":[7,7,1,1]}},{"k":[6,0,0,11,0],"v":{"f":false,"k":4,"t":[6,8,1,1]}},{"k":[7,0,0,10,0],"v":{"f":false,"k":4,"t":[5,5,1,1]}},{"k":[9,0,0,8,0],"v":{"f":false,"k":4,"t":[5,5,1,1]}},{"k":[14,1,0,5,0],"v":{"k":4,"t":[3,6,1,1]}},{"k":[11,1,0,8,0],"v":{"k":4,"t":[3,6,1,1]}},{"k":[13,1,0,6,0],"v":{"f":false,"k":4,"t":[5,15,1,1]}},{"k":[5,0,0,15,0],"v":{"f":false,"k":4,"t":[7,8,1,1]}},{"k":[6,0,0,14,0],"v":{"f":false,"k":4,"t":[7,8,1,1]}},{"k":[8,0,0,12,0],"v":{"f":false,"k":4,"t":[6,8,1,1]}},{"k":[13,1,0,5,0],"v":{"f":false,"k":4,"t":[3,6,1,1]}},{"k":[11,1,0,7,0],"v":{"k":4,"t":[3,6,1,1]}},{"k":[5,0,0,14,0],"v":{"f":false,"k":4,"t":[7,8,1,1]}},{"k":[6,0,0,13,0],"v":{"f":false,"k":4,"t":[7,8,1,1]}},{"k":[13,1,0,8,0],"v":{"k":4,"t":[2,9,4,6]}},{"k":[14,1,0,7,0],"v":{"k":4,"t":[3,6,1,1]}},{"k":[11,1,0,10,0],"v":{"k":4,"t":[3,6,1,1]}},{"k":[9,0,0,13,0],"v":{"f":false,"k":4,"t":[6,8,1,1]}},{"k":[7,0,0,15,0],"v":{"f":false,"k":4,"t":[5,5,1,1]}},{"k":[8,0,0,14,0],"v":{"f":false,"k":4,"t":[5,5,1,1]}},{"k":[14,1,0,6,0],"v":{"k":4,"t":[3,6,1,1]}},{"k":[11,1,0,9,0],"v":{"k":4,"t":[3,6,1,1]}},{"k":[6,0,0,15,0],"v":{"f":false,"k":4,"t":[6,8,1,1]}},{"k":[8,0,0,13,0],"v":{"f":false,"k":4,"t":[6,8,1,1]}},{"k":[14,1,0,9,0],"v":{"k":4,"t":[3,6,1,1]}},{"k":[11,1,0,12,0],"v":{"k":4,"t":[3,6,1,1]}},{"k":[14,1,0,8,0],"v":{"k":4,"t":[3,6,1,1]}},{"k":[11,1,0,11,0],"v":{"k":4,"t":[3,6,1,1]}},{"k":[12,1,0,10,0],"v":{"f":false,"k":4,"t":[5,15,1,1]}},{"k":[8,0,0,15,0],"v":{"f":false,"k":4,"t":[6,8,1,1]}},{"k":[9,0,0,14,0],"v":{"f":false,"k":4,"t":[6,8,1,1]}},{"k":[1,0,0,9,0],"v":{"f":false,"k":4,"t":[6,7,1,1]}},{"k":[6,0,0,4,0],"v":{"f":false,"k":4,"t":[6,8,1,1]}},{"k":[7,0,0,3,0],"v":{"k":4,"t":[6,8,1,1]}},{"k":[9,0,0,1,0],"v":{"k":4,"t":[6,8,1,1]}},{"k":[3,0,0,7,0],"v":{"f":false,"k":4,"t":[6,8,1,1]}},{"k":[5,0,0,5,0],"v":{"f":false,"k":4,"t":[6,8,1,1]}},{"k":[2,0,0,8,0],"v":{"f":false,"k":4,"t":[5,5,1,1]}},{"k":[4,0,0,6,0],"v":{"f":false,"k":4,"t":[5,5,1,1]}},{"k":[3,0,0,6,0],"v":{"f":false,"k":4,"t":[7,8,1,1]}},{"k":[2,0,0,7,0],"v":{"f":false,"k":4,"t":[6,7,1,1]}},{"k":[5,0,0,4,0],"v":{"k":4,"t":[6,8,1,1]}},{"k":[6,0,0,3,0],"v":{"k":4,"t":[6,8,1,1]}},{"k":[7,0,0,2,0],"v":{"k":4,"t":[6,8,1,1]}},{"k":[8,0,0,1,0],"v":{"k":4,"t":[5,5,1,1]}},{"k":[10,0,0,2,0],"v":{"f":false,"k":4,"t":[6,7,1,1]}},{"k":[11,0,0,1,0],"v":{"k":4,"t":[7,7,1,1]}},{"k":[12,0,0,0,0],"v":{"k":4,"t":[6,8,1,1]}},{"k":[4,0,0,8,0],"v":{"f":false,"k":4,"t":[5,5,1,1]}},{"k":[9,0,0,3,0],"v":{"k":4,"t":[5,5,1,1]}},{"k":[1,0,0,10,0],"v":{"f":false,"k":4,"t":[6,7,1,1]}},{"k":[9,0,0,2,0],"v":{"k":4,"t":[7,7,1,1]}},{"k":[10,0,0,1,0],"v":{"k":4,"t":[6,8,1,1]}},{"k":[11,0,0,0,0],"v":{"k":4,"t":[6,8,1,1]}},{"k":[3,0,0,8,0],"v":{"f":false,"k":4,"t":[6,8,1,1]}},{"k":[6,0,0,5,0],"v":{"f":false,"k":4,"t":[6,8,1,1]}},{"k":[2,0,0,9,0],"v":{"f":false,"k":4,"t":[5,5,1,1]}},{"k":[12,0,0,2,0],"v":{"k":4,"t":[7,7,1,1]}},{"k":[4,0,0,10,0],"v":{"f":false,"k":4,"t":[6,8,1,1]}},{"k":[6,0,0,8,0],"v":{"f":false,"k":4,"t":[6,8,1,1]}},{"k":[7,0,0,7,0],"v":{"f":false,"k":4,"t":[6,8,1,1]}},{"k":[2,0,0,12,0],"v":{"f":false,"k":4,"t":[6,8,1,1]}},{"k":[3,0,0,11,0],"v":{"f":false,"k":4,"t":[6,8,1,1]}},{"k":[4,0,0,9,0],"v":{"f":false,"k":4,"t":[7,8,1,1]}},{"k":[11,0,0,2,0],"v":{"f":false,"k":4,"t":[6,7,1,1]}},{"k":[12,0,0,1,0],"v":{"k":4,"t":[7,7,1,1]}},{"k":[5,0,0,8,0],"v":{"f":false,"k":4,"t":[6,8,1,1]}},{"k":[13,0,0,0,0],"v":{"k":4,"t":[6,8,1,1]}},{"k":[1,0,0,12,0],"v":{"f":false,"k":4,"t":[6,8,1,1]}},{"k":[2,0,0,11,0],"v":{"f":false,"k":4,"t":[6,8,1,1]}},{"k":[7,0,0,6,0],"v":{"f":false,"k":4,"t":[5,5,1,1]}},{"k":[6,0,0,7,0],"v":{"f":false,"k":4,"t":[5,5,1,1]}},{"k":[14,0,0,2,0],"v":{"f":false,"k":4,"t":[6,7,1,1]}},{"k":[5,0,0,11,0],"v":{"f":false,"k":4,"t":[6,8,1,1]}},{"k":[9,0,0,7,0],"v":{"f":false,"k":4,"t":[5,5,1,1]}},{"k":[8,0,0,7,0],"v":{"f":false,"k":4,"t":[6,8,1,1]}},{"k":[3,0,0,12,0],"v":{"f":false,"k":4,"t":[5,5,1,1]}},{"k":[7,0,0,8,0],"v":{"f":false,"k":4,"t":[5,5,1,1]}},{"k":[13,0,0,2,0],"v":{"k":4,"t":[5,5,1,1]}},{"k":[4,0,0,2,0],"v":{"f":false,"k":4,"t":[6,7,1,1]}},{"k":[2,0,0,4,0],"v":{"f":false,"k":4,"t":[7,7,1,1]}},{"k":[1,0,0,4,0],"v":{"f":false,"k":4,"t":[6,8,1,1]}},{"k":[2,0,0,3,0],"v":{"f":false,"k":4,"t":[5,5,1,1]}},{"k":[4,0,0,4,0],"v":{"k":4,"t":[7,8,1,1]}},{"k":[1,0,0,7,0],"v":{"f":false,"k":4,"t":[7,8,1,1]}},{"k":[3,0,0,5,0],"v":{"f":false,"k":4,"t":[6,7,1,1]}},{"k":[2,0,0,6,0],"v":{"f":false,"k":4,"t":[6,7,1,1]}},{"k":[8,0,0,0,0],"v":{"k":4,"t":[6,8,1,1]}},{"k":[6,0,0,2,0],"v":{"f":false,"k":4,"t":[6,8,1,1]}},{"k":[5,0,0,3,0],"v":{"k":4,"t":[5,5,1,1]}},{"k":[7,0,0,1,0],"v":{"k":4,"t":[5,5,1,1]}},{"k":[4,0,0,3,0],"v":{"k":4,"t":[7,8,1,1]}},{"k":[6,0,0,1,0],"v":{"k":4,"t":[6,8,1,1]}},{"k":[7,0,0,0,0],"v":{"k":4,"t":[6,8,1,1]}},{"k":[3,0,0,4,0],"v":{"f":false,"k":4,"t":[6,8,1,1]}},{"k":[5,0,0,2,0],"v":{"f":false,"k":4,"t":[6,8,1,1]}}],"overflow":[],"walls":[]}}