{"lands":{"autotiles":[{"k":[26,8,0,41,0],"v":{"id":1,"t":[1,1],"tid":324}},{"k":[27,8,0,40,0],"v":{"id":1,"t":[1,1],"tid":318}},{"k":[29,8,0,38,0],"v":{"id":1,"t":[1,1],"tid":318}},{"k":[30,8,0,37,0],"v":{"id":1,"t":[1,1],"tid":318}},{"k":[28,8,0,39,0],"v":{"id":1,"t":[1,1],"tid":318}},{"k":[31,8,0,36,0],"v":{"id":1,"t":[1,1],"tid":370}},{"k":[27,8,0,41,0],"v":{"id":1,"t":[1,1],"tid":324}},{"k":[31,8,0,37,0],"v":{"id":1,"t":[1,1],"tid":370}},{"k":[29,8,0,39,0],"v":{"id":1,"t":[1,1],"tid":318}},{"k":[28,8,0,40,0],"v":{"id":1,"t":[1,1],"tid":318}},{"k":[30,8,0,38,0],"v":{"id":1,"t":[1,1],"tid":318}},{"k":[28,8,0,37,0],"v":{"id":1,"t":[1,1],"tid":318}},{"k":[27,8,0,38,0],"v":{"id":1,"t":[1,1],"tid":318}},{"k":[24,8,0,41,0],"v":{"id":1,"t":[1,1],"tid":324}},{"k":[31,8,0,34,0],"v":{"id":1,"t":[1,1],"tid":370}},{"k":[25,8,0,40,0],"v":{"id":1,"t":[1,1],"tid":318}},{"k":[29,8,0,36,0],"v":{"id":1,"t":[1,1],"tid":318}},{"k":[30,8,0,35,0],"v":{"id":1,"t":[1,1],"tid":318}},{"k":[26,8,0,39,0],"v":{"id":1,"t":[1,1],"tid":318}},{"k":[29,8,0,37,0],"v":{"id":1,"t":[1,1],"tid":318}},{"k":[25,8,0,41,0],"v":{"id":1,"t":[1,1],"tid":324}},{"k":[26,8,0,40,0],"v":{"id":1,"t":[1,1],"tid":318}},{"k":[28,8,0,38,0],"v":{"id":1,"t":[1,1],"tid":318}},{"k":[30,8,0,36,0],"v":{"id":1,"t":[1,1],"tid":318}},{"k":[27,8,0,39,0],"v":{"id":1,"t":[1,1],"tid":318}},{"k":[31,8,0,35,0],"v":{"id":1,"t":[1,1],"tid":370}},{"k":[30,8,0,41,0],"v":{"id":1,"t":[1,1],"tid":324}},{"k":[31,8,0,40,0],"v":{"id":1,"t":[1,1],"tid":370}},{"k":[31,8,0,41,0],"v":{"id":1,"t":[1,1],"tid":372}},{"k":[28,8,0,41,0],"v":{"id":1,"t":[1,1],"tid":324}},{"k":[31,8,0,38,0],"v":{"id":1,"t":[1,1],"tid":370}},{"k":[29,8,0,40,0],"v":{"id":1,"t":[1,1],"tid":318}},{"k":[30,8,0,39,0],"v":{"id":1,"t":[1,1],"tid":318}},{"k":[29,8,0,41,0],"v":{"id":1,"t":[1,1],"tid":324}},{"k":[31,8,0,39,0],"v":{"id":1,"t":[1,1],"tid":370}},{"k":[30,8,0,40,0],"v":{"id":1,"t":[1,1],"tid":318}},{"k":[23,8,0,36,0],"v":{"id":1,"t":[1,1],"tid":318}},{"k":[24,8,0,35,0],"v":{"id":1,"t":[1,1],"tid":318}},{"k":[21,8,0,38,0],"v":{"id":1,"t":[1,1],"tid":318}},{"k":[18,8,0,41,0],"v":{"id":1,"t":[1,1],"tid":570}},{"k":[27,8,0,32,0],"v":{"id":1,"t":[1,1],"tid":318}},{"k":[19,8,0,40,0],"v":{"id":1,"t":[1,1],"tid":318}},{"k":[20,8,0,39,0],"v":{"id":1,"t":[1,1],"tid":318}},{"k":[26,8,0,33,0],"v":{"id":1,"t":[1,1],"tid":318}},{"k":[25,8,0,34,0],"v":{"id":1,"t":[1,1],"tid":318}},{"k":[22,8,0,37,0],"v":{"id":1,"t":[1,1],"tid":318}},{"k":[30,0,0,37,0],"v":{"id":1,"t":[5,0],"tid":370}},{"k":[27,0,0,40,0],"v":{"id":1,"t":[5,0],"tid":324}},{"k":[31,0,0,36,0],"v":{"id":1,"t":[5,0],"tid":324}},{"k":[28,0,0,39,0],"v":{"id":1,"t":[5,0],"tid":471}},{"k":[29,0,0,38,0],"v":{"id":1,"t":[5,0],"tid":584}},{"k":[23,8,0,37,0],"v":{"id":1,"t":[1,1],"tid":318}},{"k":[24,8,0,36,0],"v":{"id":1,"t":[1,1],"tid":318}},{"k":[19,8,0,41,0],"v":{"id":1,"t":[1,1],"tid":324}},{"k":[20,8,0,40,0],"v":{"id":1,"t":[1,1],"tid":318}},{"k":[21,8,0,39,0],"v":{"id":1,"t":[1,1],"tid":318}},{"k":[28,8,0,32,0],"v":{"id":1,"t":[1,1],"tid":318}},{"k":[27,8,0,33,0],"v":{"id":1,"t":[1,1],"tid":318}},{"k":[26,8,0,34,0],"v":{"id":1,"t":[1,1],"tid":318}},{"k":[25,8,0,35,0],"v":{"id":1,"t":[1,1],"tid":318}},{"k":[22,8,0,38,0],"v":{"id":1,"t":[1,1],"tid":318}},{"k":[30,0,0,38,0],"v":{"id":1,"t":[5,0],"tid":370}},{"k":[28,0,0,40,0],"v":{"id":1,"t":[5,0],"tid":324}},{"k":[29,0,0,39,0],"v":{"id":1,"t":[5,0],"tid":62}},{"k":[20,8,0,37,0],"v":{"id":1,"t":[1,1],"tid":318}},{"k":[25,8,0,32,0],"v":{"id":1,"t":[1,1],"tid":318}},{"k":[19,8,0,38,0],"v":{"id":1,"t":[1,1],"tid":318}},{"k":[18,8,0,39,0],"v":{"id":1,"t":[1,1],"tid":584}},{"k":[24,8,0,33,0],"v":{"id":1,"t":[1,1],"tid":318}},{"k":[23,8,0,34,0],"v":{"id":1,"t":[1,1],"tid":318}},{"k":[21,8,0,36,0],"v":{"id":1,"t":[1,1],"tid":318}},{"k":[22,8,0,35,0],"v":{"id":1,"t":[1,1],"tid":318}},{"k":[30,0,0,35,0],"v":{"id":1,"t":[5,0],"tid":268}},{"k":[25,0,0,40,0],"v":{"id":1,"t":[5,0],"tid":324}},{"k":[26,0,0,39,0],"v":{"id":1,"t":[5,0],"tid":471}},{"k":[29,0,0,36,0],"v":{"id":1,"t":[5,0],"tid":584}},{"k":[28,0,0,37,0],"v":{"id":1,"t":[1,1],"tid":370}},{"k":[27,0,0,38,0],"v":{"id":1,"t":[1,1],"tid":324}},{"k":[21,8,0,37,0],"v":{"id":1,"t":[1,1],"tid":318}},{"k":[18,8,0,40,0],"v":{"id":1,"t":[1,1],"tid":584}},{"k":[26,8,0,32,0],"v":{"id":1,"t":[1,1],"tid":318}},{"k":[19,8,0,39,0],"v":{"id":1,"t":[1,1],"tid":318}},{"k":[20,8,0,38,0],"v":{"id":1,"t":[1,1],"tid":318}},{"k":[24,8,0,34,0],"v":{"id":1,"t":[1,1],"tid":318}},{"k":[25,8,0,33,0],"v":{"id":1,"t":[1,1],"tid":318}},{"k":[23,8,0,35,0],"v":{"id":1,"t":[1,1],"tid":318}},{"k":[22,8,0,36,0],"v":{"id":1,"t":[1,1],"tid":318}},{"k":[30,0,0,36,0],"v":{"id":1,"t":[5,0],"tid":316}},{"k":[26,0,0,40,0],"v":{"id":1,"t":[5,0],"tid":324}},{"k":[31,0,0,35,0],"v":{"id":1,"t":[5,0],"tid":471}},{"k":[27,0,0,39,0],"v":{"id":1,"t":[5,0],"tid":471}},{"k":[29,0,0,37,0],"v":{"id":1,"t":[5,0],"tid":584}},{"k":[28,0,0,38,0],"v":{"id":1,"t":[1,1],"tid":372}},{"k":[27,8,0,36,0],"v":{"id":1,"t":[1,1],"tid":318}},{"k":[26,8,0,37,0],"v":{"id":1,"t":[1,1],"tid":318}},{"k":[28,8,0,35,0],"v":{"id":1,"t":[1,1],"tid":318}},{"k":[22,8,0,41,0],"v":{"id":1,"t":[1,1],"tid":324}},{"k":[31,8,0,32,0],"v":{"id":1,"t":[1,1],"tid":370}},{"k":[23,8,0,40,0],"v":{"id":1,"t":[1,1],"tid":318}},{"k":[29,8,0,34,0],"v":{"id":1,"t":[1,1],"tid":318}},{"k":[30,8,0,33,0],"v":{"id":1,"t":[1,1],"tid":318}},{"k":[25,8,0,38,0],"v":{"id":1,"t":[1,1],"tid":318}},{"k":[24,8,0,39,0],"v":{"id":1,"t":[1,1],"tid":318}},{"k":[27,8,0,37,0],"v":{"id":1,"t":[1,1],"tid":318}},{"k":[28,8,0,36,0],"v":{"id":1,"t":[1,1],"tid":318}},{"k":[23,8,0,41,0],"v":{"id":1,"t":[1,1],"tid":324}},{"k":[31,8,0,33,0],"v":{"id":1,"t":[1,1],"tid":370}},{"k":[24,8,0,40,0],"v":{"id":1,"t":[1,1],"tid":318}},{"k":[29,8,0,35,0],"v":{"id":1,"t":[1,1],"tid":318}},{"k":[30,8,0,34,0],"v":{"id":1,"t":[1,1],"tid":318}},{"k":[26,8,0,38,0],"v":{"id":1,"t":[1,1],"tid":318}},{"k":[25,8,0,39,0],"v":{"id":1,"t":[1,1],"tid":318}},{"k":[27,8,0,34,0],"v":{"id":1,"t":[1,1],"tid":318}},{"k":[26,8,0,35,0],"v":{"id":1,"t":[1,1],"tid":318}},{"k":[25,8,0,36,0],"v":{"id":1,"t":[1,1],"tid":318}},{"k":[24,8,0,37,0],"v":{"id":1,"t":[1,1],"tid":318}},{"k":[20,8,0,41,0],"v":{"id":1,"t":[1,1],"tid":324}},{"k":[22,8,0,39,0],"v":{"id":1,"t":[1,1],"tid":318}},{"k":[21,8,0,40,0],"v":{"id":1,"t":[1,1],"tid":318}},{"k":[29,8,0,32,0],"v":{"id":1,"t":[1,1],"tid":318}},{"k":[28,8,0,33,0],"v":{"id":1,"t":[1,1],"tid":318}},{"k":[23,8,0,38,0],"v":{"id":1,"t":[1,1],"tid":318}},{"k":[30,0,0,39,0],"v":{"id":1,"t":[5,0],"tid":370}},{"k":[29,0,0,40,0],"v":{"id":1,"t":[5,0],"tid":324}},{"k":[25,8,0,37,0],"v":{"id":1,"t":[1,1],"tid":318}},{"k":[26,8,0,36,0],"v":{"id":1,"t":[1,1],"tid":318}},{"k":[28,8,0,34,0],"v":{"id":1,"t":[1,1],"tid":318}},{"k":[27,8,0,35,0],"v":{"id":1,"t":[1,1],"tid":318}},{"k":[21,8,0,41,0],"v":{"id":1,"t":[1,1],"tid":324}},{"k":[23,8,0,39,0],"v":{"id":1,"t":[1,1],"tid":318}},{"k":[22,8,0,40,0],"v":{"id":1,"t":[1,1],"tid":318}},{"k":[29,8,0,33,0],"v":{"id":1,"t":[1,1],"tid":318}},{"k":[30,8,0,32,0],"v":{"id":1,"t":[1,1],"tid":318}},{"k":[24,8,0,38,0],"v":{"id":1,"t":[1,1],"tid":318}},{"k":[30,0,0,40,0],"v":{"id":1,"t":[5,0],"tid":372}},{"k":[18,8,0,33,0],"v":{"id":1,"t":[1,1],"tid":584}},{"k":[19,8,0,32,0],"v":{"id":1,"t":[1,1],"tid":318}},{"k":[16,6,0,37,0],"v":{"id":1,"t":[1,1],"tid":318}},{"k":[17,6,0,36,0],"v":{"id":1,"t":[1,1],"tid":370}},{"k":[19,0,0,40,0],"v":{"id":1,"t":[5,0],"tid":570}},{"k":[27,0,0,32,0],"v":{"id":1,"t":[5,0],"tid":324}},{"k":[20,0,0,39,0],"v":{"id":1,"t":[5,0],"tid":268}},{"k":[21,0,0,38,0],"v":{"id":1,"t":[1,1],"tid":570}},{"k":[25,0,0,34,0],"v":{"id":1,"t":[1,1],"tid":324}},{"k":[22,0,0,37,0],"v":{"id":1,"t":[1,1],"tid":268}},{"k":[23,0,0,36,0],"v":{"id":1,"t":[2,1],"tid":570}},{"k":[24,0,0,35,0],"v":{"id":1,"t":[2,1],"tid":471}},{"k":[21,1,0,37,0],"v":{"id":1,"t":[1,1],"tid":477}},{"k":[26,0,0,33,0],"v":{"id":1,"t":[1,1],"tid":471}},{"k":[18,8,0,34,0],"v":{"id":1,"t":[1,1],"tid":584}},{"k":[20,8,0,32,0],"v":{"id":1,"t":[1,1],"tid":318}},{"k":[19,8,0,33,0],"v":{"id":1,"t":[1,1],"tid":318}},{"k":[17,6,0,37,0],"v":{"id":1,"t":[1,1],"tid":370}},{"k":[16,6,0,38,0],"v":{"id":1,"t":[1,1],"tid":318}},{"k":[20,0,0,40,0],"v":{"id":1,"t":[5,0],"tid":324}},{"k":[28,0,0,32,0],"v":{"id":1,"t":[5,0],"tid":324}},{"k":[21,0,0,39,0],"v":{"id":1,"t":[5,0],"tid":471}},{"k":[27,0,0,33,0],"v":{"id":1,"t":[1,1],"tid":471}},{"k":[22,0,0,38,0],"v":{"id":1,"t":[1,1],"tid":324}},{"k":[26,0,0,34,0],"v":{"id":1,"t":[1,1],"tid":324}},{"k":[23,0,0,37,0],"v":{"id":1,"t":[1,1],"tid":471}},{"k":[24,0,0,36,0],"v":{"id":1,"t":[2,1],"tid":324}},{"k":[25,0,0,35,0],"v":{"id":1,"t":[2,1],"tid":471}},{"k":[22,1,0,37,0],"v":{"id":1,"t":[1,1],"tid":413}},{"k":[17,6,0,34,0],"v":{"id":1,"t":[1,1],"tid":370}},{"k":[16,6,0,35,0],"v":{"id":1,"t":[1,1],"tid":318}},{"k":[19,0,0,38,0],"v":{"id":1,"t":[5,0],"tid":584}},{"k":[20,0,0,37,0],"v":{"id":1,"t":[5,0],"tid":370}},{"k":[24,0,0,33,0],"v":{"id":1,"t":[1,1],"tid":471}},{"k":[21,0,0,36,0],"v":{"id":1,"t":[1,1],"tid":584}},{"k":[23,0,0,34,0],"v":{"id":1,"t":[1,1],"tid":324}},{"k":[22,0,0,35,0],"v":{"id":1,"t":[1,1],"tid":370}},{"k":[19,1,0,37,0],"v":{"id":1,"t":[1,1],"tid":211}},{"k":[25,0,0,32,0],"v":{"id":1,"t":[5,0],"tid":324}},{"k":[18,8,0,32,0],"v":{"id":1,"t":[1,1],"tid":584}},{"k":[17,6,0,35,0],"v":{"id":1,"t":[1,1],"tid":370}},{"k":[16,6,0,36,0],"v":{"id":1,"t":[1,1],"tid":318}},{"k":[19,0,0,39,0],"v":{"id":1,"t":[5,0],"tid":584}},{"k":[26,0,0,32,0],"v":{"id":1,"t":[5,0],"tid":324}},{"k":[20,0,0,38,0],"v":{"id":1,"t":[5,0],"tid":370}},{"k":[21,0,0,37,0],"v":{"id":1,"t":[1,1],"tid":584}},{"k":[24,0,0,34,0],"v":{"id":1,"t":[1,1],"tid":324}},{"k":[22,0,0,36,0],"v":{"id":1,"t":[1,1],"tid":370}},{"k":[23,0,0,35,0],"v":{"id":1,"t":[2,1],"tid":225}},{"k":[20,1,0,37,0],"v":{"id":1,"t":[1,1],"tid":477}},{"k":[25,0,0,33,0],"v":{"id":1,"t":[1,1],"tid":471}},{"k":[21,8,0,34,0],"v":{"id":1,"t":[1,1],"tid":318}},{"k":[22,8,0,33,0],"v":{"id":1,"t":[1,1],"tid":318}},{"k":[23,8,0,32,0],"v":{"id":1,"t":[1,1],"tid":318}},{"k":[20,8,0,35,0],"v":{"id":1,"t":[1,1],"tid":318}},{"k":[19,8,0,36,0],"v":{"id":1,"t":[1,1],"tid":318}},{"k":[17,6,0,40,0],"v":{"id":1,"t":[1,1],"tid":372}},{"k":[18,8,0,37,0],"v":{"id":1,"t":[1,1],"tid":584}},{"k":[30,0,0,33,0],"v":{"id":1,"t":[5,0],"tid":370}},{"k":[23,0,0,40,0],"v":{"id":1,"t":[5,0],"tid":324}},{"k":[24,0,0,39,0],"v":{"id":1,"t":[5,0],"tid":471}},{"k":[29,0,0,34,0],"v":{"id":1,"t":[5,0],"tid":584}},{"k":[28,0,0,35,0],"v":{"id":1,"t":[1,1],"tid":370}},{"k":[25,0,0,38,0],"v":{"id":1,"t":[1,1],"tid":324}},{"k":[27,0,0,36,0],"v":{"id":1,"t":[1,1],"tid":584}},{"k":[26,0,0,37,0],"v":{"id":1,"t":[1,1],"tid":471}},{"k":[21,8,0,35,0],"v":{"id":1,"t":[1,1],"tid":318}},{"k":[22,8,0,34,0],"v":{"id":1,"t":[1,1],"tid":318}},{"k":[20,8,0,36,0],"v":{"id":1,"t":[1,1],"tid":318}},{"k":[18,8,0,38,0],"v":{"id":1,"t":[1,1],"tid":584}},{"k":[24,8,0,32,0],"v":{"id":1,"t":[1,1],"tid":318}},{"k":[19,8,0,37,0],"v":{"id":1,"t":[1,1],"tid":318}},{"k":[23,8,0,33,0],"v":{"id":1,"t":[1,1],"tid":318}},{"k":[30,0,0,34,0],"v":{"id":1,"t":[5,0],"tid":370}},{"k":[24,0,0,40,0],"v":{"id":1,"t":[5,0],"tid":324}},{"k":[25,0,0,39,0],"v":{"id":1,"t":[5,0],"tid":471}},{"k":[29,0,0,35,0],"v":{"id":1,"t":[5,0],"tid":584}},{"k":[28,0,0,36,0],"v":{"id":1,"t":[1,1],"tid":370}},{"k":[26,0,0,38,0],"v":{"id":1,"t":[1,1],"tid":324}},{"k":[27,0,0,37,0],"v":{"id":1,"t":[1,1],"tid":62}},{"k":[21,8,0,32,0],"v":{"id":1,"t":[1,1],"tid":318}},{"k":[20,8,0,33,0],"v":{"id":1,"t":[1,1],"tid":318}},{"k":[19,8,0,34,0],"v":{"id":1,"t":[1,1],"tid":318}},{"k":[17,6,0,38,0],"v":{"id":1,"t":[1,1],"tid":370}},{"k":[16,6,0,39,0],"v":{"id":1,"t":[1,1],"tid":318}},{"k":[18,8,0,35,0],"v":{"id":1,"t":[1,1],"tid":584}},{"k":[21,0,0,40,0],"v":{"id":1,"t":[5,0],"tid":324}},{"k":[29,0,0,32,0],"v":{"id":1,"t":[5,0],"tid":308}},{"k":[22,0,0,39,0],"v":{"id":1,"t":[5,0],"tid":471}},{"k":[28,0,0,33,0],"v":{"id":1,"t":[1,1],"tid":423}},{"k":[23,0,0,38,0],"v":{"id":1,"t":[1,1],"tid":324}},{"k":[27,0,0,34,0],"v":{"id":1,"t":[1,1],"tid":308}},{"k":[24,0,0,37,0],"v":{"id":1,"t":[1,1],"tid":471}},{"k":[25,0,0,36,0],"v":{"id":1,"t":[2,1],"tid":324}},{"k":[26,0,0,35,0],"v":{"id":1,"t":[2,1],"tid":423}},{"k":[22,1,0,38,0],"v":{"id":1,"t":[1,1],"tid":636}},{"k":[22,8,0,32,0],"v":{"id":1,"t":[1,1],"tid":318}},{"k":[21,8,0,33,0],"v":{"id":1,"t":[1,1],"tid":318}},{"k":[20,8,0,34,0],"v":{"id":1,"t":[1,1],"tid":318}},{"k":[19,8,0,35,0],"v":{"id":1,"t":[1,1],"tid":318}},{"k":[17,6,0,39,0],"v":{"id":1,"t":[1,1],"tid":370}},{"k":[16,6,0,40,0],"v":{"id":1,"t":[1,1],"tid":324}},{"k":[18,8,0,36,0],"v":{"id":1,"t":[1,1],"tid":584}},{"k":[30,0,0,32,0],"v":{"id":1,"t":[5,0],"tid":370}},{"k":[22,0,0,40,0],"v":{"id":1,"t":[5,0],"tid":324}},{"k":[23,0,0,39,0],"v":{"id":1,"t":[5,0],"tid":471}},{"k":[29,0,0,33,0],"v":{"id":1,"t":[5,0],"tid":584}},{"k":[28,0,0,34,0],"v":{"id":1,"t":[1,1],"tid":370}},{"k":[24,0,0,38,0],"v":{"id":1,"t":[1,1],"tid":324}},{"k":[27,0,0,35,0],"v":{"id":1,"t":[1,1],"tid":584}},{"k":[25,0,0,37,0],"v":{"id":1,"t":[1,1],"tid":471}},{"k":[26,0,0,36,0],"v":{"id":1,"t":[2,1],"tid":372}},{"k":[22,1,0,39,0],"v":{"id":1,"t":[1,1],"tid":618}},{"k":[19,0,0,32,0],"v":{"id":1,"t":[5,0],"tid":584}},{"k":[17,0,0,34,0],"v":{"id":1,"t":[5,0],"tid":370}},{"k":[16,0,0,35,0],"v":{"id":1,"t":[5,0],"tid":584}},{"k":[19,0,0,33,0],"v":{"id":1,"t":[5,0],"tid":584}},{"k":[20,0,0,32,0],"v":{"id":1,"t":[5,0],"tid":316}},{"k":[17,0,0,35,0],"v":{"id":1,"t":[5,0],"tid":268}},{"k":[16,0,0,36,0],"v":{"id":1,"t":[5,0],"tid":584}},{"k":[17,0,0,32,0],"v":{"id":1,"t":[5,0],"tid":423}},{"k":[16,0,0,33,0],"v":{"id":1,"t":[5,0],"tid":308}},{"k":[17,0,0,33,0],"v":{"id":1,"t":[5,0],"tid":370}},{"k":[16,0,0,34,0],"v":{"id":1,"t":[5,0],"tid":584}},{"k":[17,6,0,32,0],"v":{"id":1,"t":[1,1],"tid":370}},{"k":[16,6,0,33,0],"v":{"id":1,"t":[1,1],"tid":318}},{"k":[19,0,0,36,0],"v":{"id":1,"t":[5,0],"tid":308}},{"k":[17,0,0,38,0],"v":{"id":1,"t":[5,0],"tid":370}},{"k":[16,0,0,39,0],"v":{"id":1,"t":[5,0],"tid":324}},{"k":[23,0,0,32,0],"v":{"id":1,"t":[5,0],"tid":324}},{"k":[20,0,0,35,0],"v":{"id":1,"t":[5,0],"tid":370}},{"k":[22,0,0,33,0],"v":{"id":1,"t":[1,1],"tid":471}},{"k":[21,0,0,34,0],"v":{"id":1,"t":[1,1],"tid":584}},{"k":[16,6,0,34,0],"v":{"id":1,"t":[1,1],"tid":318}},{"k":[17,6,0,33,0],"v":{"id":1,"t":[1,1],"tid":370}},{"k":[19,0,0,37,0],"v":{"id":1,"t":[5,0],"tid":584}},{"k":[17,0,0,39,0],"v":{"id":1,"t":[5,0],"tid":372}},{"k":[24,0,0,32,0],"v":{"id":1,"t":[5,0],"tid":324}},{"k":[20,0,0,36,0],"v":{"id":1,"t":[5,0],"tid":370}},{"k":[23,0,0,33,0],"v":{"id":1,"t":[1,1],"tid":471}},{"k":[21,0,0,35,0],"v":{"id":1,"t":[1,1],"tid":584}},{"k":[22,0,0,34,0],"v":{"id":1,"t":[1,1],"tid":316}},{"k":[19,0,0,34,0],"v":{"id":1,"t":[5,0],"tid":584}},{"k":[18,0,0,35,0],"v":{"id":1,"t":[5,0],"tid":471}},{"k":[17,0,0,36,0],"v":{"id":1,"t":[5,0],"tid":316}},{"k":[21,0,0,32,0],"v":{"id":1,"t":[5,0],"tid":324}},{"k":[20,0,0,33,0],"v":{"id":1,"t":[5,0],"tid":370}},{"k":[16,0,0,37,0],"v":{"id":1,"t":[5,0],"tid":584}},{"k":[16,6,0,32,0],"v":{"id":1,"t":[1,1],"tid":318}},{"k":[19,0,0,35,0],"v":{"id":1,"t":[5,0],"tid":62}},{"k":[18,0,0,36,0],"v":{"id":1,"t":[5,0],"tid":324}},{"k":[17,0,0,37,0],"v":{"id":1,"t":[5,0],"tid":370}},{"k":[22,0,0,32,0],"v":{"id":1,"t":[5,0],"tid":324}},{"k":[20,0,0,34,0],"v":{"id":1,"t":[5,0],"tid":370}},{"k":[21,0,0,33,0],"v":{"id":1,"t":[1,1],"tid":225}},{"k":[16,0,0,38,0],"v":{"id":1,"t":[5,0],"tid":62}},{"k":[16,0,0,32,0],"v":{"id":1,"t":[5,0],"tid":471}}],"floors":[{"k":[16,0,0,43,0],"v":{"t":[0,0]}},{"k":[17,0,0,42,0],"v":{"t":[0,0]}},{"k":[18,0,0,41,0],"v":{"t":[0,0]}},{"k":[16,0,0,44,0],"v":{"t":[0,0]}},{"k":[17,0,0,43,0],"v":{"t":[0,0]}},{"k":[18,0,0,42,0],"v":{"t":[0,0]}},{"k":[19,0,0,41,0],"v":{"t":[0,0]}},{"k":[18,0,0,39,0],"v":{"t":[0,0]}},{"k":[16,0,0,41,0],"v":{"t":[0,0]}},{"k":[17,0,0,40,0],"v":{"t":[0,0]}},{"k":[16,0,0,42,0],"v":{"t":[0,0]}},{"k":[17,0,0,41,0],"v":{"t":[0,0]}},{"k":[18,0,0,40,0],"v":{"t":[0,0]}},{"k":[31,0,0,32,0],"v":{"t":[0,0]}},{"k":[18,0,0,45,0],"v":{"t":[0,0]}},{"k":[19,0,0,44,0],"v":{"t":[0,0]}},{"k":[17,0,0,46,0],"v":{"t":[0,0]}},{"k":[20,0,0,43,0],"v":{"t":[0,0]}},{"k":[16,0,0,47,0],"v":{"t":[0,0]}},{"k":[21,0,0,42,0],"v":{"t":[0,0]}},{"k":[22,0,0,41,0],"v":{"t":[0,0]}},{"k":[31,0,0,33,0],"v":{"t":[0,0]}},{"k":[19,0,0,45,0],"v":{"t":[0,0]}},{"k":[18,0,0,46,0],"v":{"t":[0,0]}},{"k":[20,0,0,44,0],"v":{"t":[0,0]}},{"k":[17,0,0,47,0],"v":{"t":[0,0]}},{"k":[21,0,0,43,0],"v":{"t":[0,0]}},{"k":[22,0,0,42,0],"v":{"t":[0,0]}},{"k":[23,0,0,41,0],"v":{"t":[0,0]}},{"k":[16,0,0,45,0],"v":{"t":[0,0]}},{"k":[17,0,0,44,0],"v":{"t":[0,0]}},{"k":[18,0,0,43,0],"v":{"t":[0,0]}},{"k":[19,0,0,42,0],"v":{"t":[0,0]}},{"k":[20,0,0,41,0],"v":{"t":[0,0]}},{"k":[17,0,0,45,0],"v":{"t":[0,0]}},{"k":[18,0,0,44,0],"v":{"t":[0,0]}},{"k":[19,0,0,43,0],"v":{"t":[0,0]}},{"k":[16,0,0,46,0],"v":{"t":[0,0]}},{"k":[20,0,0,42,0],"v":{"t":[0,0]}},{"k":[21,0,0,41,0],"v":{"t":[0,0]}},{"k":[18,0,0,33,0],"v":{"t":[0,0]}},{"k":[18,0,0,34,0],"v":{"t":[0,0]}},{"k":[18,0,0,32,0],"v":{"t":[0,0]}},{"k":[18,0,0,37,0],"v":{"t":[0,0]}},{"k":[18,0,0,38,0],"v":{"t":[0,0]}},{"k":[16,0,0,40,0],"v":{"t":[0,0]}},{"k":[30,0,0,45,0],"v":{"t":[0,0]}},{"k":[29,0,0,46,0],"v":{"t":[0,0]}},{"k":[28,0,0,47,0],"v":{"t":[0,0]}},{"k":[31,0,0,44,0],"v":{"t":[0,0]}},{"k":[31,0,0,45,0],"v":{"t":[0,0]}},{"k":[30,0,0,46,0],"v":{"t":[0,0]}},{"k":[29,0,0,47,0],"v":{"t":[0,0]}},{"k":[28,0,0,45,0],"v":{"t":[0,0]}},{"k":[27,0,0,46,0],"v":{"t":[0,0]}},{"k":[26,0,0,47,0],"v":{"t":[0,0]}},{"k":[29,0,0,44,0],"v":{"t":[0,0]}},{"k":[30,0,0,43,0],"v":{"t":[0,0]}},{"k":[31,0,0,42,0],"v":{"t":[0,0]}},{"k":[29,0,0,45,0],"v":{"t":[0,0]}},{"k":[28,0,0,46,0],"v":{"t":[0,0]}},{"k":[27,0,0,47,0],"v":{"t":[0,0]}},{"k":[30,0,0,44,0],"v":{"t":[0,0]}},{"k":[31,0,0,43,0],"v":{"t":[0,0]}},{"k":[31,0,0,46,0],"v":{"t":[0,0]}},{"k":[30,0,0,47,0],"v":{"t":[0,0]}},{"k":[31,0,0,47,0],"v":{"t":[0,0]}},{"k":[22,0,0,45,0],"v":{"t":[0,0]}},{"k":[21,0,0,46,0],"v":{"t":[0,0]}},{"k":[20,0,0,47,0],"v":{"t":[0,0]}},{"k":[23,0,0,44,0],"v":{"t":[0,0]}},{"k":[24,0,0,43,0],"v":{"t":[0,0]}},{"k":[25,0,0,42,0],"v":{"t":[0,0]}},{"k":[26,0,0,41,0],"v":{"t":[0,0]}},{"k":[31,0,0,37,0],"v":{"t":[0,0]}},{"k":[23,0,0,45,0],"v":{"t":[0,0]}},{"k":[22,0,0,46,0],"v":{"t":[0,0]}},{"k":[21,0,0,47,0],"v":{"t":[0,0]}},{"k":[24,0,0,44,0],"v":{"t":[0,0]}},{"k":[25,0,0,43,0],"v":{"t":[0,0]}},{"k":[26,0,0,42,0],"v":{"t":[0,0]}},{"k":[27,0,0,41,0],"v":{"t":[0,0]}},{"k":[31,0,0,34,0],"v":{"t":[0,0]}},{"k":[20,0,0,45,0],"v":{"t":[0,0]}},{"k":[19,0,0,46,0],"v":{"t":[0,0]}},{"k":[18,0,0,47,0],"v":{"t":[0,0]}},{"k":[21,0,0,44,0],"v":{"t":[0,0]}},{"k":[22,0,0,43,0],"v":{"t":[0,0]}},{"k":[23,0,0,42,0],"v":{"t":[0,0]}},{"k":[24,0,0,41,0],"v":{"t":[0,0]}},{"k":[21,0,0,45,0],"v":{"t":[0,0]}},{"k":[20,0,0,46,0],"v":{"t":[0,0]}},{"k":[19,0,0,47,0],"v":{"t":[0,0]}},{"k":[22,0,0,44,0],"v":{"t":[0,0]}},{"k":[23,0,0,43,0],"v":{"t":[0,0]}},{"k":[24,0,0,42,0],"v":{"t":[0,0]}},{"k":[25,0,0,41,0],"v":{"t":[0,0]}},{"k":[26,0,0,45,0],"v":{"t":[0,0]}},{"k":[25,0,0,46,0],"v":{"t":[0,0]}},{"k":[24,0,0,47,0],"v":{"t":[0,0]}},{"k":[27,0,0,44,0],"v":{"t":[0,0]}},{"k":[28,0,0,43,0],"v":{"t":[0,0]}},{"k":[29,0,0,42,0],"v":{"t":[0,0]}},{"k":[30,0,0,41,0],"v":{"t":[0,0]}},{"k":[31,0,0,40,0],"v":{"t":[0,0]}},{"k":[27,0,0,45,0],"v":{"t":[0,0]}},{"k":[26,0,0,46,0],"v":{"t":[0,0]}},{"k":[25,0,0,47,0],"v":{"t":[0,0]}},{"k":[28,0,0,44,0],"v":{"t":[0,0]}},{"k":[29,0,0,43,0],"v":{"t":[0,0]}},{"k":[30,0,0,42,0],"v":{"t":[0,0]}},{"k":[31,0,0,41,0],"v":{"t":[0,0]}},{"k":[31,0,0,38,0],"v":{"t":[0,0]}},{"k":[24,0,0,45,0],"v":{"t":[0,0]}},{"k":[23,0,0,46,0],"v":{"t":[0,0]}},{"k":[22,0,0,47,0],"v":{"t":[0,0]}},{"k":[25,0,0,44,0],"v":{"t":[0,0]}},{"k":[26,0,0,43,0],"v":{"t":[0,0]}},{"k":[27,0,0,42,0],"v":{"t":[0,0]}},{"k":[28,0,0,41,0],"v":{"t":[0,0]}},{"k":[31,0,0,39,0],"v":{"t":[0,0]}},{"k":[25,0,0,45,0],"v":{"t":[0,0]}},{"k":[24,0,0,46,0],"v":{"t":[0,0]}},{"k":[23,0,0,47,0],"v":{"t":[0,0]}},{"k":[26,0,0,44,0],"v":{"t":[0,0]}},{"k":[27,0,0,43,0],"v":{"t":[0,0]}},{"k":[28,0,0,42,0],"v":{"t":[0,0]}},{"k":[29,0,0,41,0],"v":{"t":[0,0]}}]},"moun":{"a":[{"k":[26,0,0,41,0],"v":{"hs":8,"l":true,"r":true,"sid":17}},{"k":[27,0,0,41,0],"v":{"hs":8,"l":true,"r":true,"sid":17}},{"k":[31,0,0,37,0],"v":{"b":true,"hs":8,"sid":17}},{"k":[24,0,0,41,0],"v":{"hs":8,"l":true,"r":true,"sid":17}},{"k":[31,0,0,34,0],"v":{"hs":8,"sid":17,"t":true}},{"k":[25,0,0,41,0],"v":{"hs":8,"l":true,"r":true,"sid":17}},{"k":[30,0,0,41,0],"v":{"hs":8,"l":true,"r":true,"sid":17}},{"k":[31,0,0,40,0],"v":{"b":true,"hs":8,"sid":17,"t":true}},{"k":[31,4,0,36,0],"v":{"hs":4,"sid":17,"t":true}},{"k":[31,0,0,41,0],"v":{"hs":8,"l":true,"sid":17,"t":true}},{"k":[28,0,0,41,0],"v":{"hs":8,"l":true,"r":true,"sid":17}},{"k":[31,0,0,38,0],"v":{"b":true,"hs":8,"sid":17,"t":true}},{"k":[29,0,0,41,0],"v":{"hs":8,"l":true,"r":true,"sid":17}},{"k":[31,0,0,39,0],"v":{"b":true,"hs":8,"sid":17,"t":true}},{"k":[31,4,0,35,0],"v":{"b":true,"hs":4,"sid":17}},{"k":[18,0,0,41,0],"v":{"hs":8,"r":true,"sid":17,"t":true}},{"k":[22,0,0,37,0],"v":{"b":true,"l":true,"sid":17}},{"k":[19,0,0,41,0],"v":{"hs":8,"l":true,"r":true,"sid":17}},{"k":[22,0,0,38,0],"v":{"b":true,"sid":17,"t":true}},{"k":[18,0,0,39,0],"v":{"b":true,"hs":8,"sid":17,"t":true}},{"k":[17,0,0,40,0],"v":{"hs":6,"l":true,"sid":17}},{"k":[18,4,0,35,0],"v":{"b":true,"hs":4,"sid":17}},{"k":[20,0,0,37,0],"v":{"l":true,"r":true,"sid":17}},{"k":[18,0,0,40,0],"v":{"b":true,"hs":8,"sid":17,"t":true}},{"k":[18,4,0,36,0],"v":{"hs":4,"sid":17,"t":true}},{"k":[21,0,0,37,0],"v":{"l":true,"r":true,"sid":17}},{"k":[22,0,0,41,0],"v":{"hs":8,"l":true,"r":true,"sid":17}},{"k":[31,0,0,32,0],"v":{"b":true,"hs":8,"sid":17}},{"k":[23,0,0,41,0],"v":{"hs":8,"l":true,"r":true,"sid":17}},{"k":[31,0,0,33,0],"v":{"b":true,"hs":8,"sid":17,"t":true}},{"k":[20,0,0,41,0],"v":{"hs":8,"l":true,"r":true,"sid":17}},{"k":[22,0,0,39,0],"v":{"sid":17,"t":true}},{"k":[21,0,0,41,0],"v":{"hs":8,"l":true,"r":true,"sid":17}},{"k":[18,0,0,33,0],"v":{"b":true,"hs":8,"sid":17,"t":true}},{"k":[18,0,0,34,0],"v":{"hs":8,"sid":17,"t":true}},{"k":[18,0,0,32,0],"v":{"b":true,"hs":8,"sid":17,"t":true}},{"k":[18,0,0,37,0],"v":{"b":true,"hs":8,"sid":17}},{"k":[18,0,0,38,0],"v":{"b":true,"hs":8,"sid":17,"t":true}},{"k":[16,0,0,40,0],"v":{"hs":6,"l":true,"r":true,"sid":17}},{"k":[19,0,0,37,0],"v":{"r":true,"sid":17}}],"o":[]},"objs":{"list":[{"k":[23,0,0,38,0],"v":{"events":[{"id":1,"name":"Hero action","p":[],"r":{"1":{"bh":true,"c":[{"command":[8,"",3,1,1,1,"Welcome to HQ new recruit! This is the residence of the society of good muscicians."],"kind":1},{"command":[8,"",3,1,1,1,"Your new partner is waiting over in the corner."],"kind":1}]}},"sys":false}],"hId":-1,"id":1,"name":"DeskPerson","ooepf":false,"states":[{"cam":true,"climb":false,"dir":false,"gid":33,"gk":4,"id":1,"move":true,"name":"State 1","pix":true,"pos":false,"stop":false,"sx":{"k":12,"v":1},"sy":{"k":12,"v":1},"sz":{"k":12,"v":1},"through":false,"x":0,"y":0}]}},{"k":[29,0,0,39,0],"v":{"events":[{"id":1,"name":"Hero action","p":[],"r":{"1":{"bh":true,"c":[{"command":[8,"",1,1,1,1,"Hello there! Pleased to make your acquaintance."],"kind":1},{"command":[8,"",1,1,1,1,"The first mission that HQ has given us is to bring back\ntonality to the group of tone-deaf musicians\nin the room to the right of us."],"kind":1},{"command":[8,"",1,1,1,1,"If we're successful, we might gain some useful intel\non who or what caused this whole mess in the first place!"],"kind":1},{"command":[0,3,1,0,4,1,0,7,6],"kind":14}]}},"sys":false}],"hId":-1,"id":2,"name":"PartyMember1","ooepf":false,"states":[{"cam":true,"climb":false,"dir":false,"gid":6,"gk":4,"id":1,"move":true,"name":"State 1","pix":true,"pos":false,"stop":false,"sx":{"k":12,"v":1},"sy":{"k":12,"v":1},"sz":{"k":12,"v":1},"through":false,"x":0,"y":0}]}}]},"objs3d":{"a":[{"k":[21,0,0,38,0],"v":{"did":91}},{"k":[19,1,0,37,0],"v":{"did":90}}],"o":[]},"sprites":{"list":[{"k":[30,0,0,45,0],"v":{"f":false,"k":4,"t":[7,7,1,1]}},{"k":[29,0,0,46,0],"v":{"k":4,"t":[5,5,1,1]}},{"k":[29,0,0,47,0],"v":{"f":false,"k":4,"t":[6,7,1,1]}},{"k":[30,0,0,46,0],"v":{"f":false,"k":4,"t":[6,7,1,1]}},{"k":[31,0,0,45,0],"v":{"f":false,"k":4,"t":[6,8,1,1]}},{"k":[27,0,0,46,0],"v":{"f":false,"k":4,"t":[6,7,1,1]}},{"k":[31,0,0,42,0],"v":{"k":4,"t":[6,8,1,1]}},{"k":[30,0,0,43,0],"v":{"k":4,"t":[6,8,1,1]}},{"k":[26,0,0,47,0],"v":{"k":4,"t":[5,5,1,1]}},{"k":[28,0,0,46,0],"v":{"f":false,"k":4,"t":[6,7,1,1]}},{"k":[29,0,0,45,0],"v":{"k":4,"t":[5,5,1,1]}},{"k":[31,0,0,46,0],"v":{"f":false,"k":4,"t":[6,7,1,1]}},{"k":[31,0,0,47,0],"v":{"k":4,"t":[5,5,1,1]}},{"k":[21,0,0,46,0],"v":{"f":false,"k":4,"t":[7,7,1,1]}},{"k":[22,0,0,45,0],"v":{"f":false,"k":4,"t":[6,8,1,1]}},{"k":[24,0,0,43,0],"v":{"k":4,"t":[6,8,1,1]}},{"k":[20,0,0,47,0],"v":{"f":false,"k":4,"t":[5,5,1,1]}},{"k":[21,0,0,47,0],"v":{"f":false,"k":4,"t":[6,7,1,1]}},{"k":[24,0,0,44,0],"v":{"f":false,"k":4,"t":[6,7,1,1]}},{"k":[23,0,0,45,0],"v":{"f":false,"k":4,"t":[6,7,1,1]}},{"k":[22,0,0,46,0],"v":{"f":false,"k":4,"t":[6,8,1,1]}},{"k":[25,0,0,43,0],"v":{"k":4,"t":[5,5,1,1]}},{"k":[19,0,0,46,0],"v":{"f":false,"k":4,"t":[6,7,1,1]}},{"k":[20,0,0,45,0],"v":{"f":false,"k":4,"t":[6,8,1,1]}},{"k":[24,0,0,41,0],"v":{"k":4,"t":[6,8,1,1]}},{"k":[22,0,0,43,0],"v":{"k":4,"t":[6,8,1,1]}},{"k":[20,0,0,46,0],"v":{"f":false,"k":4,"t":[6,7,1,1]}},{"k":[24,0,0,42,0],"v":{"k":4,"t":[6,8,1,1]}},{"k":[23,0,0,43,0],"v":{"k":4,"t":[6,8,1,1]}},{"k":[21,0,0,45,0],"v":{"k":4,"t":[5,5,1,1]}},{"k":[25,0,0,46,0],"v":{"f":false,"k":4,"t":[6,7,1,1]}},{"k":[26,0,0,45,0],"v":{"f":false,"k":4,"t":[7,7,1,1]}},{"k":[28,0,0,43,0],"v":{"k":4,"t":[6,8,1,1]}},{"k":[24,0,0,47,0],"v":{"k":4,"t":[5,5,1,1]}},{"k":[27,0,0,45,0],"v":{"f":false,"k":4,"t":[6,7,1,1]}},{"k":[26,0,0,46,0],"v":{"f":false,"k":4,"t":[6,7,1,1]}},{"k":[29,0,0,43,0],"v":{"k":4,"t":[6,8,1,1]}},{"k":[28,0,0,44,0],"v":{"k":4,"t":[6,8,1,1]}},{"k":[24,0,0,45,0],"v":{"f":false,"k":4,"t":[6,7,1,1]}},{"k":[23,0,0,46,0],"v":{"f":false,"k":4,"t":[6,8,1,1]}},{"k":[26,0,0,43,0],"v":{"k":4,"t":[6,8,1,1]}},{"k":[26,0,0,44,0],"v":{"f":false,"k":4,"t":[6,7,1,1]}},{"k":[24,0,0,46,0],"v":{"f":false,"k":4,"t":[6,7,1,1]}},{"k":[25,0,0,45,0],"v":{"f":false,"k":4,"t":[7,7,1,1]}},{"k":[27,0,0,43,0],"v":{"k":4,"t":[6,8,1,1]}},{"k":[18,0,0,41,0],"v":{"k":4,"t":[6,8,1,1]}},{"k":[16,0,0,44,0],"v":{"f":false,"k":4,"t":[6,7,1,1]}},{"k":[21,0,0,39,0],"v":{"k":4,"t":[6,8,1,1]}},{"k":[22,0,0,38,0],"v":{"k":4,"t":[6,8,1,1]}},{"k":[18,0,0,42,0],"v":{"k":4,"t":[6,8,1,1]}},{"k":[18,0,0,45,0],"v":{"f":false,"k":4,"t":[7,7,1,1]}},{"k":[20,0,0,43,0],"v":{"k":4,"t":[6,8,1,1]}},{"k":[16,0,0,47,0],"v":{"f":false,"k":4,"t":[5,5,1,1]}},{"k":[18,0,0,46,0],"v":{"f":false,"k":4,"t":[6,8,1,1]}},{"k":[19,0,0,45,0],"v":{"f":false,"k":4,"t":[6,8,1,1]}},{"k":[21,0,0,43,0],"v":{"k":4,"t":[6,8,1,1]}},{"k":[16,0,0,45,0],"v":{"f":false,"k":4,"t":[6,8,1,1]}},{"k":[22,0,0,39,0],"v":{"k":4,"t":[6,8,1,1]}},{"k":[20,0,0,41,0],"v":{"f":false,"k":4,"t":[6,8,1,1]}},{"k":[17,0,0,45,0],"v":{"f":false,"k":4,"t":[7,7,1,1]}},{"k":[19,0,0,43,0],"v":{"k":4,"t":[6,8,1,1]}},{"k":[21,0,0,41,0],"v":{"k":4,"t":[5,5,1,1]}},{"k":[20,0,0,42,0],"v":{"k":4,"t":[5,5,1,1]}},{"k":[16,0,0,46,0],"v":{"f":false,"k":4,"t":[5,5,1,1]}}],"overflow":[],"walls":[]}}