{"lands":{"autotiles":[{"k":[23,0,0,8,0],"v":{"id":1,"t":[4,0],"tid":584}},{"k":[26,0,0,5,0],"v":{"id":1,"t":[4,0],"tid":370}},{"k":[24,0,0,7,0],"v":{"id":1,"t":[4,0],"tid":318}},{"k":[25,0,0,6,0],"v":{"id":1,"t":[4,0],"tid":318}},{"k":[23,0,0,9,0],"v":{"id":1,"t":[4,0],"tid":584}},{"k":[26,0,0,6,0],"v":{"id":1,"t":[4,0],"tid":370}},{"k":[24,0,0,8,0],"v":{"id":1,"t":[4,0],"tid":318}},{"k":[25,0,0,7,0],"v":{"id":1,"t":[4,0],"tid":318}},{"k":[23,0,0,6,0],"v":{"id":1,"t":[4,0],"tid":584}},{"k":[24,0,0,5,0],"v":{"id":1,"t":[4,0],"tid":318}},{"k":[25,0,0,4,0],"v":{"id":1,"t":[4,0],"tid":318}},{"k":[26,0,0,3,0],"v":{"id":1,"t":[4,0],"tid":370}},{"k":[23,0,0,7,0],"v":{"id":1,"t":[4,0],"tid":584}},{"k":[25,0,0,5,0],"v":{"id":1,"t":[4,0],"tid":318}},{"k":[26,0,0,4,0],"v":{"id":1,"t":[4,0],"tid":370}},{"k":[24,0,0,6,0],"v":{"id":1,"t":[4,0],"tid":318}},{"k":[23,0,0,4,0],"v":{"id":1,"t":[4,0],"tid":584}},{"k":[26,0,0,1,0],"v":{"id":1,"t":[4,0],"tid":423}},{"k":[25,0,0,2,0],"v":{"id":1,"t":[4,0],"tid":318}},{"k":[24,0,0,3,0],"v":{"id":1,"t":[4,0],"tid":318}},{"k":[23,0,0,5,0],"v":{"id":1,"t":[4,0],"tid":584}},{"k":[26,0,0,2,0],"v":{"id":1,"t":[4,0],"tid":370}},{"k":[24,0,0,4,0],"v":{"id":1,"t":[4,0],"tid":318}},{"k":[25,0,0,3,0],"v":{"id":1,"t":[4,0],"tid":318}},{"k":[24,0,0,1,0],"v":{"id":1,"t":[4,0],"tid":62}},{"k":[25,0,0,0,0],"v":{"id":1,"t":[4,0],"tid":423}},{"k":[23,0,0,2,0],"v":{"id":1,"t":[4,0],"tid":584}},{"k":[23,0,0,3,0],"v":{"id":1,"t":[4,0],"tid":584}},{"k":[24,0,0,2,0],"v":{"id":1,"t":[4,0],"tid":318}},{"k":[25,0,0,1,0],"v":{"id":1,"t":[4,0],"tid":268}},{"k":[26,0,0,13,0],"v":{"id":1,"t":[4,0],"tid":370}},{"k":[25,0,0,14,0],"v":{"id":1,"t":[4,0],"tid":318}},{"k":[24,0,0,15,0],"v":{"id":1,"t":[4,0],"tid":324}},{"k":[26,0,0,14,0],"v":{"id":1,"t":[4,0],"tid":370}},{"k":[25,0,0,15,0],"v":{"id":1,"t":[4,0],"tid":308}},{"k":[23,0,0,14,0],"v":{"id":1,"t":[4,0],"tid":584}},{"k":[24,0,0,13,0],"v":{"id":1,"t":[4,0],"tid":318}},{"k":[25,0,0,12,0],"v":{"id":1,"t":[4,0],"tid":318}},{"k":[26,0,0,11,0],"v":{"id":1,"t":[4,0],"tid":370}},{"k":[23,0,0,15,0],"v":{"id":1,"t":[4,0],"tid":582}},{"k":[26,0,0,12,0],"v":{"id":1,"t":[4,0],"tid":370}},{"k":[25,0,0,13,0],"v":{"id":1,"t":[4,0],"tid":318}},{"k":[24,0,0,14,0],"v":{"id":1,"t":[4,0],"tid":318}},{"k":[23,0,0,12,0],"v":{"id":1,"t":[4,0],"tid":584}},{"k":[25,0,0,10,0],"v":{"id":1,"t":[4,0],"tid":318}},{"k":[24,0,0,11,0],"v":{"id":1,"t":[4,0],"tid":318}},{"k":[26,0,0,9,0],"v":{"id":1,"t":[4,0],"tid":370}},{"k":[23,0,0,13,0],"v":{"id":1,"t":[4,0],"tid":584}},{"k":[24,0,0,12,0],"v":{"id":1,"t":[4,0],"tid":318}},{"k":[25,0,0,11,0],"v":{"id":1,"t":[4,0],"tid":318}},{"k":[26,0,0,10,0],"v":{"id":1,"t":[4,0],"tid":370}},{"k":[23,0,0,10,0],"v":{"id":1,"t":[4,0],"tid":584}},{"k":[26,0,0,7,0],"v":{"id":1,"t":[4,0],"tid":370}},{"k":[25,0,0,8,0],"v":{"id":1,"t":[4,0],"tid":318}},{"k":[24,0,0,9,0],"v":{"id":1,"t":[4,0],"tid":318}},{"k":[23,0,0,11,0],"v":{"id":1,"t":[4,0],"tid":584}},{"k":[26,0,0,8,0],"v":{"id":1,"t":[4,0],"tid":370}},{"k":[25,0,0,9,0],"v":{"id":1,"t":[4,0],"tid":318}},{"k":[24,0,0,10,0],"v":{"id":1,"t":[4,0],"tid":318}},{"k":[23,0,0,1,0],"v":{"id":1,"t":[4,0],"tid":225}},{"k":[24,0,0,0,0],"v":{"id":1,"t":[4,0],"tid":225}},{"k":[26,0,0,15,0],"v":{"id":1,"t":[4,0],"tid":370}}],"floors":[{"k":[30,0,0,15,0],"v":{"t":[0,0]}},{"k":[31,0,0,14,0],"v":{"t":[0,0]}},{"k":[31,0,0,15,0],"v":{"t":[0,0]}},{"k":[28,0,0,15,0],"v":{"t":[0,0]}},{"k":[29,0,0,14,0],"v":{"t":[0,0]}},{"k":[30,0,0,13,0],"v":{"t":[0,0]}},{"k":[31,0,0,12,0],"v":{"t":[0,0]}},{"k":[29,0,0,15,0],"v":{"t":[0,0]}},{"k":[30,0,0,14,0],"v":{"t":[0,0]}},{"k":[31,0,0,13,0],"v":{"t":[0,0]}},{"k":[27,0,0,14,0],"v":{"t":[0,0]}},{"k":[28,0,0,13,0],"v":{"t":[0,0]}},{"k":[29,0,0,12,0],"v":{"t":[0,0]}},{"k":[30,0,0,11,0],"v":{"t":[0,0]}},{"k":[31,0,0,10,0],"v":{"t":[0,0]}},{"k":[27,0,0,15,0],"v":{"t":[0,0]}},{"k":[28,0,0,14,0],"v":{"t":[0,0]}},{"k":[29,0,0,13,0],"v":{"t":[0,0]}},{"k":[30,0,0,12,0],"v":{"t":[0,0]}},{"k":[31,0,0,11,0],"v":{"t":[0,0]}},{"k":[16,0,0,15,0],"v":{"t":[0,0]}},{"k":[17,0,0,14,0],"v":{"t":[0,0]}},{"k":[18,0,0,13,0],"v":{"t":[0,0]}},{"k":[19,0,0,12,0],"v":{"t":[0,0]}},{"k":[20,0,0,11,0],"v":{"t":[0,0]}},{"k":[21,0,0,10,0],"v":{"t":[0,0]}},{"k":[22,0,0,9,0],"v":{"t":[0,0]}},{"k":[27,0,0,4,0],"v":{"t":[0,0]}},{"k":[28,0,0,3,0],"v":{"t":[0,0]}},{"k":[29,0,0,2,0],"v":{"t":[0,0]}},{"k":[30,0,0,1,0],"v":{"t":[0,0]}},{"k":[31,0,0,0,0],"v":{"t":[0,0]}},{"k":[26,5,0,0,0],"v":{"t":[0,0]}},{"k":[17,0,0,15,0],"v":{"t":[0,0]}},{"k":[18,0,0,14,0],"v":{"t":[0,0]}},{"k":[19,0,0,13,0],"v":{"t":[0,0]}},{"k":[20,0,0,12,0],"v":{"t":[0,0]}},{"k":[21,0,0,11,0],"v":{"t":[0,0]}},{"k":[22,0,0,10,0],"v":{"t":[0,0]}},{"k":[27,0,0,5,0],"v":{"t":[0,0]}},{"k":[28,0,0,4,0],"v":{"t":[0,0]}},{"k":[29,0,0,3,0],"v":{"t":[0,0]}},{"k":[30,0,0,2,0],"v":{"t":[0,0]}},{"k":[31,0,0,1,0],"v":{"t":[0,0]}},{"k":[27,5,0,0,0],"v":{"t":[0,0]}},{"k":[16,0,0,13,0],"v":{"t":[0,0]}},{"k":[17,0,0,12,0],"v":{"t":[0,0]}},{"k":[18,0,0,11,0],"v":{"t":[0,0]}},{"k":[19,0,0,10,0],"v":{"t":[0,0]}},{"k":[20,0,0,9,0],"v":{"t":[0,0]}},{"k":[21,0,0,8,0],"v":{"t":[0,0]}},{"k":[22,0,0,7,0],"v":{"t":[0,0]}},{"k":[27,0,0,2,0],"v":{"t":[0,0]}},{"k":[28,0,0,1,0],"v":{"t":[0,0]}},{"k":[29,0,0,0,0],"v":{"t":[0,0]}},{"k":[16,0,0,14,0],"v":{"t":[0,0]}},{"k":[17,0,0,13,0],"v":{"t":[0,0]}},{"k":[18,0,0,12,0],"v":{"t":[0,0]}},{"k":[19,0,0,11,0],"v":{"t":[0,0]}},{"k":[20,0,0,10,0],"v":{"t":[0,0]}},{"k":[21,0,0,9,0],"v":{"t":[0,0]}},{"k":[22,0,0,8,0],"v":{"t":[0,0]}},{"k":[27,0,0,3,0],"v":{"t":[0,0]}},{"k":[28,0,0,2,0],"v":{"t":[0,0]}},{"k":[29,0,0,1,0],"v":{"t":[0,0]}},{"k":[30,0,0,0,0],"v":{"t":[0,0]}},{"k":[16,0,0,11,0],"v":{"t":[0,0]}},{"k":[17,0,0,10,0],"v":{"t":[0,0]}},{"k":[18,0,0,9,0],"v":{"t":[0,0]}},{"k":[19,0,0,8,0],"v":{"t":[0,0]}},{"k":[20,0,0,7,0],"v":{"t":[0,0]}},{"k":[21,0,0,6,0],"v":{"t":[0,0]}},{"k":[22,0,0,5,0],"v":{"t":[0,0]}},{"k":[27,0,0,0,0],"v":{"t":[0,0]}},{"k":[22,5,0,0,0],"v":{"t":[0,0]}},{"k":[16,0,0,12,0],"v":{"t":[0,0]}},{"k":[17,0,0,11,0],"v":{"t":[0,0]}},{"k":[18,0,0,10,0],"v":{"t":[0,0]}},{"k":[19,0,0,9,0],"v":{"t":[0,0]}},{"k":[20,0,0,8,0],"v":{"t":[0,0]}},{"k":[21,0,0,7,0],"v":{"t":[0,0]}},{"k":[22,0,0,6,0],"v":{"t":[0,0]}},{"k":[27,0,0,1,0],"v":{"t":[0,0]}},{"k":[28,0,0,0,0],"v":{"t":[0,0]}},{"k":[23,5,0,0,0],"v":{"t":[0,0]}},{"k":[16,0,0,9,0],"v":{"t":[0,0]}},{"k":[17,0,0,8,0],"v":{"t":[0,0]}},{"k":[18,0,0,7,0],"v":{"t":[0,0]}},{"k":[19,0,0,6,0],"v":{"t":[0,0]}},{"k":[20,0,0,5,0],"v":{"t":[0,0]}},{"k":[21,0,0,4,0],"v":{"t":[0,0]}},{"k":[22,0,0,3,0],"v":{"t":[0,0]}},{"k":[20,5,0,0,0],"v":{"t":[0,0]}},{"k":[16,0,0,10,0],"v":{"t":[0,0]}},{"k":[17,0,0,9,0],"v":{"t":[0,0]}},{"k":[18,0,0,8,0],"v":{"t":[0,0]}},{"k":[19,0,0,7,0],"v":{"t":[0,0]}},{"k":[20,0,0,6,0],"v":{"t":[0,0]}},{"k":[21,0,0,5,0],"v":{"t":[0,0]}},{"k":[22,0,0,4,0],"v":{"t":[0,0]}},{"k":[26,0,0,0,0],"v":{"t":[0,0]}},{"k":[21,5,0,0,0],"v":{"t":[0,0]}},{"k":[27,0,0,12,0],"v":{"t":[0,0]}},{"k":[28,0,0,11,0],"v":{"t":[0,0]}},{"k":[29,0,0,10,0],"v":{"t":[0,0]}},{"k":[30,0,0,9,0],"v":{"t":[0,0]}},{"k":[31,0,0,8,0],"v":{"t":[0,0]}},{"k":[27,0,0,13,0],"v":{"t":[0,0]}},{"k":[28,0,0,12,0],"v":{"t":[0,0]}},{"k":[29,0,0,11,0],"v":{"t":[0,0]}},{"k":[30,0,0,10,0],"v":{"t":[0,0]}},{"k":[31,0,0,9,0],"v":{"t":[0,0]}},{"k":[22,0,0,15,0],"v":{"t":[0,0]}},{"k":[27,0,0,10,0],"v":{"t":[0,0]}},{"k":[28,0,0,9,0],"v":{"t":[0,0]}},{"k":[29,0,0,8,0],"v":{"t":[0,0]}},{"k":[30,0,0,7,0],"v":{"t":[0,0]}},{"k":[31,0,0,6,0],"v":{"t":[0,0]}},{"k":[27,0,0,11,0],"v":{"t":[0,0]}},{"k":[28,0,0,10,0],"v":{"t":[0,0]}},{"k":[29,0,0,9,0],"v":{"t":[0,0]}},{"k":[30,0,0,8,0],"v":{"t":[0,0]}},{"k":[31,0,0,7,0],"v":{"t":[0,0]}},{"k":[20,0,0,15,0],"v":{"t":[0,0]}},{"k":[21,0,0,14,0],"v":{"t":[0,0]}},{"k":[22,0,0,13,0],"v":{"t":[0,0]}},{"k":[27,0,0,8,0],"v":{"t":[0,0]}},{"k":[28,0,0,7,0],"v":{"t":[0,0]}},{"k":[29,0,0,6,0],"v":{"t":[0,0]}},{"k":[30,0,0,5,0],"v":{"t":[0,0]}},{"k":[31,0,0,4,0],"v":{"t":[0,0]}},{"k":[30,5,0,0,0],"v":{"t":[0,0]}},{"k":[21,0,0,15,0],"v":{"t":[0,0]}},{"k":[22,0,0,14,0],"v":{"t":[0,0]}},{"k":[27,0,0,9,0],"v":{"t":[0,0]}},{"k":[28,0,0,8,0],"v":{"t":[0,0]}},{"k":[29,0,0,7,0],"v":{"t":[0,0]}},{"k":[30,0,0,6,0],"v":{"t":[0,0]}},{"k":[31,0,0,5,0],"v":{"t":[0,0]}},{"k":[31,5,0,0,0],"v":{"t":[0,0]}},{"k":[18,0,0,15,0],"v":{"t":[0,0]}},{"k":[19,0,0,14,0],"v":{"t":[0,0]}},{"k":[20,0,0,13,0],"v":{"t":[0,0]}},{"k":[21,0,0,12,0],"v":{"t":[0,0]}},{"k":[22,0,0,11,0],"v":{"t":[0,0]}},{"k":[27,0,0,6,0],"v":{"t":[0,0]}},{"k":[28,0,0,5,0],"v":{"t":[0,0]}},{"k":[29,0,0,4,0],"v":{"t":[0,0]}},{"k":[30,0,0,3,0],"v":{"t":[0,0]}},{"k":[31,0,0,2,0],"v":{"t":[0,0]}},{"k":[28,5,0,0,0],"v":{"t":[0,0]}},{"k":[19,0,0,15,0],"v":{"t":[0,0]}},{"k":[20,0,0,14,0],"v":{"t":[0,0]}},{"k":[21,0,0,13,0],"v":{"t":[0,0]}},{"k":[22,0,0,12,0],"v":{"t":[0,0]}},{"k":[27,0,0,7,0],"v":{"t":[0,0]}},{"k":[28,0,0,6,0],"v":{"t":[0,0]}},{"k":[29,0,0,5,0],"v":{"t":[0,0]}},{"k":[30,0,0,4,0],"v":{"t":[0,0]}},{"k":[31,0,0,3,0],"v":{"t":[0,0]}},{"k":[29,5,0,0,0],"v":{"t":[0,0]}},{"k":[16,0,0,0,0],"v":{"t":[0,0]}},{"k":[16,0,0,7,0],"v":{"t":[0,0]}},{"k":[17,0,0,6,0],"v":{"t":[0,0]}},{"k":[18,0,0,5,0],"v":{"t":[0,0]}},{"k":[19,0,0,4,0],"v":{"t":[0,0]}},{"k":[20,0,0,3,0],"v":{"t":[0,0]}},{"k":[21,0,0,2,0],"v":{"t":[0,0]}},{"k":[22,0,0,1,0],"v":{"t":[0,0]}},{"k":[23,0,0,0,0],"v":{"t":[0,0]}},{"k":[18,5,0,0,0],"v":{"t":[0,0]}},{"k":[16,0,0,8,0],"v":{"t":[0,0]}},{"k":[17,0,0,7,0],"v":{"t":[0,0]}},{"k":[18,0,0,6,0],"v":{"t":[0,0]}},{"k":[19,0,0,5,0],"v":{"t":[0,0]}},{"k":[20,0,0,4,0],"v":{"t":[0,0]}},{"k":[21,0,0,3,0],"v":{"t":[0,0]}},{"k":[22,0,0,2,0],"v":{"t":[0,0]}},{"k":[19,5,0,0,0],"v":{"t":[0,0]}},{"k":[16,0,0,5,0],"v":{"t":[0,0]}},{"k":[17,0,0,4,0],"v":{"t":[0,0]}},{"k":[18,0,0,3,0],"v":{"t":[0,0]}},{"k":[19,0,0,2,0],"v":{"t":[0,0]}},{"k":[20,0,0,1,0],"v":{"t":[0,0]}},{"k":[21,0,0,0,0],"v":{"t":[0,0]}},{"k":[16,5,0,0,0],"v":{"t":[0,0]}},{"k":[16,0,0,6,0],"v":{"t":[0,0]}},{"k":[17,0,0,5,0],"v":{"t":[0,0]}},{"k":[18,0,0,4,0],"v":{"t":[0,0]}},{"k":[19,0,0,3,0],"v":{"t":[0,0]}},{"k":[20,0,0,2,0],"v":{"t":[0,0]}},{"k":[21,0,0,1,0],"v":{"t":[0,0]}},{"k":[22,0,0,0,0],"v":{"t":[0,0]}},{"k":[17,5,0,0,0],"v":{"t":[0,0]}},{"k":[16,0,0,3,0],"v":{"t":[0,0]}},{"k":[17,0,0,2,0],"v":{"t":[0,0]}},{"k":[18,0,0,1,0],"v":{"t":[0,0]}},{"k":[19,0,0,0,0],"v":{"t":[0,0]}},{"k":[16,0,0,4,0],"v":{"t":[0,0]}},{"k":[17,0,0,3,0],"v":{"t":[0,0]}},{"k":[18,0,0,2,0],"v":{"t":[0,0]}},{"k":[19,0,0,1,0],"v":{"t":[0,0]}},{"k":[20,0,0,0,0],"v":{"t":[0,0]}},{"k":[16,0,0,1,0],"v":{"t":[0,0]}},{"k":[17,0,0,0,0],"v":{"t":[0,0]}},{"k":[16,0,0,2,0],"v":{"t":[0,0]}},{"k":[17,0,0,1,0],"v":{"t":[0,0]}},{"k":[18,0,0,0,0],"v":{"t":[0,0]}}]},"moun":{"a":[{"k":[22,0,0,0,0],"v":{"hs":5,"l":true,"r":true,"sid":1}},{"k":[29,0,0,0,0],"v":{"hs":5,"l":true,"r":true,"sid":1}},{"k":[19,0,0,0,0],"v":{"hs":5,"l":true,"r":true,"sid":1}},{"k":[30,0,0,0,0],"v":{"hs":5,"l":true,"r":true,"sid":1}},{"k":[20,0,0,0,0],"v":{"hs":5,"l":true,"r":true,"sid":1}},{"k":[27,0,0,0,0],"v":{"hs":5,"l":true,"r":true,"sid":1}},{"k":[17,0,0,0,0],"v":{"hs":5,"l":true,"r":true,"sid":1}},{"k":[28,0,0,0,0],"v":{"hs":5,"l":true,"r":true,"sid":1}},{"k":[18,0,0,0,0],"v":{"hs":5,"l":true,"r":true,"sid":1}},{"k":[26,0,0,0,0],"v":{"hs":5,"r":true,"sid":1}},{"k":[16,0,0,0,0],"v":{"hs":5,"l":true,"r":true,"sid":1}},{"k":[23,0,0,0,0],"v":{"hs":5,"l":true,"sid":1}},{"k":[31,0,0,0,0],"v":{"hs":5,"l":true,"r":true,"sid":1}},{"k":[21,0,0,0,0],"v":{"hs":5,"l":true,"r":true,"sid":1}}],"o":[]},"objs":{"list":[{"k":[25,0,0,0,0],"v":{"events":[{"id":2,"name":"Hero touch","p":[],"r":{"1":{"bh":true,"c":[{"command":[7,0,0,1,47,0,0,15,0,0,0],"kind":20}]}},"sys":false}],"hId":-1,"id":3,"name":"OBJ0002","ooepf":false,"states":[{"cam":true,"climb":false,"dir":false,"gid":-1,"gk":0,"id":1,"move":true,"name":"State 1","pix":true,"pos":false,"stop":false,"sx":{"k":12,"v":1},"sy":{"k":12,"v":1},"sz":{"k":12,"v":1},"through":false,"x":0,"y":0}]}},{"k":[24,0,0,0,0],"v":{"events":[{"id":2,"name":"Hero touch","p":[],"r":{"1":{"bh":true,"c":[{"command":[7,0,0,1,47,0,0,15,0,0,0],"kind":20}]}},"sys":false}],"hId":-1,"id":5,"name":"OBJ0002","ooepf":false,"states":[{"cam":true,"climb":false,"dir":false,"gid":-1,"gk":0,"id":1,"move":true,"name":"State 1","pix":true,"pos":false,"stop":false,"sx":{"k":12,"v":1},"sy":{"k":12,"v":1},"sz":{"k":12,"v":1},"through":false,"x":0,"y":0}]}}]},"objs3d":{"a":[],"o":[]},"sprites":{"list":[{"k":[31,0,0,14,0],"v":{"f":false,"k":4,"t":[7,8,1,1]}},{"k":[31,0,0,15,0],"v":{"f":false,"k":4,"t":[7,8,1,1]}},{"k":[31,0,0,12,0],"v":{"f":false,"k":4,"t":[7,8,1,1]}},{"k":[30,0,0,13,0],"v":{"f":false,"k":4,"t":[6,7,1,1]}},{"k":[29,0,0,14,0],"v":{"f":false,"k":4,"t":[6,7,1,1]}},{"k":[28,0,0,15,0],"v":{"f":false,"k":4,"t":[6,7,1,1]}},{"k":[31,0,0,13,0],"v":{"f":false,"k":4,"t":[6,7,1,1]}},{"k":[30,0,0,14,0],"v":{"f":false,"k":4,"t":[6,7,1,1]}},{"k":[31,0,0,11,0],"v":{"f":false,"k":4,"t":[7,8,1,1]}},{"k":[29,0,0,13,0],"v":{"k":4,"t":[4,5,1,1]}},{"k":[28,0,0,14,0],"v":{"f":false,"k":4,"t":[6,7,1,1]}},{"k":[27,0,0,15,0],"v":{"f":false,"k":4,"t":[6,8,1,1]}},{"k":[22,0,0,9,0],"v":{"f":false,"k":4,"t":[6,7,1,1]}},{"k":[20,0,0,11,0],"v":{"f":false,"k":4,"t":[6,8,1,1]}},{"k":[18,0,0,13,0],"v":{"f":false,"k":4,"t":[5,5,1,1]}},{"k":[22,0,0,10,0],"v":{"f":false,"k":4,"t":[6,7,1,1]}},{"k":[20,0,0,12,0],"v":{"f":false,"k":4,"t":[6,8,1,1]}},{"k":[29,0,0,3,0],"v":{"k":4,"t":[5,5,1,1]}},{"k":[20,0,0,9,0],"v":{"f":false,"k":4,"t":[6,8,1,1]}},{"k":[18,0,0,11,0],"v":{"f":false,"k":4,"t":[6,8,1,1]}},{"k":[17,0,0,12,0],"v":{"f":false,"k":4,"t":[6,8,1,1]}},{"k":[17,0,0,13,0],"v":{"f":false,"k":4,"t":[6,8,1,1]}},{"k":[28,0,0,2,0],"v":{"k":4,"t":[6,8,1,1]}},{"k":[20,0,0,10,0],"v":{"k":4,"t":[4,5,1,1]}},{"k":[21,0,0,6,0],"v":{"f":false,"k":4,"t":[6,7,1,1]}},{"k":[20,0,0,7,0],"v":{"f":false,"k":4,"t":[6,7,1,1]}},{"k":[19,0,0,8,0],"v":{"f":false,"k":4,"t":[6,8,1,1]}},{"k":[17,0,0,10,0],"v":{"k":4,"t":[5,5,1,1]}},{"k":[21,0,0,7,0],"v":{"f":false,"k":4,"t":[6,7,1,1]}},{"k":[20,0,0,8,0],"v":{"f":false,"k":4,"t":[6,7,1,1]}},{"k":[17,0,0,11,0],"v":{"f":false,"k":4,"t":[5,5,1,1]}},{"k":[21,0,0,4,0],"v":{"k":4,"t":[6,7,1,1]}},{"k":[17,0,0,8,0],"v":{"f":false,"k":4,"t":[6,7,1,1]}},{"k":[18,0,0,7,0],"v":{"f":false,"k":4,"t":[7,7,1,1]}},{"k":[20,0,0,5,0],"v":{"f":false,"k":4,"t":[6,8,1,1]}},{"k":[19,0,0,6,0],"v":{"f":false,"k":4,"t":[6,8,1,1]}},{"k":[21,0,0,5,0],"v":{"k":4,"t":[6,7,1,1]}},{"k":[18,0,0,8,0],"v":{"f":false,"k":4,"t":[6,7,1,1]}},{"k":[19,0,0,7,0],"v":{"f":false,"k":4,"t":[6,8,1,1]}},{"k":[29,0,0,10,0],"v":{"k":4,"t":[4,5,1,1]}},{"k":[30,0,0,9,0],"v":{"f":false,"k":4,"t":[6,7,1,1]}},{"k":[28,0,0,11,0],"v":{"f":false,"k":4,"t":[6,8,1,1]}},{"k":[31,0,0,9,0],"v":{"f":false,"k":4,"t":[6,7,1,1]}},{"k":[30,0,0,7,0],"v":{"f":false,"k":4,"t":[6,7,1,1]}},{"k":[29,0,0,8,0],"v":{"f":false,"k":4,"t":[5,5,1,1]}},{"k":[30,0,0,8,0],"v":{"f":false,"k":4,"t":[6,7,1,1]}},{"k":[31,0,0,4,0],"v":{"k":4,"t":[7,8,1,1]}},{"k":[30,0,0,5,0],"v":{"f":false,"k":4,"t":[6,7,1,1]}},{"k":[20,0,0,15,0],"v":{"f":false,"k":4,"t":[6,8,1,1]}},{"k":[29,0,0,6,0],"v":{"f":false,"k":4,"t":[5,5,1,1]}},{"k":[30,0,0,6,0],"v":{"f":false,"k":4,"t":[6,7,1,1]}},{"k":[29,0,0,7,0],"v":{"f":false,"k":4,"t":[6,8,1,1]}},{"k":[22,0,0,11,0],"v":{"f":false,"k":4,"t":[6,7,1,1]}},{"k":[31,0,0,2,0],"v":{"f":false,"k":4,"t":[6,8,1,1]}},{"k":[29,0,0,4,0],"v":{"f":false,"k":4,"t":[6,8,1,1]}},{"k":[30,0,0,3,0],"v":{"f":false,"k":4,"t":[6,8,1,1]}},{"k":[19,0,0,14,0],"v":{"f":false,"k":4,"t":[6,8,1,1]}},{"k":[20,0,0,13,0],"v":{"f":false,"k":4,"t":[4,5,1,1]}},{"k":[31,0,0,3,0],"v":{"k":4,"t":[7,8,1,1]}},{"k":[28,0,0,6,0],"v":{"f":false,"k":4,"t":[7,8,1,1]}},{"k":[22,0,0,12,0],"v":{"f":false,"k":4,"t":[6,7,1,1]}},{"k":[29,0,0,5,0],"v":{"f":false,"k":4,"t":[6,8,1,1]}},{"k":[20,0,0,14,0],"v":{"f":false,"k":4,"t":[6,8,1,1]}},{"k":[19,0,0,15,0],"v":{"f":false,"k":4,"t":[6,8,1,1]}},{"k":[30,0,0,4,0],"v":{"k":4,"t":[5,5,1,1]}},{"k":[18,0,0,5,0],"v":{"f":false,"k":4,"t":[7,7,1,1]}},{"k":[19,0,0,4,0],"v":{"f":false,"k":4,"t":[7,7,1,1]}},{"k":[20,0,0,3,0],"v":{"k":4,"t":[5,5,1,1]}},{"k":[17,0,0,7,0],"v":{"f":false,"k":4,"t":[6,7,1,1]}},{"k":[18,0,0,6,0],"v":{"f":false,"k":4,"t":[6,7,1,1]}},{"k":[20,0,0,4,0],"v":{"f":false,"k":4,"t":[6,8,1,1]}},{"k":[19,0,0,5,0],"v":{"f":false,"k":4,"t":[5,5,1,1]}},{"k":[22,0,0,2,0],"v":{"k":4,"t":[5,5,1,1]}},{"k":[17,0,0,4,0],"v":{"k":4,"t":[7,8,1,1]}},{"k":[18,0,0,3,0],"v":{"f":false,"k":4,"t":[7,7,1,1]}},{"k":[19,0,0,2,0],"v":{"f":false,"k":4,"t":[6,8,1,1]}},{"k":[18,0,0,4,0],"v":{"f":false,"k":4,"t":[7,7,1,1]}},{"k":[19,0,0,3,0],"v":{"f":false,"k":4,"t":[7,7,1,1]}},{"k":[16,0,0,6,0],"v":{"f":false,"k":4,"t":[5,5,1,1]}},{"k":[17,0,0,2,0],"v":{"k":4,"t":[6,7,1,1]}},{"k":[18,0,0,1,0],"v":{"f":false,"k":4,"t":[6,8,1,1]}},{"k":[17,0,0,3,0],"v":{"k":4,"t":[6,7,1,1]}},{"k":[18,0,0,2,0],"v":{"k":4,"t":[5,5,1,1]}},{"k":[16,0,0,1,0],"v":{"k":4,"t":[6,7,1,1]}},{"k":[16,0,0,2,0],"v":{"f":false,"k":4,"t":[6,7,1,1]}},{"k":[18,0,0,0,0],"v":{"f":false,"k":4,"t":[6,8,1,1]}}],"overflow":[],"walls":[{"k":[25,0,0,0,0,50,0,0],"v":{"k":2,"w":1}},{"k":[23,0,0,0,0,50,0,0],"v":{"k":0,"w":1}},{"k":[24,0,0,0,0,50,0,0],"v":{"k":1,"w":1}}]}}