{"lands":{"autotiles":[{"k":[28,8,0,30,0],"v":{"id":1,"t":[1,1],"tid":471}},{"k":[27,8,0,31,0],"v":{"id":1,"t":[1,1],"tid":318}},{"k":[27,8,0,30,0],"v":{"id":1,"t":[1,1],"tid":471}},{"k":[26,8,0,31,0],"v":{"id":1,"t":[1,1],"tid":318}},{"k":[30,8,0,30,0],"v":{"id":1,"t":[1,1],"tid":471}},{"k":[29,8,0,31,0],"v":{"id":1,"t":[1,1],"tid":318}},{"k":[29,8,0,30,0],"v":{"id":1,"t":[1,1],"tid":471}},{"k":[28,8,0,31,0],"v":{"id":1,"t":[1,1],"tid":318}},{"k":[31,8,0,31,0],"v":{"id":1,"t":[1,1],"tid":370}},{"k":[31,8,0,30,0],"v":{"id":1,"t":[1,1],"tid":423}},{"k":[30,8,0,31,0],"v":{"id":1,"t":[1,1],"tid":318}},{"k":[20,8,0,30,0],"v":{"id":1,"t":[1,1],"tid":471}},{"k":[19,8,0,31,0],"v":{"id":1,"t":[1,1],"tid":318}},{"k":[27,0,0,31,0],"v":{"id":1,"t":[5,0],"tid":471}},{"k":[18,8,0,31,0],"v":{"id":1,"t":[1,1],"tid":584}},{"k":[19,8,0,30,0],"v":{"id":1,"t":[1,1],"tid":471}},{"k":[26,0,0,31,0],"v":{"id":1,"t":[5,0],"tid":471}},{"k":[22,8,0,30,0],"v":{"id":1,"t":[1,1],"tid":471}},{"k":[21,8,0,31,0],"v":{"id":1,"t":[1,1],"tid":318}},{"k":[29,0,0,31,0],"v":{"id":1,"t":[5,0],"tid":471}},{"k":[21,8,0,30,0],"v":{"id":1,"t":[1,1],"tid":471}},{"k":[20,8,0,31,0],"v":{"id":1,"t":[1,1],"tid":318}},{"k":[28,0,0,31,0],"v":{"id":1,"t":[5,0],"tid":471}},{"k":[24,8,0,30,0],"v":{"id":1,"t":[1,1],"tid":471}},{"k":[23,8,0,31,0],"v":{"id":1,"t":[1,1],"tid":318}},{"k":[23,8,0,30,0],"v":{"id":1,"t":[1,1],"tid":471}},{"k":[22,8,0,31,0],"v":{"id":1,"t":[1,1],"tid":318}},{"k":[30,0,0,31,0],"v":{"id":1,"t":[5,0],"tid":423}},{"k":[26,8,0,30,0],"v":{"id":1,"t":[1,1],"tid":471}},{"k":[25,8,0,31,0],"v":{"id":1,"t":[1,1],"tid":318}},{"k":[25,8,0,30,0],"v":{"id":1,"t":[1,1],"tid":471}},{"k":[24,8,0,31,0],"v":{"id":1,"t":[1,1],"tid":318}},{"k":[19,0,0,31,0],"v":{"id":1,"t":[5,0],"tid":225}},{"k":[23,0,0,27,0],"v":{"id":1,"t":[4,0],"tid":584}},{"k":[24,0,0,26,0],"v":{"id":1,"t":[4,0],"tid":318}},{"k":[25,0,0,25,0],"v":{"id":1,"t":[4,0],"tid":318}},{"k":[26,0,0,24,0],"v":{"id":1,"t":[4,0],"tid":370}},{"k":[23,0,0,26,0],"v":{"id":1,"t":[4,0],"tid":584}},{"k":[24,0,0,25,0],"v":{"id":1,"t":[4,0],"tid":318}},{"k":[25,0,0,24,0],"v":{"id":1,"t":[4,0],"tid":318}},{"k":[26,0,0,23,0],"v":{"id":1,"t":[4,0],"tid":370}},{"k":[21,0,0,31,0],"v":{"id":1,"t":[5,0],"tid":471}},{"k":[24,0,0,28,0],"v":{"id":1,"t":[4,0],"tid":318}},{"k":[23,0,0,29,0],"v":{"id":1,"t":[4,0],"tid":584}},{"k":[26,0,0,26,0],"v":{"id":1,"t":[4,0],"tid":370}},{"k":[25,0,0,27,0],"v":{"id":1,"t":[4,0],"tid":318}},{"k":[20,0,0,31,0],"v":{"id":1,"t":[5,0],"tid":471}},{"k":[23,0,0,28,0],"v":{"id":1,"t":[4,0],"tid":584}},{"k":[24,0,0,27,0],"v":{"id":1,"t":[4,0],"tid":318}},{"k":[25,0,0,26,0],"v":{"id":1,"t":[4,0],"tid":318}},{"k":[26,0,0,25,0],"v":{"id":1,"t":[4,0],"tid":370}},{"k":[17,6,0,31,0],"v":{"id":1,"t":[1,1],"tid":423}},{"k":[23,0,0,31,0],"v":{"id":1,"t":[5,0],"tid":471}},{"k":[26,0,0,28,0],"v":{"id":1,"t":[4,0],"tid":370}},{"k":[24,0,0,30,0],"v":{"id":1,"t":[4,0],"tid":324}},{"k":[25,0,0,29,0],"v":{"id":1,"t":[4,0],"tid":318}},{"k":[16,6,0,31,0],"v":{"id":1,"t":[1,1],"tid":471}},{"k":[22,0,0,31,0],"v":{"id":1,"t":[5,0],"tid":471}},{"k":[24,0,0,29,0],"v":{"id":1,"t":[4,0],"tid":318}},{"k":[23,0,0,30,0],"v":{"id":1,"t":[4,0],"tid":570}},{"k":[26,0,0,27,0],"v":{"id":1,"t":[4,0],"tid":370}},{"k":[25,0,0,28,0],"v":{"id":1,"t":[4,0],"tid":318}},{"k":[18,8,0,30,0],"v":{"id":1,"t":[1,1],"tid":225}},{"k":[26,0,0,30,0],"v":{"id":1,"t":[4,0],"tid":372}},{"k":[25,0,0,31,0],"v":{"id":1,"t":[5,0],"tid":471}},{"k":[24,0,0,31,0],"v":{"id":1,"t":[5,0],"tid":471}},{"k":[26,0,0,29,0],"v":{"id":1,"t":[4,0],"tid":370}},{"k":[25,0,0,30,0],"v":{"id":1,"t":[4,0],"tid":324}},{"k":[23,0,0,19,0],"v":{"id":1,"t":[4,0],"tid":584}},{"k":[26,0,0,16,0],"v":{"id":1,"t":[4,0],"tid":370}},{"k":[25,0,0,17,0],"v":{"id":1,"t":[4,0],"tid":318}},{"k":[24,0,0,18,0],"v":{"id":1,"t":[4,0],"tid":318}},{"k":[23,0,0,18,0],"v":{"id":1,"t":[4,0],"tid":584}},{"k":[25,0,0,16,0],"v":{"id":1,"t":[4,0],"tid":318}},{"k":[24,0,0,17,0],"v":{"id":1,"t":[4,0],"tid":318}},{"k":[23,0,0,21,0],"v":{"id":1,"t":[4,0],"tid":584}},{"k":[26,0,0,18,0],"v":{"id":1,"t":[4,0],"tid":370}},{"k":[25,0,0,19,0],"v":{"id":1,"t":[4,0],"tid":318}},{"k":[24,0,0,20,0],"v":{"id":1,"t":[4,0],"tid":318}},{"k":[23,0,0,20,0],"v":{"id":1,"t":[4,0],"tid":584}},{"k":[26,0,0,17,0],"v":{"id":1,"t":[4,0],"tid":370}},{"k":[25,0,0,18,0],"v":{"id":1,"t":[4,0],"tid":318}},{"k":[24,0,0,19,0],"v":{"id":1,"t":[4,0],"tid":318}},{"k":[23,0,0,23,0],"v":{"id":1,"t":[4,0],"tid":584}},{"k":[24,0,0,22,0],"v":{"id":1,"t":[4,0],"tid":318}},{"k":[25,0,0,21,0],"v":{"id":1,"t":[4,0],"tid":318}},{"k":[26,0,0,20,0],"v":{"id":1,"t":[4,0],"tid":370}},{"k":[23,0,0,22,0],"v":{"id":1,"t":[4,0],"tid":584}},{"k":[24,0,0,21,0],"v":{"id":1,"t":[4,0],"tid":318}},{"k":[25,0,0,20,0],"v":{"id":1,"t":[4,0],"tid":318}},{"k":[26,0,0,19,0],"v":{"id":1,"t":[4,0],"tid":370}},{"k":[23,0,0,25,0],"v":{"id":1,"t":[4,0],"tid":584}},{"k":[24,0,0,24,0],"v":{"id":1,"t":[4,0],"tid":318}},{"k":[25,0,0,23,0],"v":{"id":1,"t":[4,0],"tid":318}},{"k":[26,0,0,22,0],"v":{"id":1,"t":[4,0],"tid":370}},{"k":[23,0,0,24,0],"v":{"id":1,"t":[4,0],"tid":584}},{"k":[24,0,0,23,0],"v":{"id":1,"t":[4,0],"tid":318}},{"k":[25,0,0,22,0],"v":{"id":1,"t":[4,0],"tid":318}},{"k":[26,0,0,21,0],"v":{"id":1,"t":[4,0],"tid":370}},{"k":[23,0,0,17,0],"v":{"id":1,"t":[4,0],"tid":584}},{"k":[24,0,0,16,0],"v":{"id":1,"t":[4,0],"tid":318}},{"k":[23,0,0,16,0],"v":{"id":1,"t":[4,0],"tid":584}}],"floors":[{"k":[31,0,0,27,0],"v":{"t":[0,0]}},{"k":[30,0,0,28,0],"v":{"t":[0,0]}},{"k":[29,0,0,29,0],"v":{"t":[0,0]}},{"k":[28,0,0,30,0],"v":{"t":[0,0]}},{"k":[31,0,0,26,0],"v":{"t":[0,0]}},{"k":[30,0,0,27,0],"v":{"t":[0,0]}},{"k":[29,0,0,28,0],"v":{"t":[0,0]}},{"k":[28,0,0,29,0],"v":{"t":[0,0]}},{"k":[27,0,0,30,0],"v":{"t":[0,0]}},{"k":[31,0,0,29,0],"v":{"t":[0,0]}},{"k":[30,0,0,30,0],"v":{"t":[0,0]}},{"k":[31,0,0,28,0],"v":{"t":[0,0]}},{"k":[30,0,0,29,0],"v":{"t":[0,0]}},{"k":[29,0,0,30,0],"v":{"t":[0,0]}},{"k":[31,0,0,31,0],"v":{"t":[0,0]}},{"k":[31,0,0,30,0],"v":{"t":[0,0]}},{"k":[31,0,0,19,0],"v":{"t":[0,0]}},{"k":[30,0,0,20,0],"v":{"t":[0,0]}},{"k":[29,0,0,21,0],"v":{"t":[0,0]}},{"k":[28,0,0,22,0],"v":{"t":[0,0]}},{"k":[27,0,0,23,0],"v":{"t":[0,0]}},{"k":[22,0,0,28,0],"v":{"t":[0,0]}},{"k":[21,0,0,29,0],"v":{"t":[0,0]}},{"k":[20,0,0,30,0],"v":{"t":[0,0]}},{"k":[30,0,0,19,0],"v":{"t":[0,0]}},{"k":[29,0,0,20,0],"v":{"t":[0,0]}},{"k":[28,0,0,21,0],"v":{"t":[0,0]}},{"k":[27,0,0,22,0],"v":{"t":[0,0]}},{"k":[22,0,0,27,0],"v":{"t":[0,0]}},{"k":[21,0,0,28,0],"v":{"t":[0,0]}},{"k":[20,0,0,29,0],"v":{"t":[0,0]}},{"k":[19,0,0,30,0],"v":{"t":[0,0]}},{"k":[18,0,0,31,0],"v":{"t":[0,0]}},{"k":[31,0,0,18,0],"v":{"t":[0,0]}},{"k":[31,0,0,21,0],"v":{"t":[0,0]}},{"k":[30,0,0,22,0],"v":{"t":[0,0]}},{"k":[29,0,0,23,0],"v":{"t":[0,0]}},{"k":[28,0,0,24,0],"v":{"t":[0,0]}},{"k":[27,0,0,25,0],"v":{"t":[0,0]}},{"k":[22,0,0,30,0],"v":{"t":[0,0]}},{"k":[31,0,0,20,0],"v":{"t":[0,0]}},{"k":[30,0,0,21,0],"v":{"t":[0,0]}},{"k":[29,0,0,22,0],"v":{"t":[0,0]}},{"k":[28,0,0,23,0],"v":{"t":[0,0]}},{"k":[27,0,0,24,0],"v":{"t":[0,0]}},{"k":[22,0,0,29,0],"v":{"t":[0,0]}},{"k":[21,0,0,30,0],"v":{"t":[0,0]}},{"k":[31,0,0,23,0],"v":{"t":[0,0]}},{"k":[30,0,0,24,0],"v":{"t":[0,0]}},{"k":[29,0,0,25,0],"v":{"t":[0,0]}},{"k":[28,0,0,26,0],"v":{"t":[0,0]}},{"k":[27,0,0,27,0],"v":{"t":[0,0]}},{"k":[31,0,0,22,0],"v":{"t":[0,0]}},{"k":[30,0,0,23,0],"v":{"t":[0,0]}},{"k":[29,0,0,24,0],"v":{"t":[0,0]}},{"k":[28,0,0,25,0],"v":{"t":[0,0]}},{"k":[27,0,0,26,0],"v":{"t":[0,0]}},{"k":[31,0,0,25,0],"v":{"t":[0,0]}},{"k":[30,0,0,26,0],"v":{"t":[0,0]}},{"k":[29,0,0,27,0],"v":{"t":[0,0]}},{"k":[28,0,0,28,0],"v":{"t":[0,0]}},{"k":[27,0,0,29,0],"v":{"t":[0,0]}},{"k":[31,0,0,24,0],"v":{"t":[0,0]}},{"k":[30,0,0,25,0],"v":{"t":[0,0]}},{"k":[29,0,0,26,0],"v":{"t":[0,0]}},{"k":[28,0,0,27,0],"v":{"t":[0,0]}},{"k":[27,0,0,28,0],"v":{"t":[0,0]}},{"k":[22,0,0,20,0],"v":{"t":[0,0]}},{"k":[21,0,0,21,0],"v":{"t":[0,0]}},{"k":[20,0,0,22,0],"v":{"t":[0,0]}},{"k":[19,0,0,23,0],"v":{"t":[0,0]}},{"k":[18,0,0,24,0],"v":{"t":[0,0]}},{"k":[17,0,0,25,0],"v":{"t":[0,0]}},{"k":[16,0,0,26,0],"v":{"t":[0,0]}},{"k":[22,0,0,19,0],"v":{"t":[0,0]}},{"k":[21,0,0,20,0],"v":{"t":[0,0]}},{"k":[20,0,0,21,0],"v":{"t":[0,0]}},{"k":[19,0,0,22,0],"v":{"t":[0,0]}},{"k":[18,0,0,23,0],"v":{"t":[0,0]}},{"k":[17,0,0,24,0],"v":{"t":[0,0]}},{"k":[16,0,0,25,0],"v":{"t":[0,0]}},{"k":[22,0,0,22,0],"v":{"t":[0,0]}},{"k":[21,0,0,23,0],"v":{"t":[0,0]}},{"k":[20,0,0,24,0],"v":{"t":[0,0]}},{"k":[19,0,0,25,0],"v":{"t":[0,0]}},{"k":[18,0,0,26,0],"v":{"t":[0,0]}},{"k":[17,0,0,27,0],"v":{"t":[0,0]}},{"k":[16,0,0,28,0],"v":{"t":[0,0]}},{"k":[27,0,0,17,0],"v":{"t":[0,0]}},{"k":[28,0,0,16,0],"v":{"t":[0,0]}},{"k":[22,0,0,21,0],"v":{"t":[0,0]}},{"k":[21,0,0,22,0],"v":{"t":[0,0]}},{"k":[20,0,0,23,0],"v":{"t":[0,0]}},{"k":[19,0,0,24,0],"v":{"t":[0,0]}},{"k":[18,0,0,25,0],"v":{"t":[0,0]}},{"k":[17,0,0,26,0],"v":{"t":[0,0]}},{"k":[16,0,0,27,0],"v":{"t":[0,0]}},{"k":[27,0,0,16,0],"v":{"t":[0,0]}},{"k":[27,0,0,19,0],"v":{"t":[0,0]}},{"k":[22,0,0,24,0],"v":{"t":[0,0]}},{"k":[21,0,0,25,0],"v":{"t":[0,0]}},{"k":[20,0,0,26,0],"v":{"t":[0,0]}},{"k":[19,0,0,27,0],"v":{"t":[0,0]}},{"k":[18,0,0,28,0],"v":{"t":[0,0]}},{"k":[17,0,0,29,0],"v":{"t":[0,0]}},{"k":[16,0,0,30,0],"v":{"t":[0,0]}},{"k":[28,0,0,18,0],"v":{"t":[0,0]}},{"k":[29,0,0,17,0],"v":{"t":[0,0]}},{"k":[30,0,0,16,0],"v":{"t":[0,0]}},{"k":[22,0,0,23,0],"v":{"t":[0,0]}},{"k":[21,0,0,24,0],"v":{"t":[0,0]}},{"k":[20,0,0,25,0],"v":{"t":[0,0]}},{"k":[19,0,0,26,0],"v":{"t":[0,0]}},{"k":[18,0,0,27,0],"v":{"t":[0,0]}},{"k":[17,0,0,28,0],"v":{"t":[0,0]}},{"k":[16,0,0,29,0],"v":{"t":[0,0]}},{"k":[27,0,0,18,0],"v":{"t":[0,0]}},{"k":[28,0,0,17,0],"v":{"t":[0,0]}},{"k":[29,0,0,16,0],"v":{"t":[0,0]}},{"k":[29,0,0,19,0],"v":{"t":[0,0]}},{"k":[28,0,0,20,0],"v":{"t":[0,0]}},{"k":[27,0,0,21,0],"v":{"t":[0,0]}},{"k":[22,0,0,26,0],"v":{"t":[0,0]}},{"k":[21,0,0,27,0],"v":{"t":[0,0]}},{"k":[20,0,0,28,0],"v":{"t":[0,0]}},{"k":[19,0,0,29,0],"v":{"t":[0,0]}},{"k":[18,0,0,30,0],"v":{"t":[0,0]}},{"k":[17,0,0,31,0],"v":{"t":[0,0]}},{"k":[30,0,0,18,0],"v":{"t":[0,0]}},{"k":[31,0,0,17,0],"v":{"t":[0,0]}},{"k":[28,0,0,19,0],"v":{"t":[0,0]}},{"k":[27,0,0,20,0],"v":{"t":[0,0]}},{"k":[22,0,0,25,0],"v":{"t":[0,0]}},{"k":[21,0,0,26,0],"v":{"t":[0,0]}},{"k":[20,0,0,27,0],"v":{"t":[0,0]}},{"k":[19,0,0,28,0],"v":{"t":[0,0]}},{"k":[18,0,0,29,0],"v":{"t":[0,0]}},{"k":[17,0,0,30,0],"v":{"t":[0,0]}},{"k":[16,0,0,31,0],"v":{"t":[0,0]}},{"k":[29,0,0,18,0],"v":{"t":[0,0]}},{"k":[30,0,0,17,0],"v":{"t":[0,0]}},{"k":[31,0,0,16,0],"v":{"t":[0,0]}},{"k":[16,1,0,30,0],"v":{"t":[0,0]}},{"k":[16,0,0,18,0],"v":{"t":[0,0]}},{"k":[17,0,0,17,0],"v":{"t":[0,0]}},{"k":[18,0,0,16,0],"v":{"t":[0,0]}},{"k":[16,0,0,17,0],"v":{"t":[0,0]}},{"k":[17,0,0,16,0],"v":{"t":[0,0]}},{"k":[17,0,0,19,0],"v":{"t":[0,0]}},{"k":[16,0,0,20,0],"v":{"t":[0,0]}},{"k":[18,0,0,18,0],"v":{"t":[0,0]}},{"k":[19,0,0,17,0],"v":{"t":[0,0]}},{"k":[20,0,0,16,0],"v":{"t":[0,0]}},{"k":[16,0,0,19,0],"v":{"t":[0,0]}},{"k":[17,0,0,18,0],"v":{"t":[0,0]}},{"k":[18,0,0,17,0],"v":{"t":[0,0]}},{"k":[19,0,0,16,0],"v":{"t":[0,0]}},{"k":[19,0,0,19,0],"v":{"t":[0,0]}},{"k":[18,0,0,20,0],"v":{"t":[0,0]}},{"k":[17,0,0,21,0],"v":{"t":[0,0]}},{"k":[16,0,0,22,0],"v":{"t":[0,0]}},{"k":[20,0,0,18,0],"v":{"t":[0,0]}},{"k":[21,0,0,17,0],"v":{"t":[0,0]}},{"k":[22,0,0,16,0],"v":{"t":[0,0]}},{"k":[18,0,0,19,0],"v":{"t":[0,0]}},{"k":[17,0,0,20,0],"v":{"t":[0,0]}},{"k":[16,0,0,21,0],"v":{"t":[0,0]}},{"k":[19,0,0,18,0],"v":{"t":[0,0]}},{"k":[20,0,0,17,0],"v":{"t":[0,0]}},{"k":[21,0,0,16,0],"v":{"t":[0,0]}},{"k":[21,0,0,19,0],"v":{"t":[0,0]}},{"k":[20,0,0,20,0],"v":{"t":[0,0]}},{"k":[19,0,0,21,0],"v":{"t":[0,0]}},{"k":[18,0,0,22,0],"v":{"t":[0,0]}},{"k":[17,0,0,23,0],"v":{"t":[0,0]}},{"k":[16,0,0,24,0],"v":{"t":[0,0]}},{"k":[22,0,0,18,0],"v":{"t":[0,0]}},{"k":[20,0,0,19,0],"v":{"t":[0,0]}},{"k":[19,0,0,20,0],"v":{"t":[0,0]}},{"k":[18,0,0,21,0],"v":{"t":[0,0]}},{"k":[17,0,0,22,0],"v":{"t":[0,0]}},{"k":[16,0,0,23,0],"v":{"t":[0,0]}},{"k":[21,0,0,18,0],"v":{"t":[0,0]}},{"k":[22,0,0,17,0],"v":{"t":[0,0]}},{"k":[16,0,0,16,0],"v":{"t":[0,0]}}]},"moun":{"a":[{"k":[28,0,0,30,0],"v":{"hs":8,"l":true,"r":true,"sid":17}},{"k":[24,4,0,30,0],"v":{"hs":4,"l":true,"r":true,"sid":17}},{"k":[27,0,0,30,0],"v":{"hs":8,"r":true,"sid":17}},{"k":[23,4,0,30,0],"v":{"hs":4,"r":true,"sid":17}},{"k":[30,0,0,30,0],"v":{"hs":8,"l":true,"r":true,"sid":17}},{"k":[26,4,0,30,0],"v":{"hs":4,"l":true,"sid":17}},{"k":[29,0,0,30,0],"v":{"hs":8,"l":true,"r":true,"sid":17}},{"k":[25,4,0,30,0],"v":{"hs":4,"l":true,"r":true,"sid":17}},{"k":[31,0,0,31,0],"v":{"b":true,"hs":8,"sid":17,"t":true}},{"k":[31,0,0,30,0],"v":{"b":true,"hs":8,"l":true,"sid":17}},{"k":[20,0,0,30,0],"v":{"hs":8,"l":true,"r":true,"sid":17}},{"k":[18,0,0,31,0],"v":{"b":true,"hs":8,"sid":17,"t":true}},{"k":[19,0,0,30,0],"v":{"hs":8,"l":true,"r":true,"sid":17}},{"k":[22,0,0,30,0],"v":{"hs":8,"l":true,"sid":17}},{"k":[21,0,0,30,0],"v":{"hs":8,"l":true,"r":true,"sid":17}},{"k":[16,0,0,30,0],"v":{"l":true,"sid":1}},{"k":[18,0,0,30,0],"v":{"b":true,"hs":8,"r":true,"sid":17}},{"k":[17,0,0,31,0],"v":{"hs":6,"l":true,"sid":17}},{"k":[16,0,0,31,0],"v":{"hs":6,"l":true,"r":true,"sid":17}}],"o":[]},"objs":{"list":[]},"objs3d":{"a":[{"k":[17,0,0,29,0],"v":{"did":112}},{"k":[16,0,0,29,0],"v":{"did":112}},{"k":[17,0,0,31,0],"v":{"did":112}},{"k":[17,0,0,30,0],"v":{"did":112}}],"o":[[32,0,0,30,0],[32,0,0,29,0]]},"sprites":{"list":[{"k":[30,0,0,28,0],"v":{"f":false,"k":4,"t":[7,7,1,1]}},{"k":[31,0,0,27,0],"v":{"f":false,"k":4,"t":[6,8,1,1]}},{"k":[29,0,0,28,0],"v":{"f":false,"k":4,"t":[7,7,1,1]}},{"k":[30,0,0,27,0],"v":{"f":false,"k":4,"t":[6,8,1,1]}},{"k":[28,0,0,29,0],"v":{"f":false,"k":4,"t":[7,6,1,1]}},{"k":[30,0,0,29,0],"v":{"f":false,"k":4,"t":[7,6,1,1]}},{"k":[28,0,0,22,0],"v":{"f":false,"k":4,"t":[6,7,1,1]}},{"k":[30,0,0,20,0],"v":{"k":4,"t":[7,7,1,1]}},{"k":[31,0,0,19,0],"v":{"f":false,"k":4,"t":[6,8,1,1]}},{"k":[21,0,0,29,0],"v":{"f":false,"k":4,"t":[7,6,1,1]}},{"k":[28,0,0,21,0],"v":{"f":false,"k":4,"t":[6,7,1,1]}},{"k":[30,0,0,19,0],"v":{"k":4,"t":[7,7,1,1]}},{"k":[29,0,0,20,0],"v":{"f":false,"k":4,"t":[7,7,1,1]}},{"k":[27,0,0,22,0],"v":{"f":false,"k":4,"t":[6,8,1,1]}},{"k":[31,0,0,18,0],"v":{"f":false,"k":4,"t":[5,5,1,1]}},{"k":[29,0,0,23,0],"v":{"f":false,"k":4,"t":[6,7,1,1]}},{"k":[31,0,0,21,0],"v":{"f":false,"k":4,"t":[6,8,1,1]}},{"k":[28,0,0,23,0],"v":{"f":false,"k":4,"t":[6,7,1,1]}},{"k":[30,0,0,21,0],"v":{"f":false,"k":4,"t":[7,7,1,1]}},{"k":[31,0,0,20,0],"v":{"f":false,"k":4,"t":[6,8,1,1]}},{"k":[29,0,0,22,0],"v":{"f":false,"k":4,"t":[5,5,1,1]}},{"k":[30,0,0,24,0],"v":{"f":false,"k":4,"t":[6,8,1,1]}},{"k":[28,0,0,26,0],"v":{"f":false,"k":4,"t":[6,8,1,1]}},{"k":[29,0,0,25,0],"v":{"f":false,"k":4,"t":[5,5,1,1]}},{"k":[28,0,0,25,0],"v":{"f":false,"k":4,"t":[6,8,1,1]}},{"k":[29,0,0,24,0],"v":{"f":false,"k":4,"t":[6,8,1,1]}},{"k":[30,0,0,23,0],"v":{"f":false,"k":4,"t":[6,8,1,1]}},{"k":[27,0,0,26,0],"v":{"f":false,"k":4,"t":[6,8,1,1]}},{"k":[31,0,0,22,0],"v":{"f":false,"k":4,"t":[5,5,1,1]}},{"k":[29,0,0,27,0],"v":{"f":false,"k":4,"t":[7,7,1,1]}},{"k":[30,0,0,26,0],"v":{"f":false,"k":4,"t":[6,8,1,1]}},{"k":[28,0,0,28,0],"v":{"f":false,"k":4,"t":[6,8,1,1]}},{"k":[31,0,0,24,0],"v":{"f":false,"k":4,"t":[7,7,1,1]}},{"k":[30,0,0,25,0],"v":{"f":false,"k":4,"t":[6,8,1,1]}},{"k":[28,0,0,27,0],"v":{"f":false,"k":4,"t":[6,8,1,1]}},{"k":[21,0,0,21,0],"v":{"f":false,"k":4,"t":[7,8,1,1]}},{"k":[19,0,0,23,0],"v":{"f":false,"k":4,"t":[7,7,1,1]}},{"k":[17,0,0,25,0],"v":{"f":false,"k":4,"t":[5,5,1,1]}},{"k":[19,0,0,22,0],"v":{"f":false,"k":4,"t":[7,8,1,1]}},{"k":[20,0,0,21,0],"v":{"f":false,"k":4,"t":[7,8,1,1]}},{"k":[16,0,0,25,0],"v":{"f":false,"k":4,"t":[7,7,1,1]}},{"k":[22,0,0,19,0],"v":{"k":4,"t":[6,8,1,1]}},{"k":[18,0,0,23,0],"v":{"f":false,"k":4,"t":[5,5,1,1]}},{"k":[21,0,0,23,0],"v":{"f":false,"k":4,"t":[7,8,1,1]}},{"k":[18,0,0,26,0],"v":{"f":false,"k":4,"t":[7,8,1,1]}},{"k":[28,0,0,16,0],"v":{"f":false,"k":4,"t":[6,7,1,1]}},{"k":[20,0,0,24,0],"v":{"f":false,"k":4,"t":[5,5,1,1]}},{"k":[17,0,0,26,0],"v":{"f":false,"k":4,"t":[7,8,1,1]}},{"k":[18,0,0,25,0],"v":{"f":false,"k":4,"t":[7,7,1,1]}},{"k":[28,0,0,18,0],"v":{"f":false,"k":4,"t":[6,7,1,1]}},{"k":[20,0,0,26,0],"v":{"f":false,"k":4,"t":[5,5,1,1]}},{"k":[27,0,0,19,0],"v":{"f":false,"k":4,"t":[5,5,1,1]}},{"k":[29,0,0,16,0],"v":{"f":false,"k":4,"t":[4,5,1,1]}},{"k":[20,0,0,25,0],"v":{"f":false,"k":4,"t":[7,8,1,1]}},{"k":[19,0,0,26,0],"v":{"f":false,"k":4,"t":[7,8,1,1]}},{"k":[31,0,0,17,0],"v":{"f":false,"k":4,"t":[7,8,1,1]}},{"k":[28,0,0,20,0],"v":{"f":false,"k":4,"t":[6,7,1,1]}},{"k":[19,0,0,29,0],"v":{"f":false,"k":4,"t":[7,6,1,1]}},{"k":[29,0,0,19,0],"v":{"f":false,"k":4,"t":[5,5,1,1]}},{"k":[16,1,0,30,0],"v":{"f":false,"k":4,"t":[5,2,1,1]}},{"k":[31,0,0,16,0],"v":{"f":false,"k":4,"t":[7,8,1,1]}},{"k":[28,0,0,19,0],"v":{"f":false,"k":4,"t":[6,7,1,1]}},{"k":[18,0,0,16,0],"v":{"f":false,"k":4,"t":[5,5,1,1]}},{"k":[17,0,0,16,0],"v":{"f":false,"k":4,"t":[5,5,1,1]}},{"k":[20,0,0,16,0],"v":{"f":false,"k":4,"t":[4,5,1,1]}},{"k":[18,0,0,18,0],"v":{"f":false,"k":4,"t":[7,8,1,1]}},{"k":[19,0,0,17,0],"v":{"f":false,"k":4,"t":[6,8,1,1]}},{"k":[17,0,0,19,0],"v":{"f":false,"k":4,"t":[5,5,1,1]}},{"k":[19,0,0,16,0],"v":{"f":false,"k":4,"t":[6,8,1,1]}},{"k":[17,0,0,18,0],"v":{"f":false,"k":4,"t":[6,8,1,1]}},{"k":[19,0,0,19,0],"v":{"f":false,"k":4,"t":[7,7,1,1]}},{"k":[17,0,0,21,0],"v":{"f":false,"k":4,"t":[6,8,1,1]}},{"k":[19,0,0,18,0],"v":{"f":false,"k":4,"t":[6,8,1,1]}},{"k":[17,0,0,23,0],"v":{"f":false,"k":4,"t":[7,8,1,1]}},{"k":[18,0,0,22,0],"v":{"f":false,"k":4,"t":[7,8,1,1]}},{"k":[20,0,0,20,0],"v":{"f":false,"k":4,"t":[7,8,1,1]}},{"k":[16,0,0,23,0],"v":{"f":false,"k":4,"t":[7,8,1,1]}},{"k":[20,0,0,19,0],"v":{"f":false,"k":4,"t":[7,8,1,1]}},{"k":[22,0,0,17,0],"v":{"k":4,"t":[6,8,1,1]}},{"k":[19,0,0,20,0],"v":{"f":false,"k":4,"t":[5,5,1,1]}},{"k":[4,0,0,28,0],"v":{"f":false,"k":4,"t":[6,7,1,1]}}],"overflow":[],"walls":[]}}