{"lands":{"autotiles":[{"k":[33,6,0,31,0],"v":{"id":1,"t":[1,1],"tid":471}},{"k":[32,6,0,31,0],"v":{"id":1,"t":[1,1],"tid":225}},{"k":[35,6,0,31,0],"v":{"id":1,"t":[1,1],"tid":477}},{"k":[34,6,0,31,0],"v":{"id":1,"t":[1,1],"tid":469}},{"k":[37,6,0,31,0],"v":{"id":1,"t":[1,1],"tid":471}},{"k":[36,6,0,31,0],"v":{"id":1,"t":[1,1],"tid":461}},{"k":[39,6,0,31,0],"v":{"id":1,"t":[1,1],"tid":471}},{"k":[38,6,0,31,0],"v":{"id":1,"t":[1,1],"tid":471}},{"k":[41,6,0,31,0],"v":{"id":1,"t":[1,1],"tid":423}},{"k":[40,6,0,31,0],"v":{"id":1,"t":[1,1],"tid":471}}],"floors":[{"k":[43,0,0,31,0],"v":{"t":[0,0]}},{"k":[44,0,0,30,0],"v":{"t":[0,0]}},{"k":[45,0,0,29,0],"v":{"t":[0,0]}},{"k":[46,0,0,28,0],"v":{"t":[0,0]}},{"k":[47,0,0,27,0],"v":{"t":[0,0]}},{"k":[42,0,0,31,0],"v":{"t":[0,0]}},{"k":[43,0,0,30,0],"v":{"t":[0,0]}},{"k":[44,0,0,29,0],"v":{"t":[0,0]}},{"k":[45,0,0,28,0],"v":{"t":[0,0]}},{"k":[46,0,0,27,0],"v":{"t":[0,0]}},{"k":[47,0,0,26,0],"v":{"t":[0,0]}},{"k":[45,0,0,31,0],"v":{"t":[0,0]}},{"k":[46,0,0,30,0],"v":{"t":[0,0]}},{"k":[47,0,0,29,0],"v":{"t":[0,0]}},{"k":[44,0,0,31,0],"v":{"t":[0,0]}},{"k":[45,0,0,30,0],"v":{"t":[0,0]}},{"k":[46,0,0,29,0],"v":{"t":[0,0]}},{"k":[47,0,0,28,0],"v":{"t":[0,0]}},{"k":[47,0,0,31,0],"v":{"t":[0,0]}},{"k":[46,0,0,31,0],"v":{"t":[0,0]}},{"k":[47,0,0,30,0],"v":{"t":[0,0]}},{"k":[39,0,0,27,0],"v":{"t":[0,0]}},{"k":[38,0,0,28,0],"v":{"t":[0,0]}},{"k":[37,0,0,29,0],"v":{"t":[0,0]}},{"k":[36,0,0,30,0],"v":{"t":[0,0]}},{"k":[35,0,0,31,0],"v":{"t":[0,0]}},{"k":[40,0,0,26,0],"v":{"t":[0,0]}},{"k":[41,0,0,25,0],"v":{"t":[0,0]}},{"k":[42,0,0,24,0],"v":{"t":[0,0]}},{"k":[43,0,0,23,0],"v":{"t":[0,0]}},{"k":[44,0,0,22,0],"v":{"t":[0,0]}},{"k":[45,0,0,21,0],"v":{"t":[0,0]}},{"k":[46,0,0,20,0],"v":{"t":[0,0]}},{"k":[47,0,0,19,0],"v":{"t":[0,0]}},{"k":[35,1,0,30,0],"v":{"t":[0,0]}},{"k":[39,0,0,26,0],"v":{"t":[0,0]}},{"k":[38,0,0,27,0],"v":{"t":[0,0]}},{"k":[37,0,0,28,0],"v":{"t":[0,0]}},{"k":[36,0,0,29,0],"v":{"t":[0,0]}},{"k":[35,0,0,30,0],"v":{"t":[0,0]}},{"k":[34,0,0,31,0],"v":{"t":[0,0]}},{"k":[40,0,0,25,0],"v":{"t":[0,0]}},{"k":[41,0,0,24,0],"v":{"t":[0,0]}},{"k":[42,0,0,23,0],"v":{"t":[0,0]}},{"k":[43,0,0,22,0],"v":{"t":[0,0]}},{"k":[44,0,0,21,0],"v":{"t":[0,0]}},{"k":[45,0,0,20,0],"v":{"t":[0,0]}},{"k":[46,0,0,19,0],"v":{"t":[0,0]}},{"k":[47,0,0,18,0],"v":{"t":[0,0]}},{"k":[34,1,0,30,0],"v":{"t":[0,0]}},{"k":[39,0,0,29,0],"v":{"t":[0,0]}},{"k":[38,0,0,30,0],"v":{"t":[0,0]}},{"k":[37,0,0,31,0],"v":{"t":[0,0]}},{"k":[40,0,0,28,0],"v":{"t":[0,0]}},{"k":[41,0,0,27,0],"v":{"t":[0,0]}},{"k":[42,0,0,26,0],"v":{"t":[0,0]}},{"k":[43,0,0,25,0],"v":{"t":[0,0]}},{"k":[44,0,0,24,0],"v":{"t":[0,0]}},{"k":[45,0,0,23,0],"v":{"t":[0,0]}},{"k":[46,0,0,22,0],"v":{"t":[0,0]}},{"k":[47,0,0,21,0],"v":{"t":[0,0]}},{"k":[37,1,0,30,0],"v":{"t":[0,0]}},{"k":[39,0,0,28,0],"v":{"t":[0,0]}},{"k":[38,0,0,29,0],"v":{"t":[0,0]}},{"k":[37,0,0,30,0],"v":{"t":[0,0]}},{"k":[36,0,0,31,0],"v":{"t":[0,0]}},{"k":[40,0,0,27,0],"v":{"t":[0,0]}},{"k":[41,0,0,26,0],"v":{"t":[0,0]}},{"k":[42,0,0,25,0],"v":{"t":[0,0]}},{"k":[43,0,0,24,0],"v":{"t":[0,0]}},{"k":[44,0,0,23,0],"v":{"t":[0,0]}},{"k":[45,0,0,22,0],"v":{"t":[0,0]}},{"k":[46,0,0,21,0],"v":{"t":[0,0]}},{"k":[47,0,0,20,0],"v":{"t":[0,0]}},{"k":[36,1,0,30,0],"v":{"t":[0,0]}},{"k":[39,0,0,31,0],"v":{"t":[0,0]}},{"k":[40,0,0,30,0],"v":{"t":[0,0]}},{"k":[41,0,0,29,0],"v":{"t":[0,0]}},{"k":[42,0,0,28,0],"v":{"t":[0,0]}},{"k":[43,0,0,27,0],"v":{"t":[0,0]}},{"k":[44,0,0,26,0],"v":{"t":[0,0]}},{"k":[45,0,0,25,0],"v":{"t":[0,0]}},{"k":[46,0,0,24,0],"v":{"t":[0,0]}},{"k":[47,0,0,23,0],"v":{"t":[0,0]}},{"k":[39,1,0,30,0],"v":{"t":[0,0]}},{"k":[39,0,0,30,0],"v":{"t":[0,0]}},{"k":[38,0,0,31,0],"v":{"t":[0,0]}},{"k":[40,0,0,29,0],"v":{"t":[0,0]}},{"k":[41,0,0,28,0],"v":{"t":[0,0]}},{"k":[42,0,0,27,0],"v":{"t":[0,0]}},{"k":[43,0,0,26,0],"v":{"t":[0,0]}},{"k":[44,0,0,25,0],"v":{"t":[0,0]}},{"k":[45,0,0,24,0],"v":{"t":[0,0]}},{"k":[46,0,0,23,0],"v":{"t":[0,0]}},{"k":[47,0,0,22,0],"v":{"t":[0,0]}},{"k":[38,1,0,30,0],"v":{"t":[0,0]}},{"k":[41,0,0,31,0],"v":{"t":[0,0]}},{"k":[42,0,0,30,0],"v":{"t":[0,0]}},{"k":[43,0,0,29,0],"v":{"t":[0,0]}},{"k":[44,0,0,28,0],"v":{"t":[0,0]}},{"k":[45,0,0,27,0],"v":{"t":[0,0]}},{"k":[46,0,0,26,0],"v":{"t":[0,0]}},{"k":[47,0,0,25,0],"v":{"t":[0,0]}},{"k":[40,0,0,31,0],"v":{"t":[0,0]}},{"k":[41,0,0,30,0],"v":{"t":[0,0]}},{"k":[42,0,0,29,0],"v":{"t":[0,0]}},{"k":[43,0,0,28,0],"v":{"t":[0,0]}},{"k":[44,0,0,27,0],"v":{"t":[0,0]}},{"k":[45,0,0,26,0],"v":{"t":[0,0]}},{"k":[46,0,0,25,0],"v":{"t":[0,0]}},{"k":[47,0,0,24,0],"v":{"t":[0,0]}},{"k":[40,1,0,30,0],"v":{"t":[0,0]}},{"k":[39,0,0,19,0],"v":{"t":[0,0]}},{"k":[38,0,0,20,0],"v":{"t":[0,0]}},{"k":[36,0,0,22,0],"v":{"t":[0,0]}},{"k":[35,0,0,23,0],"v":{"t":[0,0]}},{"k":[34,0,0,24,0],"v":{"t":[0,0]}},{"k":[33,0,0,25,0],"v":{"t":[0,0]}},{"k":[32,0,0,26,0],"v":{"t":[0,0]}},{"k":[40,0,0,18,0],"v":{"t":[0,0]}},{"k":[42,0,0,16,0],"v":{"t":[0,0]}},{"k":[41,0,0,17,0],"v":{"t":[0,0]}},{"k":[37,0,0,21,0],"v":{"t":[0,0]}},{"k":[37,1,0,20,0],"v":{"t":[0,0]}},{"k":[38,1,0,19,0],"v":{"t":[0,0]}},{"k":[38,0,0,19,0],"v":{"t":[0,0]}},{"k":[36,0,0,21,0],"v":{"t":[0,0]}},{"k":[35,0,0,22,0],"v":{"t":[0,0]}},{"k":[34,0,0,23,0],"v":{"t":[0,0]}},{"k":[33,0,0,24,0],"v":{"t":[0,0]}},{"k":[32,0,0,25,0],"v":{"t":[0,0]}},{"k":[39,0,0,18,0],"v":{"t":[0,0]}},{"k":[40,0,0,17,0],"v":{"t":[0,0]}},{"k":[37,0,0,20,0],"v":{"t":[0,0]}},{"k":[41,0,0,16,0],"v":{"t":[0,0]}},{"k":[36,1,0,20,0],"v":{"t":[0,0]}},{"k":[38,1,0,18,0],"v":{"t":[0,0]}},{"k":[37,1,0,19,0],"v":{"t":[0,0]}},{"k":[38,0,0,22,0],"v":{"t":[0,0]}},{"k":[37,0,0,23,0],"v":{"t":[0,0]}},{"k":[36,0,0,24,0],"v":{"t":[0,0]}},{"k":[35,0,0,25,0],"v":{"t":[0,0]}},{"k":[34,0,0,26,0],"v":{"t":[0,0]}},{"k":[33,0,0,27,0],"v":{"t":[0,0]}},{"k":[32,0,0,28,0],"v":{"t":[0,0]}},{"k":[42,0,0,18,0],"v":{"t":[0,0]}},{"k":[43,0,0,17,0],"v":{"t":[0,0]}},{"k":[44,0,0,16,0],"v":{"t":[0,0]}},{"k":[41,0,0,19,0],"v":{"t":[0,0]}},{"k":[40,0,0,20,0],"v":{"t":[0,0]}},{"k":[39,0,0,21,0],"v":{"t":[0,0]}},{"k":[37,0,0,22,0],"v":{"t":[0,0]}},{"k":[36,0,0,23,0],"v":{"t":[0,0]}},{"k":[35,0,0,24,0],"v":{"t":[0,0]}},{"k":[34,0,0,25,0],"v":{"t":[0,0]}},{"k":[33,0,0,26,0],"v":{"t":[0,0]}},{"k":[32,0,0,27,0],"v":{"t":[0,0]}},{"k":[40,0,0,19,0],"v":{"t":[0,0]}},{"k":[42,0,0,17,0],"v":{"t":[0,0]}},{"k":[43,0,0,16,0],"v":{"t":[0,0]}},{"k":[41,0,0,18,0],"v":{"t":[0,0]}},{"k":[39,0,0,20,0],"v":{"t":[0,0]}},{"k":[38,0,0,21,0],"v":{"t":[0,0]}},{"k":[38,1,0,20,0],"v":{"t":[0,0]}},{"k":[39,0,0,23,0],"v":{"t":[0,0]}},{"k":[38,0,0,24,0],"v":{"t":[0,0]}},{"k":[37,0,0,25,0],"v":{"t":[0,0]}},{"k":[36,0,0,26,0],"v":{"t":[0,0]}},{"k":[35,0,0,27,0],"v":{"t":[0,0]}},{"k":[34,0,0,28,0],"v":{"t":[0,0]}},{"k":[33,0,0,29,0],"v":{"t":[0,0]}},{"k":[32,0,0,30,0],"v":{"t":[0,0]}},{"k":[40,0,0,22,0],"v":{"t":[0,0]}},{"k":[41,0,0,21,0],"v":{"t":[0,0]}},{"k":[42,0,0,20,0],"v":{"t":[0,0]}},{"k":[43,0,0,19,0],"v":{"t":[0,0]}},{"k":[44,0,0,18,0],"v":{"t":[0,0]}},{"k":[45,0,0,17,0],"v":{"t":[0,0]}},{"k":[46,0,0,16,0],"v":{"t":[0,0]}},{"k":[39,0,0,22,0],"v":{"t":[0,0]}},{"k":[38,0,0,23,0],"v":{"t":[0,0]}},{"k":[37,0,0,24,0],"v":{"t":[0,0]}},{"k":[36,0,0,25,0],"v":{"t":[0,0]}},{"k":[35,0,0,26,0],"v":{"t":[0,0]}},{"k":[34,0,0,27,0],"v":{"t":[0,0]}},{"k":[33,0,0,28,0],"v":{"t":[0,0]}},{"k":[32,0,0,29,0],"v":{"t":[0,0]}},{"k":[40,0,0,21,0],"v":{"t":[0,0]}},{"k":[41,0,0,20,0],"v":{"t":[0,0]}},{"k":[42,0,0,19,0],"v":{"t":[0,0]}},{"k":[43,0,0,18,0],"v":{"t":[0,0]}},{"k":[44,0,0,17,0],"v":{"t":[0,0]}},{"k":[45,0,0,16,0],"v":{"t":[0,0]}},{"k":[39,0,0,25,0],"v":{"t":[0,0]}},{"k":[38,0,0,26,0],"v":{"t":[0,0]}},{"k":[37,0,0,27,0],"v":{"t":[0,0]}},{"k":[36,0,0,28,0],"v":{"t":[0,0]}},{"k":[35,0,0,29,0],"v":{"t":[0,0]}},{"k":[34,0,0,30,0],"v":{"t":[0,0]}},{"k":[33,0,0,31,0],"v":{"t":[0,0]}},{"k":[40,0,0,24,0],"v":{"t":[0,0]}},{"k":[41,0,0,23,0],"v":{"t":[0,0]}},{"k":[42,0,0,22,0],"v":{"t":[0,0]}},{"k":[43,0,0,21,0],"v":{"t":[0,0]}},{"k":[44,0,0,20,0],"v":{"t":[0,0]}},{"k":[45,0,0,19,0],"v":{"t":[0,0]}},{"k":[46,0,0,18,0],"v":{"t":[0,0]}},{"k":[47,0,0,17,0],"v":{"t":[0,0]}},{"k":[33,1,0,30,0],"v":{"t":[0,0]}},{"k":[39,0,0,24,0],"v":{"t":[0,0]}},{"k":[38,0,0,25,0],"v":{"t":[0,0]}},{"k":[37,0,0,26,0],"v":{"t":[0,0]}},{"k":[36,0,0,27,0],"v":{"t":[0,0]}},{"k":[35,0,0,28,0],"v":{"t":[0,0]}},{"k":[34,0,0,29,0],"v":{"t":[0,0]}},{"k":[33,0,0,30,0],"v":{"t":[0,0]}},{"k":[32,0,0,31,0],"v":{"t":[0,0]}},{"k":[40,0,0,23,0],"v":{"t":[0,0]}},{"k":[41,0,0,22,0],"v":{"t":[0,0]}},{"k":[42,0,0,21,0],"v":{"t":[0,0]}},{"k":[43,0,0,20,0],"v":{"t":[0,0]}},{"k":[44,0,0,19,0],"v":{"t":[0,0]}},{"k":[45,0,0,18,0],"v":{"t":[0,0]}},{"k":[46,0,0,17,0],"v":{"t":[0,0]}},{"k":[47,0,0,16,0],"v":{"t":[0,0]}},{"k":[32,0,0,18,0],"v":{"t":[0,0]}},{"k":[33,0,0,17,0],"v":{"t":[0,0]}},{"k":[34,0,0,16,0],"v":{"t":[0,0]}},{"k":[32,0,0,17,0],"v":{"t":[0,0]}},{"k":[33,0,0,16,0],"v":{"t":[0,0]}},{"k":[33,0,0,19,0],"v":{"t":[0,0]}},{"k":[32,0,0,20,0],"v":{"t":[0,0]}},{"k":[35,0,0,17,0],"v":{"t":[0,0]}},{"k":[36,0,0,16,0],"v":{"t":[0,0]}},{"k":[34,0,0,18,0],"v":{"t":[0,0]}},{"k":[35,1,0,16,0],"v":{"t":[0,0]}},{"k":[32,0,0,19,0],"v":{"t":[0,0]}},{"k":[33,0,0,18,0],"v":{"t":[0,0]}},{"k":[35,0,0,16,0],"v":{"t":[0,0]}},{"k":[34,0,0,17,0],"v":{"t":[0,0]}},{"k":[34,0,0,20,0],"v":{"t":[0,0]}},{"k":[33,0,0,21,0],"v":{"t":[0,0]}},{"k":[32,0,0,22,0],"v":{"t":[0,0]}},{"k":[36,0,0,18,0],"v":{"t":[0,0]}},{"k":[37,0,0,17,0],"v":{"t":[0,0]}},{"k":[38,0,0,16,0],"v":{"t":[0,0]}},{"k":[35,0,0,19,0],"v":{"t":[0,0]}},{"k":[35,1,0,18,0],"v":{"t":[0,0]}},{"k":[36,1,0,17,0],"v":{"t":[0,0]}},{"k":[37,1,0,16,0],"v":{"t":[0,0]}},{"k":[33,0,0,20,0],"v":{"t":[0,0]}},{"k":[32,0,0,21,0],"v":{"t":[0,0]}},{"k":[35,0,0,18,0],"v":{"t":[0,0]}},{"k":[36,0,0,17,0],"v":{"t":[0,0]}},{"k":[37,0,0,16,0],"v":{"t":[0,0]}},{"k":[34,0,0,19,0],"v":{"t":[0,0]}},{"k":[35,1,0,17,0],"v":{"t":[0,0]}},{"k":[36,1,0,16,0],"v":{"t":[0,0]}},{"k":[37,0,0,19,0],"v":{"t":[0,0]}},{"k":[35,0,0,21,0],"v":{"t":[0,0]}},{"k":[34,0,0,22,0],"v":{"t":[0,0]}},{"k":[33,0,0,23,0],"v":{"t":[0,0]}},{"k":[32,0,0,24,0],"v":{"t":[0,0]}},{"k":[38,0,0,18,0],"v":{"t":[0,0]}},{"k":[39,0,0,17,0],"v":{"t":[0,0]}},{"k":[40,0,0,16,0],"v":{"t":[0,0]}},{"k":[36,0,0,20,0],"v":{"t":[0,0]}},{"k":[35,1,0,20,0],"v":{"t":[0,0]}},{"k":[37,1,0,18,0],"v":{"t":[0,0]}},{"k":[36,1,0,19,0],"v":{"t":[0,0]}},{"k":[38,1,0,17,0],"v":{"t":[0,0]}},{"k":[36,0,0,19,0],"v":{"t":[0,0]}},{"k":[34,0,0,21,0],"v":{"t":[0,0]}},{"k":[33,0,0,22,0],"v":{"t":[0,0]}},{"k":[32,0,0,23,0],"v":{"t":[0,0]}},{"k":[37,0,0,18,0],"v":{"t":[0,0]}},{"k":[38,0,0,17,0],"v":{"t":[0,0]}},{"k":[39,0,0,16,0],"v":{"t":[0,0]}},{"k":[35,0,0,20,0],"v":{"t":[0,0]}},{"k":[35,1,0,19,0],"v":{"t":[0,0]}},{"k":[36,1,0,18,0],"v":{"t":[0,0]}},{"k":[37,1,0,17,0],"v":{"t":[0,0]}},{"k":[38,1,0,16,0],"v":{"t":[0,0]}},{"k":[32,0,0,16,0],"v":{"t":[0,0]}}]},"moun":{"a":[{"k":[35,0,0,31,0],"v":{"hs":6,"l":true,"r":true,"sid":17}},{"k":[36,0,0,30,0],"v":{"l":true,"r":true,"sid":1}},{"k":[34,0,0,31,0],"v":{"hs":6,"l":true,"r":true,"sid":17}},{"k":[35,0,0,30,0],"v":{"l":true,"r":true,"sid":1}},{"k":[37,0,0,31,0],"v":{"hs":6,"l":true,"r":true,"sid":17}},{"k":[38,0,0,30,0],"v":{"l":true,"r":true,"sid":1}},{"k":[36,0,0,31,0],"v":{"hs":6,"l":true,"r":true,"sid":17}},{"k":[37,0,0,30,0],"v":{"l":true,"r":true,"sid":1}},{"k":[39,0,0,31,0],"v":{"hs":6,"l":true,"r":true,"sid":17}},{"k":[40,0,0,30,0],"v":{"l":true,"sid":1}},{"k":[38,0,0,31,0],"v":{"hs":6,"l":true,"r":true,"sid":17}},{"k":[39,0,0,30,0],"v":{"l":true,"r":true,"sid":1}},{"k":[41,0,0,31,0],"v":{"b":true,"hs":6,"l":true,"sid":17}},{"k":[40,0,0,31,0],"v":{"hs":6,"l":true,"r":true,"sid":17}},{"k":[38,0,0,20,0],"v":{"l":true,"sid":1,"t":true}},{"k":[37,0,0,20,0],"v":{"l":true,"r":true,"sid":1,"t":true}},{"k":[38,0,0,19,0],"v":{"b":true,"l":true,"sid":1,"t":true}},{"k":[33,0,0,31,0],"v":{"hs":6,"l":true,"r":true,"sid":17}},{"k":[34,0,0,30,0],"v":{"l":true,"r":true,"sid":1}},{"k":[32,0,0,31,0],"v":{"hs":6,"r":true,"sid":17}},{"k":[33,0,0,30,0],"v":{"r":true,"sid":1}},{"k":[35,0,0,17,0],"v":{"b":true,"r":true,"sid":1,"t":true}},{"k":[36,0,0,16,0],"v":{"b":true,"l":true,"r":true,"sid":1,"t":true}},{"k":[35,0,0,16,0],"v":{"b":true,"r":true,"sid":1,"t":true}},{"k":[35,0,0,19,0],"v":{"b":true,"r":true,"sid":1,"t":true}},{"k":[36,0,0,18,0],"v":{"b":true,"l":true,"r":true,"sid":1,"t":true}},{"k":[37,0,0,17,0],"v":{"b":true,"l":true,"r":true,"sid":1,"t":true}},{"k":[38,0,0,16,0],"v":{"b":true,"l":true,"sid":1,"t":true}},{"k":[35,0,0,18,0],"v":{"b":true,"r":true,"sid":1,"t":true}},{"k":[36,0,0,17,0],"v":{"b":true,"l":true,"r":true,"sid":1,"t":true}},{"k":[37,0,0,16,0],"v":{"b":true,"l":true,"r":true,"sid":1,"t":true}},{"k":[36,0,0,20,0],"v":{"l":true,"r":true,"sid":1,"t":true}},{"k":[38,0,0,18,0],"v":{"b":true,"l":true,"sid":1,"t":true}},{"k":[37,0,0,19,0],"v":{"b":true,"l":true,"r":true,"sid":1,"t":true}},{"k":[35,0,0,20,0],"v":{"r":true,"sid":1,"t":true}},{"k":[37,0,0,18,0],"v":{"b":true,"l":true,"r":true,"sid":1,"t":true}},{"k":[36,0,0,19,0],"v":{"b":true,"l":true,"r":true,"sid":1,"t":true}},{"k":[38,0,0,17,0],"v":{"b":true,"l":true,"sid":1,"t":true}}],"o":[]},"objs":{"list":[]},"objs3d":{"a":[{"k":[40,0,0,29,0],"v":{"did":112}},{"k":[41,0,0,30,0],"v":{"did":112}},{"k":[39,0,0,19,0],"v":{"did":112}},{"k":[37,0,0,21,0],"v":{"did":112}},{"k":[39,0,0,18,0],"v":{"did":112}},{"k":[36,0,0,21,0],"v":{"did":112}},{"k":[39,0,0,21,0],"v":{"did":112}},{"k":[39,0,0,20,0],"v":{"did":112}},{"k":[38,0,0,21,0],"v":{"did":112}},{"k":[33,0,0,29,0],"v":{"did":112}},{"k":[32,0,0,30,0],"v":{"did":112}},{"k":[32,0,0,29,0],"v":{"did":112}},{"k":[35,0,0,29,0],"v":{"did":112}},{"k":[34,0,0,29,0],"v":{"did":112}},{"k":[34,0,0,16,0],"v":{"did":112}},{"k":[34,0,0,18,0],"v":{"did":112}},{"k":[34,0,0,17,0],"v":{"did":112}},{"k":[34,0,0,20,0],"v":{"did":112}},{"k":[34,0,0,19,0],"v":{"did":112}},{"k":[39,0,0,17,0],"v":{"did":112}},{"k":[35,0,0,21,0],"v":{"did":112}},{"k":[39,0,0,16,0],"v":{"did":112}},{"k":[34,0,0,21,0],"v":{"did":112}},{"k":[37,0,0,29,0],"v":{"did":112}},{"k":[36,0,0,29,0],"v":{"did":112}},{"k":[39,0,0,29,0],"v":{"did":112}},{"k":[38,0,0,29,0],"v":{"did":112}},{"k":[41,0,0,29,0],"v":{"did":112}}],"o":[]},"sprites":{"list":[{"k":[45,0,0,29,0],"v":{"f":false,"k":4,"t":[6,7,1,1]}},{"k":[44,0,0,30,0],"v":{"f":false,"k":4,"t":[6,8,1,1]}},{"k":[44,0,0,29,0],"v":{"f":false,"k":4,"t":[7,7,1,1]}},{"k":[45,0,0,28,0],"v":{"f":false,"k":4,"t":[6,8,1,1]}},{"k":[46,0,0,27,0],"v":{"f":false,"k":4,"t":[5,5,1,1]}},{"k":[47,0,0,29,0],"v":{"f":false,"k":4,"t":[5,5,1,1]}},{"k":[45,0,0,31,0],"v":{"f":false,"k":4,"t":[5,5,1,1]}},{"k":[45,0,0,30,0],"v":{"f":false,"k":4,"t":[7,7,1,1]}},{"k":[44,0,0,31,0],"v":{"f":false,"k":4,"t":[6,8,1,1]}},{"k":[46,0,0,31,0],"v":{"f":false,"k":4,"t":[7,7,1,1]}},{"k":[35,1,0,30,0],"v":{"f":false,"k":4,"t":[5,2,1,1]}},{"k":[40,0,0,26,0],"v":{"f":false,"k":4,"t":[7,8,1,1]}},{"k":[45,0,0,21,0],"v":{"f":false,"k":4,"t":[6,7,1,1]}},{"k":[44,0,0,22,0],"v":{"f":false,"k":4,"t":[7,7,1,1]}},{"k":[41,0,0,25,0],"v":{"f":false,"k":4,"t":[6,8,1,1]}},{"k":[42,0,0,24,0],"v":{"f":false,"k":4,"t":[5,5,1,1]}},{"k":[34,1,0,30,0],"v":{"f":false,"k":4,"t":[6,1,1,1]}},{"k":[43,0,0,22,0],"v":{"f":false,"k":4,"t":[6,7,1,1]}},{"k":[42,0,0,23,0],"v":{"f":false,"k":4,"t":[6,7,1,1]}},{"k":[40,0,0,25,0],"v":{"f":false,"k":4,"t":[6,8,1,1]}},{"k":[46,0,0,19,0],"v":{"f":false,"k":4,"t":[5,5,1,1]}},{"k":[39,0,0,26,0],"v":{"f":false,"k":4,"t":[5,5,1,1]}},{"k":[37,1,0,30,0],"v":{"f":false,"k":4,"t":[5,2,1,1]}},{"k":[45,0,0,23,0],"v":{"f":false,"k":4,"t":[6,7,1,1]}},{"k":[47,0,0,21,0],"v":{"f":false,"k":4,"t":[7,7,1,1]}},{"k":[43,0,0,25,0],"v":{"f":false,"k":4,"t":[6,8,1,1]}},{"k":[46,0,0,22,0],"v":{"f":false,"k":4,"t":[5,5,1,1]}},{"k":[36,1,0,30,0],"v":{"f":false,"k":4,"t":[6,1,1,1]}},{"k":[47,0,0,20,0],"v":{"f":false,"k":4,"t":[7,7,1,1]}},{"k":[45,0,0,22,0],"v":{"f":false,"k":4,"t":[7,7,1,1]}},{"k":[42,0,0,25,0],"v":{"f":false,"k":4,"t":[6,8,1,1]}},{"k":[46,0,0,21,0],"v":{"f":false,"k":4,"t":[5,5,1,1]}},{"k":[39,1,0,30,0],"v":{"f":false,"k":4,"t":[5,2,1,1]}},{"k":[47,0,0,23,0],"v":{"f":false,"k":4,"t":[6,7,1,1]}},{"k":[44,0,0,26,0],"v":{"f":false,"k":4,"t":[6,8,1,1]}},{"k":[42,0,0,28,0],"v":{"k":4,"t":[6,8,1,1]}},{"k":[38,1,0,30,0],"v":{"f":false,"k":4,"t":[6,1,1,1]}},{"k":[47,0,0,22,0],"v":{"f":false,"k":4,"t":[7,7,1,1]}},{"k":[46,0,0,23,0],"v":{"f":false,"k":4,"t":[7,7,1,1]}},{"k":[44,0,0,25,0],"v":{"f":false,"k":4,"t":[7,7,1,1]}},{"k":[46,0,0,26,0],"v":{"f":false,"k":4,"t":[6,7,1,1]}},{"k":[44,0,0,28,0],"v":{"f":false,"k":4,"t":[7,7,1,1]}},{"k":[40,1,0,30,0],"v":{"f":false,"k":4,"t":[6,1,1,1]}},{"k":[46,0,0,25,0],"v":{"f":false,"k":4,"t":[6,7,1,1]}},{"k":[47,0,0,24,0],"v":{"f":false,"k":4,"t":[6,7,1,1]}},{"k":[45,0,0,26,0],"v":{"f":false,"k":4,"t":[7,7,1,1]}},{"k":[44,0,0,27,0],"v":{"f":false,"k":4,"t":[6,8,1,1]}},{"k":[37,1,0,20,0],"v":{"k":4,"t":[3,6,1,1]}},{"k":[38,1,0,19,0],"v":{"f":false,"k":4,"t":[3,6,1,1]}},{"k":[33,0,0,25,0],"v":{"f":false,"k":4,"t":[7,8,1,1]}},{"k":[32,0,0,26,0],"v":{"f":false,"k":4,"t":[7,7,1,1]}},{"k":[35,0,0,23,0],"v":{"f":false,"k":4,"t":[7,7,1,1]}},{"k":[41,0,0,17,0],"v":{"k":4,"t":[6,8,1,1]}},{"k":[42,0,0,16,0],"v":{"f":false,"k":4,"t":[5,5,1,1]}},{"k":[36,1,0,20,0],"v":{"k":4,"t":[3,6,1,1]}},{"k":[38,1,0,18,0],"v":{"f":false,"k":4,"t":[3,6,1,1]}},{"k":[32,0,0,25,0],"v":{"f":false,"k":4,"t":[7,7,1,1]}},{"k":[34,0,0,23,0],"v":{"f":false,"k":4,"t":[7,7,1,1]}},{"k":[41,0,0,16,0],"v":{"k":4,"t":[6,8,1,1]}},{"k":[33,0,0,24,0],"v":{"f":false,"k":4,"t":[5,5,1,1]}},{"k":[44,0,0,16,0],"v":{"f":false,"k":4,"t":[7,8,1,1]}},{"k":[34,0,0,26,0],"v":{"f":false,"k":4,"t":[7,7,1,1]}},{"k":[36,0,0,24,0],"v":{"f":false,"k":4,"t":[7,7,1,1]}},{"k":[32,0,0,28,0],"v":{"f":false,"k":4,"t":[6,8,1,1]}},{"k":[41,0,0,19,0],"v":{"k":4,"t":[6,8,1,1]}},{"k":[40,0,0,20,0],"v":{"k":4,"t":[6,8,1,1]}},{"k":[43,0,0,17,0],"v":{"f":false,"k":4,"t":[5,5,1,1]}},{"k":[35,0,0,25,0],"v":{"f":false,"k":4,"t":[5,5,1,1]}},{"k":[38,1,0,20,0],"v":{"k":4,"t":[3,6,1,1]}},{"k":[36,0,0,23,0],"v":{"f":false,"k":4,"t":[7,7,1,1]}},{"k":[35,0,0,24,0],"v":{"f":false,"k":4,"t":[7,7,1,1]}},{"k":[34,0,0,25,0],"v":{"f":false,"k":4,"t":[7,7,1,1]}},{"k":[41,0,0,18,0],"v":{"k":4,"t":[6,8,1,1]}},{"k":[37,0,0,22,0],"v":{"k":4,"t":[6,8,1,1]}},{"k":[32,0,0,27,0],"v":{"f":false,"k":4,"t":[5,5,1,1]}},{"k":[45,0,0,17,0],"v":{"f":false,"k":4,"t":[7,8,1,1]}},{"k":[43,0,0,19,0],"v":{"f":false,"k":4,"t":[7,8,1,1]}},{"k":[38,0,0,24,0],"v":{"f":false,"k":4,"t":[6,7,1,1]}},{"k":[41,0,0,21,0],"v":{"f":false,"k":4,"t":[7,7,1,1]}},{"k":[40,0,0,22,0],"v":{"k":4,"t":[6,8,1,1]}},{"k":[45,0,0,16,0],"v":{"f":false,"k":4,"t":[7,8,1,1]}},{"k":[43,0,0,18,0],"v":{"f":false,"k":4,"t":[7,8,1,1]}},{"k":[37,0,0,24,0],"v":{"f":false,"k":4,"t":[6,7,1,1]}},{"k":[44,0,0,17,0],"v":{"f":false,"k":4,"t":[7,7,1,1]}},{"k":[33,0,0,28,0],"v":{"f":false,"k":4,"t":[6,8,1,1]}},{"k":[40,0,0,21,0],"v":{"k":4,"t":[6,8,1,1]}},{"k":[39,0,0,22,0],"v":{"k":4,"t":[6,8,1,1]}},{"k":[33,1,0,30,0],"v":{"f":false,"k":4,"t":[5,2,1,1]}},{"k":[45,0,0,19,0],"v":{"f":false,"k":4,"t":[7,8,1,1]}},{"k":[42,0,0,22,0],"v":{"f":false,"k":4,"t":[7,8,1,1]}},{"k":[38,0,0,26,0],"v":{"f":false,"k":4,"t":[7,8,1,1]}},{"k":[41,0,0,23,0],"v":{"f":false,"k":4,"t":[6,7,1,1]}},{"k":[43,0,0,21,0],"v":{"f":false,"k":4,"t":[7,7,1,1]}},{"k":[40,0,0,24,0],"v":{"f":false,"k":4,"t":[5,5,1,1]}},{"k":[37,0,0,27,0],"v":{"f":false,"k":4,"t":[5,5,1,1]}},{"k":[43,0,0,20,0],"v":{"f":false,"k":4,"t":[7,8,1,1]}},{"k":[39,0,0,24,0],"v":{"f":false,"k":4,"t":[6,7,1,1]}},{"k":[45,0,0,18,0],"v":{"f":false,"k":4,"t":[7,7,1,1]}},{"k":[42,0,0,21,0],"v":{"f":false,"k":4,"t":[7,7,1,1]}},{"k":[40,0,0,23,0],"v":{"f":false,"k":4,"t":[5,5,1,1]}},{"k":[33,0,0,17,0],"v":{"f":false,"k":4,"t":[6,8,1,1]}},{"k":[35,1,0,16,0],"v":{"f":false,"k":4,"t":[3,6,1,1]}},{"k":[33,0,0,19,0],"v":{"f":false,"k":4,"t":[6,8,1,1]}},{"k":[35,1,0,18,0],"v":{"f":false,"k":4,"t":[3,6,1,1]}},{"k":[37,1,0,16,0],"v":{"f":false,"k":4,"t":[5,15,1,1]}},{"k":[32,0,0,22,0],"v":{"f":false,"k":4,"t":[7,7,1,1]}},{"k":[35,1,0,17,0],"v":{"f":false,"k":4,"t":[3,6,1,1]}},{"k":[38,1,0,17,0],"v":{"f":false,"k":4,"t":[3,6,1,1]}},{"k":[35,1,0,20,0],"v":{"f":false,"k":4,"t":[3,6,1,1]}},{"k":[32,0,0,24,0],"v":{"f":false,"k":4,"t":[7,7,1,1]}},{"k":[33,0,0,23,0],"v":{"f":false,"k":4,"t":[7,7,1,1]}},{"k":[36,1,0,18,0],"v":{"f":false,"k":4,"t":[2,9,4,6]}},{"k":[38,1,0,16,0],"v":{"f":false,"k":4,"t":[3,6,1,1]}},{"k":[35,1,0,19,0],"v":{"k":4,"t":[3,6,1,1]}}],"overflow":[],"walls":[]}}