{"lands":{"autotiles":[],"floors":[{"k":[43,0,0,15,0],"v":{"t":[0,0]}},{"k":[44,0,0,14,0],"v":{"t":[0,0]}},{"k":[45,0,0,13,0],"v":{"t":[0,0]}},{"k":[46,0,0,12,0],"v":{"t":[0,0]}},{"k":[47,0,0,11,0],"v":{"t":[0,0]}},{"k":[42,0,0,15,0],"v":{"t":[0,0]}},{"k":[43,0,0,14,0],"v":{"t":[0,0]}},{"k":[44,0,0,13,0],"v":{"t":[0,0]}},{"k":[45,0,0,12,0],"v":{"t":[0,0]}},{"k":[46,0,0,11,0],"v":{"t":[0,0]}},{"k":[47,0,0,10,0],"v":{"t":[0,0]}},{"k":[45,0,0,15,0],"v":{"t":[0,0]}},{"k":[46,0,0,14,0],"v":{"t":[0,0]}},{"k":[47,0,0,13,0],"v":{"t":[0,0]}},{"k":[44,0,0,15,0],"v":{"t":[0,0]}},{"k":[45,0,0,14,0],"v":{"t":[0,0]}},{"k":[46,0,0,13,0],"v":{"t":[0,0]}},{"k":[47,0,0,12,0],"v":{"t":[0,0]}},{"k":[47,0,0,15,0],"v":{"t":[0,0]}},{"k":[46,0,0,15,0],"v":{"t":[0,0]}},{"k":[47,0,0,14,0],"v":{"t":[0,0]}},{"k":[35,0,0,15,0],"v":{"t":[0,0]}},{"k":[36,0,0,14,0],"v":{"t":[0,0]}},{"k":[37,0,0,13,0],"v":{"t":[0,0]}},{"k":[38,0,0,12,0],"v":{"t":[0,0]}},{"k":[40,0,0,10,0],"v":{"t":[0,0]}},{"k":[41,0,0,9,0],"v":{"t":[0,0]}},{"k":[42,0,0,8,0],"v":{"t":[0,0]}},{"k":[43,0,0,7,0],"v":{"t":[0,0]}},{"k":[44,0,0,6,0],"v":{"t":[0,0]}},{"k":[45,0,0,5,0],"v":{"t":[0,0]}},{"k":[46,0,0,4,0],"v":{"t":[0,0]}},{"k":[47,0,0,3,0],"v":{"t":[0,0]}},{"k":[45,5,0,0,0],"v":{"t":[0,0]}},{"k":[39,0,0,11,0],"v":{"t":[0,0]}},{"k":[35,1,0,14,0],"v":{"t":[0,0]}},{"k":[37,1,0,12,0],"v":{"t":[0,0]}},{"k":[36,1,0,13,0],"v":{"t":[0,0]}},{"k":[38,1,0,11,0],"v":{"t":[0,0]}},{"k":[34,0,0,15,0],"v":{"t":[0,0]}},{"k":[35,0,0,14,0],"v":{"t":[0,0]}},{"k":[36,0,0,13,0],"v":{"t":[0,0]}},{"k":[37,0,0,12,0],"v":{"t":[0,0]}},{"k":[39,0,0,10,0],"v":{"t":[0,0]}},{"k":[40,0,0,9,0],"v":{"t":[0,0]}},{"k":[41,0,0,8,0],"v":{"t":[0,0]}},{"k":[42,0,0,7,0],"v":{"t":[0,0]}},{"k":[43,0,0,6,0],"v":{"t":[0,0]}},{"k":[44,0,0,5,0],"v":{"t":[0,0]}},{"k":[45,0,0,4,0],"v":{"t":[0,0]}},{"k":[46,0,0,3,0],"v":{"t":[0,0]}},{"k":[47,0,0,2,0],"v":{"t":[0,0]}},{"k":[44,5,0,0,0],"v":{"t":[0,0]}},{"k":[38,0,0,11,0],"v":{"t":[0,0]}},{"k":[35,1,0,13,0],"v":{"t":[0,0]}},{"k":[36,1,0,12,0],"v":{"t":[0,0]}},{"k":[38,1,0,10,0],"v":{"t":[0,0]}},{"k":[37,1,0,11,0],"v":{"t":[0,0]}},{"k":[37,0,0,15,0],"v":{"t":[0,0]}},{"k":[38,0,0,14,0],"v":{"t":[0,0]}},{"k":[39,0,0,13,0],"v":{"t":[0,0]}},{"k":[41,0,0,11,0],"v":{"t":[0,0]}},{"k":[42,0,0,10,0],"v":{"t":[0,0]}},{"k":[43,0,0,9,0],"v":{"t":[0,0]}},{"k":[44,0,0,8,0],"v":{"t":[0,0]}},{"k":[45,0,0,7,0],"v":{"t":[0,0]}},{"k":[46,0,0,6,0],"v":{"t":[0,0]}},{"k":[47,0,0,5,0],"v":{"t":[0,0]}},{"k":[47,5,0,0,0],"v":{"t":[0,0]}},{"k":[40,0,0,12,0],"v":{"t":[0,0]}},{"k":[36,1,0,15,0],"v":{"t":[0,0]}},{"k":[38,1,0,13,0],"v":{"t":[0,0]}},{"k":[37,1,0,14,0],"v":{"t":[0,0]}},{"k":[36,0,0,15,0],"v":{"t":[0,0]}},{"k":[37,0,0,14,0],"v":{"t":[0,0]}},{"k":[38,0,0,13,0],"v":{"t":[0,0]}},{"k":[39,0,0,12,0],"v":{"t":[0,0]}},{"k":[41,0,0,10,0],"v":{"t":[0,0]}},{"k":[42,0,0,9,0],"v":{"t":[0,0]}},{"k":[43,0,0,8,0],"v":{"t":[0,0]}},{"k":[44,0,0,7,0],"v":{"t":[0,0]}},{"k":[45,0,0,6,0],"v":{"t":[0,0]}},{"k":[46,0,0,5,0],"v":{"t":[0,0]}},{"k":[47,0,0,4,0],"v":{"t":[0,0]}},{"k":[46,5,0,0,0],"v":{"t":[0,0]}},{"k":[40,0,0,11,0],"v":{"t":[0,0]}},{"k":[35,1,0,15,0],"v":{"t":[0,0]}},{"k":[37,1,0,13,0],"v":{"t":[0,0]}},{"k":[36,1,0,14,0],"v":{"t":[0,0]}},{"k":[38,1,0,12,0],"v":{"t":[0,0]}},{"k":[39,0,0,15,0],"v":{"t":[0,0]}},{"k":[40,0,0,14,0],"v":{"t":[0,0]}},{"k":[42,0,0,12,0],"v":{"t":[0,0]}},{"k":[43,0,0,11,0],"v":{"t":[0,0]}},{"k":[44,0,0,10,0],"v":{"t":[0,0]}},{"k":[45,0,0,9,0],"v":{"t":[0,0]}},{"k":[46,0,0,8,0],"v":{"t":[0,0]}},{"k":[47,0,0,7,0],"v":{"t":[0,0]}},{"k":[41,0,0,13,0],"v":{"t":[0,0]}},{"k":[38,1,0,15,0],"v":{"t":[0,0]}},{"k":[38,0,0,15,0],"v":{"t":[0,0]}},{"k":[39,0,0,14,0],"v":{"t":[0,0]}},{"k":[40,0,0,13,0],"v":{"t":[0,0]}},{"k":[42,0,0,11,0],"v":{"t":[0,0]}},{"k":[43,0,0,10,0],"v":{"t":[0,0]}},{"k":[44,0,0,9,0],"v":{"t":[0,0]}},{"k":[45,0,0,8,0],"v":{"t":[0,0]}},{"k":[46,0,0,7,0],"v":{"t":[0,0]}},{"k":[47,0,0,6,0],"v":{"t":[0,0]}},{"k":[41,0,0,12,0],"v":{"t":[0,0]}},{"k":[38,1,0,14,0],"v":{"t":[0,0]}},{"k":[37,1,0,15,0],"v":{"t":[0,0]}},{"k":[42,0,0,14,0],"v":{"t":[0,0]}},{"k":[43,0,0,13,0],"v":{"t":[0,0]}},{"k":[44,0,0,12,0],"v":{"t":[0,0]}},{"k":[45,0,0,11,0],"v":{"t":[0,0]}},{"k":[46,0,0,10,0],"v":{"t":[0,0]}},{"k":[47,0,0,9,0],"v":{"t":[0,0]}},{"k":[41,0,0,15,0],"v":{"t":[0,0]}},{"k":[40,0,0,15,0],"v":{"t":[0,0]}},{"k":[42,0,0,13,0],"v":{"t":[0,0]}},{"k":[43,0,0,12,0],"v":{"t":[0,0]}},{"k":[44,0,0,11,0],"v":{"t":[0,0]}},{"k":[45,0,0,10,0],"v":{"t":[0,0]}},{"k":[46,0,0,9,0],"v":{"t":[0,0]}},{"k":[47,0,0,8,0],"v":{"t":[0,0]}},{"k":[41,0,0,14,0],"v":{"t":[0,0]}},{"k":[32,0,0,10,0],"v":{"t":[0,0]}},{"k":[33,0,0,9,0],"v":{"t":[0,0]}},{"k":[34,0,0,8,0],"v":{"t":[0,0]}},{"k":[35,0,0,7,0],"v":{"t":[0,0]}},{"k":[36,0,0,6,0],"v":{"t":[0,0]}},{"k":[37,0,0,5,0],"v":{"t":[0,0]}},{"k":[38,0,0,4,0],"v":{"t":[0,0]}},{"k":[39,0,0,3,0],"v":{"t":[0,0]}},{"k":[40,0,0,2,0],"v":{"t":[0,0]}},{"k":[41,0,0,1,0],"v":{"t":[0,0]}},{"k":[42,0,0,0,0],"v":{"t":[0,0]}},{"k":[37,5,0,0,0],"v":{"t":[0,0]}},{"k":[35,1,0,6,0],"v":{"t":[0,0]}},{"k":[36,1,0,5,0],"v":{"t":[0,0]}},{"k":[32,0,0,9,0],"v":{"t":[0,0]}},{"k":[33,0,0,8,0],"v":{"t":[0,0]}},{"k":[34,0,0,7,0],"v":{"t":[0,0]}},{"k":[35,0,0,6,0],"v":{"t":[0,0]}},{"k":[36,0,0,5,0],"v":{"t":[0,0]}},{"k":[37,0,0,4,0],"v":{"t":[0,0]}},{"k":[38,0,0,3,0],"v":{"t":[0,0]}},{"k":[39,0,0,2,0],"v":{"t":[0,0]}},{"k":[40,0,0,1,0],"v":{"t":[0,0]}},{"k":[41,0,0,0,0],"v":{"t":[0,0]}},{"k":[36,5,0,0,0],"v":{"t":[0,0]}},{"k":[35,1,0,5,0],"v":{"t":[0,0]}},{"k":[32,0,0,12,0],"v":{"t":[0,0]}},{"k":[33,0,0,11,0],"v":{"t":[0,0]}},{"k":[34,0,0,10,0],"v":{"t":[0,0]}},{"k":[35,0,0,9,0],"v":{"t":[0,0]}},{"k":[36,0,0,8,0],"v":{"t":[0,0]}},{"k":[37,0,0,7,0],"v":{"t":[0,0]}},{"k":[38,0,0,6,0],"v":{"t":[0,0]}},{"k":[39,0,0,5,0],"v":{"t":[0,0]}},{"k":[40,0,0,4,0],"v":{"t":[0,0]}},{"k":[41,0,0,3,0],"v":{"t":[0,0]}},{"k":[42,0,0,2,0],"v":{"t":[0,0]}},{"k":[43,0,0,1,0],"v":{"t":[0,0]}},{"k":[44,0,0,0,0],"v":{"t":[0,0]}},{"k":[39,5,0,0,0],"v":{"t":[0,0]}},{"k":[38,1,0,5,0],"v":{"t":[0,0]}},{"k":[35,1,0,8,0],"v":{"t":[0,0]}},{"k":[36,1,0,7,0],"v":{"t":[0,0]}},{"k":[37,1,0,6,0],"v":{"t":[0,0]}},{"k":[32,0,0,11,0],"v":{"t":[0,0]}},{"k":[33,0,0,10,0],"v":{"t":[0,0]}},{"k":[34,0,0,9,0],"v":{"t":[0,0]}},{"k":[35,0,0,8,0],"v":{"t":[0,0]}},{"k":[36,0,0,7,0],"v":{"t":[0,0]}},{"k":[37,0,0,6,0],"v":{"t":[0,0]}},{"k":[38,0,0,5,0],"v":{"t":[0,0]}},{"k":[39,0,0,4,0],"v":{"t":[0,0]}},{"k":[40,0,0,3,0],"v":{"t":[0,0]}},{"k":[41,0,0,2,0],"v":{"t":[0,0]}},{"k":[42,0,0,1,0],"v":{"t":[0,0]}},{"k":[43,0,0,0,0],"v":{"t":[0,0]}},{"k":[38,5,0,0,0],"v":{"t":[0,0]}},{"k":[37,1,0,5,0],"v":{"t":[0,0]}},{"k":[35,1,0,7,0],"v":{"t":[0,0]}},{"k":[36,1,0,6,0],"v":{"t":[0,0]}},{"k":[32,0,0,14,0],"v":{"t":[0,0]}},{"k":[33,0,0,13,0],"v":{"t":[0,0]}},{"k":[36,0,0,10,0],"v":{"t":[0,0]}},{"k":[37,0,0,9,0],"v":{"t":[0,0]}},{"k":[38,0,0,8,0],"v":{"t":[0,0]}},{"k":[39,0,0,7,0],"v":{"t":[0,0]}},{"k":[40,0,0,6,0],"v":{"t":[0,0]}},{"k":[41,0,0,5,0],"v":{"t":[0,0]}},{"k":[42,0,0,4,0],"v":{"t":[0,0]}},{"k":[43,0,0,3,0],"v":{"t":[0,0]}},{"k":[44,0,0,2,0],"v":{"t":[0,0]}},{"k":[45,0,0,1,0],"v":{"t":[0,0]}},{"k":[46,0,0,0,0],"v":{"t":[0,0]}},{"k":[41,5,0,0,0],"v":{"t":[0,0]}},{"k":[34,0,0,12,0],"v":{"t":[0,0]}},{"k":[35,0,0,11,0],"v":{"t":[0,0]}},{"k":[35,1,0,10,0],"v":{"t":[0,0]}},{"k":[36,1,0,9,0],"v":{"t":[0,0]}},{"k":[37,1,0,8,0],"v":{"t":[0,0]}},{"k":[38,1,0,7,0],"v":{"t":[0,0]}},{"k":[32,0,0,13,0],"v":{"t":[0,0]}},{"k":[33,0,0,12,0],"v":{"t":[0,0]}},{"k":[35,0,0,10,0],"v":{"t":[0,0]}},{"k":[36,0,0,9,0],"v":{"t":[0,0]}},{"k":[37,0,0,8,0],"v":{"t":[0,0]}},{"k":[38,0,0,7,0],"v":{"t":[0,0]}},{"k":[39,0,0,6,0],"v":{"t":[0,0]}},{"k":[40,0,0,5,0],"v":{"t":[0,0]}},{"k":[41,0,0,4,0],"v":{"t":[0,0]}},{"k":[42,0,0,3,0],"v":{"t":[0,0]}},{"k":[43,0,0,2,0],"v":{"t":[0,0]}},{"k":[44,0,0,1,0],"v":{"t":[0,0]}},{"k":[45,0,0,0,0],"v":{"t":[0,0]}},{"k":[40,5,0,0,0],"v":{"t":[0,0]}},{"k":[34,0,0,11,0],"v":{"t":[0,0]}},{"k":[35,1,0,9,0],"v":{"t":[0,0]}},{"k":[36,1,0,8,0],"v":{"t":[0,0]}},{"k":[37,1,0,7,0],"v":{"t":[0,0]}},{"k":[38,1,0,6,0],"v":{"t":[0,0]}},{"k":[34,0,0,14,0],"v":{"t":[0,0]}},{"k":[35,0,0,13,0],"v":{"t":[0,0]}},{"k":[36,0,0,12,0],"v":{"t":[0,0]}},{"k":[38,0,0,10,0],"v":{"t":[0,0]}},{"k":[39,0,0,9,0],"v":{"t":[0,0]}},{"k":[40,0,0,8,0],"v":{"t":[0,0]}},{"k":[41,0,0,7,0],"v":{"t":[0,0]}},{"k":[42,0,0,6,0],"v":{"t":[0,0]}},{"k":[43,0,0,5,0],"v":{"t":[0,0]}},{"k":[44,0,0,4,0],"v":{"t":[0,0]}},{"k":[45,0,0,3,0],"v":{"t":[0,0]}},{"k":[46,0,0,2,0],"v":{"t":[0,0]}},{"k":[47,0,0,1,0],"v":{"t":[0,0]}},{"k":[43,5,0,0,0],"v":{"t":[0,0]}},{"k":[33,0,0,15,0],"v":{"t":[0,0]}},{"k":[37,0,0,11,0],"v":{"t":[0,0]}},{"k":[35,1,0,12,0],"v":{"t":[0,0]}},{"k":[36,1,0,11,0],"v":{"t":[0,0]}},{"k":[38,1,0,9,0],"v":{"t":[0,0]}},{"k":[37,1,0,10,0],"v":{"t":[0,0]}},{"k":[32,0,0,15,0],"v":{"t":[0,0]}},{"k":[35,0,0,12,0],"v":{"t":[0,0]}},{"k":[37,0,0,10,0],"v":{"t":[0,0]}},{"k":[38,0,0,9,0],"v":{"t":[0,0]}},{"k":[39,0,0,8,0],"v":{"t":[0,0]}},{"k":[40,0,0,7,0],"v":{"t":[0,0]}},{"k":[41,0,0,6,0],"v":{"t":[0,0]}},{"k":[42,0,0,5,0],"v":{"t":[0,0]}},{"k":[43,0,0,4,0],"v":{"t":[0,0]}},{"k":[44,0,0,3,0],"v":{"t":[0,0]}},{"k":[45,0,0,2,0],"v":{"t":[0,0]}},{"k":[46,0,0,1,0],"v":{"t":[0,0]}},{"k":[47,0,0,0,0],"v":{"t":[0,0]}},{"k":[42,5,0,0,0],"v":{"t":[0,0]}},{"k":[33,0,0,14,0],"v":{"t":[0,0]}},{"k":[34,0,0,13,0],"v":{"t":[0,0]}},{"k":[36,0,0,11,0],"v":{"t":[0,0]}},{"k":[35,1,0,11,0],"v":{"t":[0,0]}},{"k":[36,1,0,10,0],"v":{"t":[0,0]}},{"k":[38,1,0,8,0],"v":{"t":[0,0]}},{"k":[37,1,0,9,0],"v":{"t":[0,0]}},{"k":[32,0,0,2,0],"v":{"t":[0,0]}},{"k":[33,0,0,1,0],"v":{"t":[0,0]}},{"k":[34,0,0,0,0],"v":{"t":[0,0]}},{"k":[32,0,0,1,0],"v":{"t":[0,0]}},{"k":[33,0,0,0,0],"v":{"t":[0,0]}},{"k":[32,0,0,4,0],"v":{"t":[0,0]}},{"k":[33,0,0,3,0],"v":{"t":[0,0]}},{"k":[34,0,0,2,0],"v":{"t":[0,0]}},{"k":[35,0,0,1,0],"v":{"t":[0,0]}},{"k":[36,0,0,0,0],"v":{"t":[0,0]}},{"k":[32,0,0,3,0],"v":{"t":[0,0]}},{"k":[33,0,0,2,0],"v":{"t":[0,0]}},{"k":[34,0,0,1,0],"v":{"t":[0,0]}},{"k":[35,0,0,0,0],"v":{"t":[0,0]}},{"k":[32,0,0,6,0],"v":{"t":[0,0]}},{"k":[33,0,0,5,0],"v":{"t":[0,0]}},{"k":[34,0,0,4,0],"v":{"t":[0,0]}},{"k":[35,0,0,3,0],"v":{"t":[0,0]}},{"k":[36,0,0,2,0],"v":{"t":[0,0]}},{"k":[37,0,0,1,0],"v":{"t":[0,0]}},{"k":[38,0,0,0,0],"v":{"t":[0,0]}},{"k":[33,5,0,0,0],"v":{"t":[0,0]}},{"k":[32,0,0,5,0],"v":{"t":[0,0]}},{"k":[33,0,0,4,0],"v":{"t":[0,0]}},{"k":[34,0,0,3,0],"v":{"t":[0,0]}},{"k":[35,0,0,2,0],"v":{"t":[0,0]}},{"k":[36,0,0,1,0],"v":{"t":[0,0]}},{"k":[37,0,0,0,0],"v":{"t":[0,0]}},{"k":[32,5,0,0,0],"v":{"t":[0,0]}},{"k":[32,0,0,8,0],"v":{"t":[0,0]}},{"k":[33,0,0,7,0],"v":{"t":[0,0]}},{"k":[34,0,0,6,0],"v":{"t":[0,0]}},{"k":[35,0,0,5,0],"v":{"t":[0,0]}},{"k":[36,0,0,4,0],"v":{"t":[0,0]}},{"k":[37,0,0,3,0],"v":{"t":[0,0]}},{"k":[38,0,0,2,0],"v":{"t":[0,0]}},{"k":[39,0,0,1,0],"v":{"t":[0,0]}},{"k":[40,0,0,0,0],"v":{"t":[0,0]}},{"k":[35,5,0,0,0],"v":{"t":[0,0]}},{"k":[32,0,0,7,0],"v":{"t":[0,0]}},{"k":[33,0,0,6,0],"v":{"t":[0,0]}},{"k":[34,0,0,5,0],"v":{"t":[0,0]}},{"k":[35,0,0,4,0],"v":{"t":[0,0]}},{"k":[36,0,0,3,0],"v":{"t":[0,0]}},{"k":[37,0,0,2,0],"v":{"t":[0,0]}},{"k":[38,0,0,1,0],"v":{"t":[0,0]}},{"k":[39,0,0,0,0],"v":{"t":[0,0]}},{"k":[34,5,0,0,0],"v":{"t":[0,0]}},{"k":[32,0,0,0,0],"v":{"t":[0,0]}}]},"moun":{"a":[{"k":[35,0,0,15,0],"v":{"b":true,"r":true,"sid":1,"t":true}},{"k":[37,0,0,13,0],"v":{"b":true,"l":true,"r":true,"sid":1,"t":true}},{"k":[36,0,0,14,0],"v":{"b":true,"l":true,"r":true,"sid":1,"t":true}},{"k":[38,0,0,12,0],"v":{"b":true,"l":true,"sid":1,"t":true}},{"k":[35,0,0,14,0],"v":{"b":true,"r":true,"sid":1,"t":true}},{"k":[37,0,0,12,0],"v":{"b":true,"l":true,"r":true,"sid":1,"t":true}},{"k":[36,0,0,13,0],"v":{"b":true,"l":true,"r":true,"sid":1,"t":true}},{"k":[38,0,0,11,0],"v":{"b":true,"l":true,"sid":1,"t":true}},{"k":[38,0,0,14,0],"v":{"b":true,"l":true,"sid":1,"t":true}},{"k":[37,0,0,15,0],"v":{"b":true,"l":true,"r":true,"sid":1,"t":true}},{"k":[36,0,0,15,0],"v":{"b":true,"l":true,"r":true,"sid":1,"t":true}},{"k":[38,0,0,13,0],"v":{"b":true,"l":true,"sid":1,"t":true}},{"k":[37,0,0,14,0],"v":{"b":true,"l":true,"r":true,"sid":1,"t":true}},{"k":[38,0,0,15,0],"v":{"b":true,"l":true,"sid":1,"t":true}},{"k":[42,0,0,0,0],"v":{"hs":5,"l":true,"r":true,"sid":1}},{"k":[37,0,0,5,0],"v":{"b":true,"l":true,"r":true,"sid":1}},{"k":[35,0,0,7,0],"v":{"b":true,"r":true,"sid":1,"t":true}},{"k":[36,0,0,6,0],"v":{"b":true,"l":true,"r":true,"sid":1,"t":true}},{"k":[41,0,0,0,0],"v":{"hs":5,"l":true,"r":true,"sid":1}},{"k":[35,0,0,6,0],"v":{"b":true,"r":true,"sid":1,"t":true}},{"k":[36,0,0,5,0],"v":{"b":true,"l":true,"r":true,"sid":1}},{"k":[44,0,0,0,0],"v":{"hs":5,"l":true,"r":true,"sid":1}},{"k":[35,0,0,9,0],"v":{"b":true,"r":true,"sid":1,"t":true}},{"k":[36,0,0,8,0],"v":{"b":true,"l":true,"r":true,"sid":1,"t":true}},{"k":[37,0,0,7,0],"v":{"b":true,"l":true,"r":true,"sid":1,"t":true}},{"k":[38,0,0,6,0],"v":{"b":true,"l":true,"sid":1,"t":true}},{"k":[43,0,0,0,0],"v":{"hs":5,"l":true,"r":true,"sid":1}},{"k":[38,0,0,5,0],"v":{"b":true,"l":true,"sid":1}},{"k":[35,0,0,8,0],"v":{"b":true,"r":true,"sid":1,"t":true}},{"k":[36,0,0,7,0],"v":{"b":true,"l":true,"r":true,"sid":1,"t":true}},{"k":[37,0,0,6,0],"v":{"b":true,"l":true,"r":true,"sid":1,"t":true}},{"k":[46,0,0,0,0],"v":{"hs":5,"l":true,"r":true,"sid":1}},{"k":[35,0,0,11,0],"v":{"b":true,"r":true,"sid":1,"t":true}},{"k":[36,0,0,10,0],"v":{"b":true,"l":true,"r":true,"sid":1,"t":true}},{"k":[38,0,0,8,0],"v":{"b":true,"l":true,"sid":1,"t":true}},{"k":[37,0,0,9,0],"v":{"b":true,"l":true,"r":true,"sid":1,"t":true}},{"k":[45,0,0,0,0],"v":{"hs":5,"l":true,"r":true,"sid":1}},{"k":[35,0,0,10,0],"v":{"b":true,"r":true,"sid":1,"t":true}},{"k":[36,0,0,9,0],"v":{"b":true,"l":true,"r":true,"sid":1,"t":true}},{"k":[37,0,0,8,0],"v":{"b":true,"l":true,"r":true,"sid":1,"t":true}},{"k":[38,0,0,7,0],"v":{"b":true,"l":true,"sid":1,"t":true}},{"k":[35,0,0,13,0],"v":{"b":true,"r":true,"sid":1,"t":true}},{"k":[36,0,0,12,0],"v":{"b":true,"l":true,"r":true,"sid":1,"t":true}},{"k":[38,0,0,10,0],"v":{"b":true,"l":true,"sid":1,"t":true}},{"k":[37,0,0,11,0],"v":{"b":true,"l":true,"r":true,"sid":1,"t":true}},{"k":[47,0,0,0,0],"v":{"hs":5,"l":true,"r":true,"sid":1}},{"k":[35,0,0,12,0],"v":{"b":true,"r":true,"sid":1,"t":true}},{"k":[36,0,0,11,0],"v":{"b":true,"l":true,"r":true,"sid":1,"t":true}},{"k":[38,0,0,9,0],"v":{"b":true,"l":true,"sid":1,"t":true}},{"k":[37,0,0,10,0],"v":{"b":true,"l":true,"r":true,"sid":1,"t":true}},{"k":[34,0,0,0,0],"v":{"hs":5,"l":true,"r":true,"sid":1}},{"k":[33,0,0,0,0],"v":{"hs":5,"l":true,"r":true,"sid":1}},{"k":[36,0,0,0,0],"v":{"hs":5,"l":true,"r":true,"sid":1}},{"k":[35,0,0,0,0],"v":{"hs":5,"l":true,"r":true,"sid":1}},{"k":[38,0,0,0,0],"v":{"hs":5,"l":true,"r":true,"sid":1}},{"k":[37,0,0,0,0],"v":{"hs":5,"l":true,"r":true,"sid":1}},{"k":[40,0,0,0,0],"v":{"hs":5,"l":true,"r":true,"sid":1}},{"k":[35,0,0,5,0],"v":{"b":true,"r":true,"sid":1}},{"k":[39,0,0,0,0],"v":{"hs":5,"l":true,"r":true,"sid":1}},{"k":[32,0,0,0,0],"v":{"hs":5,"l":true,"r":true,"sid":1}}],"o":[]},"objs":{"list":[]},"objs3d":{"a":[{"k":[39,0,0,11,0],"v":{"did":112}},{"k":[39,0,0,10,0],"v":{"did":112}},{"k":[34,0,0,15,0],"v":{"did":112}},{"k":[39,0,0,13,0],"v":{"did":112}},{"k":[39,0,0,12,0],"v":{"did":112}},{"k":[39,0,0,15,0],"v":{"did":112}},{"k":[39,0,0,14,0],"v":{"did":112}},{"k":[38,0,0,4,0],"v":{"did":112}},{"k":[34,0,0,8,0],"v":{"did":112}},{"k":[37,0,0,4,0],"v":{"did":112}},{"k":[34,0,0,7,0],"v":{"did":112}},{"k":[39,0,0,5,0],"v":{"did":112}},{"k":[34,0,0,10,0],"v":{"did":112}},{"k":[39,0,0,4,0],"v":{"did":112}},{"k":[34,0,0,9,0],"v":{"did":112}},{"k":[39,0,0,7,0],"v":{"did":112}},{"k":[34,0,0,12,0],"v":{"did":112}},{"k":[39,0,0,6,0],"v":{"did":112}},{"k":[34,0,0,11,0],"v":{"did":112}},{"k":[39,0,0,9,0],"v":{"did":112}},{"k":[34,0,0,14,0],"v":{"did":112}},{"k":[39,0,0,8,0],"v":{"did":112}},{"k":[34,0,0,13,0],"v":{"did":112}},{"k":[34,0,0,4,0],"v":{"did":112}},{"k":[36,0,0,4,0],"v":{"did":112}},{"k":[34,0,0,6,0],"v":{"did":112}},{"k":[35,0,0,4,0],"v":{"did":112}},{"k":[34,0,0,5,0],"v":{"did":112}}],"o":[[34,0,0,16,0],[39,0,0,16,0]]},"sprites":{"list":[{"k":[45,0,0,13,0],"v":{"f":false,"k":4,"t":[7,8,1,1]}},{"k":[46,0,0,12,0],"v":{"k":4,"t":[6,7,1,1]}},{"k":[44,0,0,14,0],"v":{"f":false,"k":4,"t":[6,8,1,1]}},{"k":[47,0,0,10,0],"v":{"f":false,"k":4,"t":[6,7,1,1]}},{"k":[45,0,0,12,0],"v":{"f":false,"k":4,"t":[6,8,1,1]}},{"k":[44,0,0,13,0],"v":{"f":false,"k":4,"t":[6,8,1,1]}},{"k":[42,0,0,15,0],"v":{"f":false,"k":4,"t":[5,5,1,1]}},{"k":[45,0,0,15,0],"v":{"f":false,"k":4,"t":[7,8,1,1]}},{"k":[44,0,0,15,0],"v":{"f":false,"k":4,"t":[6,7,1,1]}},{"k":[47,0,0,12,0],"v":{"k":4,"t":[6,7,1,1]}},{"k":[45,0,0,14,0],"v":{"f":false,"k":4,"t":[6,8,1,1]}},{"k":[47,0,0,15,0],"v":{"f":false,"k":4,"t":[6,8,1,1]}},{"k":[46,0,0,15,0],"v":{"f":false,"k":4,"t":[5,5,1,1]}},{"k":[36,1,0,13,0],"v":{"k":4,"t":[2,9,4,6]}},{"k":[38,1,0,11,0],"v":{"f":false,"k":4,"t":[3,6,1,1]}},{"k":[35,1,0,14,0],"v":{"f":false,"k":4,"t":[3,6,1,1]}},{"k":[43,0,0,7,0],"v":{"f":false,"k":4,"t":[7,7,1,1]}},{"k":[45,0,0,5,0],"v":{"f":false,"k":4,"t":[6,8,1,1]}},{"k":[46,0,0,4,0],"v":{"f":false,"k":4,"t":[6,8,1,1]}},{"k":[47,0,0,3,0],"v":{"f":false,"k":4,"t":[6,8,1,1]}},{"k":[44,0,0,6,0],"v":{"f":false,"k":4,"t":[6,8,1,1]}},{"k":[41,0,0,9,0],"v":{"f":false,"k":4,"t":[6,8,1,1]}},{"k":[38,1,0,10,0],"v":{"k":4,"t":[3,6,1,1]}},{"k":[35,1,0,13,0],"v":{"f":false,"k":4,"t":[3,6,1,1]}},{"k":[37,1,0,11,0],"v":{"f":false,"k":4,"t":[5,15,1,1]}},{"k":[44,0,0,5,0],"v":{"f":false,"k":4,"t":[7,8,1,1]}},{"k":[45,0,0,4,0],"v":{"f":false,"k":4,"t":[6,7,1,1]}},{"k":[42,0,0,7,0],"v":{"f":false,"k":4,"t":[7,7,1,1]}},{"k":[43,0,0,6,0],"v":{"f":false,"k":4,"t":[6,8,1,1]}},{"k":[41,0,0,8,0],"v":{"f":false,"k":4,"t":[6,8,1,1]}},{"k":[46,0,0,3,0],"v":{"f":false,"k":4,"t":[5,5,1,1]}},{"k":[38,1,0,13,0],"v":{"f":false,"k":4,"t":[3,6,1,1]}},{"k":[36,1,0,15,0],"v":{"f":false,"k":4,"t":[5,15,1,1]}},{"k":[44,0,0,8,0],"v":{"f":false,"k":4,"t":[6,7,1,1]}},{"k":[43,0,0,9,0],"v":{"f":false,"k":4,"t":[7,7,1,1]}},{"k":[45,0,0,7,0],"v":{"f":false,"k":4,"t":[6,8,1,1]}},{"k":[41,0,0,11,0],"v":{"f":false,"k":4,"t":[6,8,1,1]}},{"k":[47,0,0,5,0],"v":{"f":false,"k":4,"t":[6,8,1,1]}},{"k":[46,0,0,6,0],"v":{"f":false,"k":4,"t":[6,8,1,1]}},{"k":[42,0,0,10,0],"v":{"f":false,"k":4,"t":[5,5,1,1]}},{"k":[38,1,0,12,0],"v":{"f":false,"k":4,"t":[3,6,1,1]}},{"k":[35,1,0,15,0],"v":{"f":false,"k":4,"t":[3,6,1,1]}},{"k":[47,0,0,4,0],"v":{"f":false,"k":4,"t":[7,7,1,1]}},{"k":[44,0,0,7,0],"v":{"f":false,"k":4,"t":[7,7,1,1]}},{"k":[43,0,0,8,0],"v":{"f":false,"k":4,"t":[7,7,1,1]}},{"k":[46,0,0,5,0],"v":{"f":false,"k":4,"t":[6,8,1,1]}},{"k":[45,0,0,6,0],"v":{"f":false,"k":4,"t":[6,8,1,1]}},{"k":[38,1,0,15,0],"v":{"f":false,"k":4,"t":[3,6,1,1]}},{"k":[46,0,0,8,0],"v":{"f":false,"k":4,"t":[6,7,1,1]}},{"k":[41,0,0,13,0],"v":{"f":false,"k":4,"t":[6,7,1,1]}},{"k":[44,0,0,10,0],"v":{"f":false,"k":4,"t":[6,7,1,1]}},{"k":[45,0,0,9,0],"v":{"f":false,"k":4,"t":[7,7,1,1]}},{"k":[43,0,0,11,0],"v":{"f":false,"k":4,"t":[7,7,1,1]}},{"k":[42,0,0,12,0],"v":{"f":false,"k":4,"t":[6,8,1,1]}},{"k":[40,0,0,14,0],"v":{"k":4,"t":[6,8,1,1]}},{"k":[47,0,0,7,0],"v":{"f":false,"k":4,"t":[5,5,1,1]}},{"k":[38,1,0,14,0],"v":{"f":false,"k":4,"t":[3,6,1,1]}},{"k":[44,0,0,9,0],"v":{"f":false,"k":4,"t":[6,7,1,1]}},{"k":[46,0,0,7,0],"v":{"f":false,"k":4,"t":[6,7,1,1]}},{"k":[45,0,0,8,0],"v":{"f":false,"k":4,"t":[7,7,1,1]}},{"k":[43,0,0,10,0],"v":{"f":false,"k":4,"t":[7,7,1,1]}},{"k":[41,0,0,12,0],"v":{"f":false,"k":4,"t":[6,8,1,1]}},{"k":[42,0,0,11,0],"v":{"f":false,"k":4,"t":[6,8,1,1]}},{"k":[44,0,0,12,0],"v":{"f":false,"k":4,"t":[6,7,1,1]}},{"k":[47,0,0,9,0],"v":{"f":false,"k":4,"t":[6,7,1,1]}},{"k":[43,0,0,13,0],"v":{"f":false,"k":4,"t":[6,8,1,1]}},{"k":[42,0,0,14,0],"v":{"k":4,"t":[6,8,1,1]}},{"k":[45,0,0,11,0],"v":{"f":false,"k":4,"t":[5,5,1,1]}},{"k":[44,0,0,11,0],"v":{"f":false,"k":4,"t":[6,7,1,1]}},{"k":[47,0,0,8,0],"v":{"f":false,"k":4,"t":[6,7,1,1]}},{"k":[45,0,0,10,0],"v":{"f":false,"k":4,"t":[6,7,1,1]}},{"k":[46,0,0,9,0],"v":{"f":false,"k":4,"t":[7,7,1,1]}},{"k":[43,0,0,12,0],"v":{"f":false,"k":4,"t":[7,7,1,1]}},{"k":[36,1,0,5,0],"v":{"f":false,"k":4,"t":[3,6,1,1]}},{"k":[35,1,0,6,0],"v":{"k":4,"t":[3,6,1,1]}},{"k":[32,0,0,10,0],"v":{"f":false,"k":4,"t":[7,8,1,1]}},{"k":[40,0,0,2,0],"v":{"k":4,"t":[6,8,1,1]}},{"k":[34,0,0,8,0],"v":{"k":4,"t":[6,8,1,1]}},{"k":[35,1,0,5,0],"v":{"f":false,"k":4,"t":[3,6,1,1]}},{"k":[32,0,0,9,0],"v":{"f":false,"k":4,"t":[7,8,1,1]}},{"k":[39,0,0,2,0],"v":{"k":4,"t":[6,8,1,1]}},{"k":[33,0,0,8,0],"v":{"k":4,"t":[6,8,1,1]}},{"k":[38,1,0,5,0],"v":{"k":4,"t":[3,6,1,1]}},{"k":[35,1,0,8,0],"v":{"k":4,"t":[3,6,1,1]}},{"k":[41,0,0,3,0],"v":{"f":false,"k":4,"t":[6,8,1,1]}},{"k":[33,0,0,11,0],"v":{"k":4,"t":[6,8,1,1]}},{"k":[32,0,0,12,0],"v":{"f":false,"k":4,"t":[5,5,1,1]}},{"k":[37,1,0,5,0],"v":{"f":false,"k":4,"t":[3,6,1,1]}},{"k":[35,1,0,7,0],"v":{"k":4,"t":[3,6,1,1]}},{"k":[38,1,0,7,0],"v":{"k":4,"t":[3,6,1,1]}},{"k":[35,1,0,10,0],"v":{"k":4,"t":[3,6,1,1]}},{"k":[42,0,0,4,0],"v":{"f":false,"k":4,"t":[6,8,1,1]}},{"k":[32,0,0,14,0],"v":{"f":false,"k":4,"t":[6,8,1,1]}},{"k":[33,0,0,13,0],"v":{"f":false,"k":4,"t":[6,8,1,1]}},{"k":[36,1,0,8,0],"v":{"k":4,"t":[2,9,4,6]}},{"k":[38,1,0,6,0],"v":{"k":4,"t":[3,6,1,1]}},{"k":[35,1,0,9,0],"v":{"k":4,"t":[3,6,1,1]}},{"k":[37,1,0,7,0],"v":{"k":4,"t":[5,15,1,1]}},{"k":[43,0,0,2,0],"v":{"k":4,"t":[6,7,1,1]}},{"k":[41,0,0,4,0],"v":{"k":4,"t":[6,7,1,1]}},{"k":[40,0,0,5,0],"v":{"f":false,"k":4,"t":[5,5,1,1]}},{"k":[38,1,0,9,0],"v":{"k":4,"t":[3,6,1,1]}},{"k":[35,1,0,12,0],"v":{"f":false,"k":4,"t":[3,6,1,1]}},{"k":[43,0,0,5,0],"v":{"f":false,"k":4,"t":[7,7,1,1]}},{"k":[42,0,0,6,0],"v":{"f":false,"k":4,"t":[6,8,1,1]}},{"k":[41,0,0,7,0],"v":{"f":false,"k":4,"t":[6,8,1,1]}},{"k":[44,0,0,4,0],"v":{"f":false,"k":4,"t":[5,5,1,1]}},{"k":[38,1,0,8,0],"v":{"k":4,"t":[3,6,1,1]}},{"k":[35,1,0,11,0],"v":{"f":false,"k":4,"t":[3,6,1,1]}},{"k":[44,0,0,3,0],"v":{"f":false,"k":4,"t":[6,7,1,1]}},{"k":[42,0,0,5,0],"v":{"f":false,"k":4,"t":[7,7,1,1]}},{"k":[40,0,0,7,0],"v":{"f":false,"k":4,"t":[6,8,1,1]}},{"k":[33,0,0,1,0],"v":{"k":4,"t":[6,7,1,1]}},{"k":[32,0,0,2,0],"v":{"k":4,"t":[6,8,1,1]}},{"k":[32,0,0,1,0],"v":{"k":4,"t":[6,7,1,1]}},{"k":[32,0,0,4,0],"v":{"k":4,"t":[5,5,1,1]}},{"k":[32,0,0,3,0],"v":{"k":4,"t":[7,8,1,1]}},{"k":[34,0,0,1,0],"v":{"k":4,"t":[6,7,1,1]}},{"k":[33,0,0,5,0],"v":{"k":4,"t":[7,8,1,1]}},{"k":[36,0,0,2,0],"v":{"f":false,"k":4,"t":[5,5,1,1]}},{"k":[33,0,0,4,0],"v":{"k":4,"t":[7,8,1,1]}},{"k":[35,0,0,2,0],"v":{"k":4,"t":[6,8,1,1]}},{"k":[32,0,0,8,0],"v":{"f":false,"k":4,"t":[7,8,1,1]}},{"k":[38,0,0,2,0],"v":{"k":4,"t":[6,8,1,1]}},{"k":[33,0,0,7,0],"v":{"f":false,"k":4,"t":[5,5,1,1]}},{"k":[33,0,0,6,0],"v":{"k":4,"t":[7,8,1,1]}},{"k":[37,0,0,2,0],"v":{"k":4,"t":[6,8,1,1]}}],"overflow":[],"walls":[]}}