{"lands":{"autotiles":[],"floors":[{"k":[40,0,0,48,0],"v":{"t":[0,0]}},{"k":[39,0,0,49,0],"v":{"t":[0,0]}},{"k":[34,5,0,49,0],"v":{"t":[0,0]}},{"k":[39,0,0,48,0],"v":{"t":[0,0]}},{"k":[38,0,0,49,0],"v":{"t":[0,0]}},{"k":[33,5,0,49,0],"v":{"t":[0,0]}},{"k":[32,0,0,48,0],"v":{"t":[0,0]}},{"k":[44,5,0,49,0],"v":{"t":[0,0]}},{"k":[43,5,0,49,0],"v":{"t":[0,0]}},{"k":[46,5,0,49,0],"v":{"t":[0,0]}},{"k":[45,5,0,49,0],"v":{"t":[0,0]}},{"k":[47,5,0,49,0],"v":{"t":[0,0]}},{"k":[42,0,0,48,0],"v":{"t":[0,0]}},{"k":[41,0,0,49,0],"v":{"t":[0,0]}},{"k":[36,5,0,49,0],"v":{"t":[0,0]}},{"k":[41,0,0,48,0],"v":{"t":[0,0]}},{"k":[40,0,0,49,0],"v":{"t":[0,0]}},{"k":[35,5,0,49,0],"v":{"t":[0,0]}},{"k":[44,0,0,48,0],"v":{"t":[0,0]}},{"k":[43,0,0,49,0],"v":{"t":[0,0]}},{"k":[38,5,0,49,0],"v":{"t":[0,0]}},{"k":[43,0,0,48,0],"v":{"t":[0,0]}},{"k":[42,0,0,49,0],"v":{"t":[0,0]}},{"k":[37,5,0,49,0],"v":{"t":[0,0]}},{"k":[46,0,0,48,0],"v":{"t":[0,0]}},{"k":[45,0,0,49,0],"v":{"t":[0,0]}},{"k":[40,5,0,49,0],"v":{"t":[0,0]}},{"k":[45,0,0,48,0],"v":{"t":[0,0]}},{"k":[44,0,0,49,0],"v":{"t":[0,0]}},{"k":[39,5,0,49,0],"v":{"t":[0,0]}},{"k":[47,0,0,49,0],"v":{"t":[0,0]}},{"k":[42,5,0,49,0],"v":{"t":[0,0]}},{"k":[47,0,0,48,0],"v":{"t":[0,0]}},{"k":[46,0,0,49,0],"v":{"t":[0,0]}},{"k":[41,5,0,49,0],"v":{"t":[0,0]}},{"k":[34,0,0,48,0],"v":{"t":[0,0]}},{"k":[33,0,0,49,0],"v":{"t":[0,0]}},{"k":[33,0,0,48,0],"v":{"t":[0,0]}},{"k":[32,0,0,49,0],"v":{"t":[0,0]}},{"k":[36,0,0,48,0],"v":{"t":[0,0]}},{"k":[35,0,0,49,0],"v":{"t":[0,0]}},{"k":[35,0,0,48,0],"v":{"t":[0,0]}},{"k":[34,0,0,49,0],"v":{"t":[0,0]}},{"k":[38,0,0,48,0],"v":{"t":[0,0]}},{"k":[37,0,0,49,0],"v":{"t":[0,0]}},{"k":[32,5,0,49,0],"v":{"t":[0,0]}},{"k":[37,0,0,48,0],"v":{"t":[0,0]}},{"k":[36,0,0,49,0],"v":{"t":[0,0]}}]},"moun":{"a":[{"k":[33,0,0,49,0],"v":{"hs":5,"l":true,"r":true,"sid":1}},{"k":[41,0,0,49,0],"v":{"hs":5,"l":true,"r":true,"sid":1}},{"k":[32,0,0,49,0],"v":{"hs":5,"l":true,"r":true,"sid":1}},{"k":[40,0,0,49,0],"v":{"hs":5,"l":true,"r":true,"sid":1}},{"k":[35,0,0,49,0],"v":{"hs":5,"l":true,"r":true,"sid":1}},{"k":[43,0,0,49,0],"v":{"hs":5,"l":true,"r":true,"sid":1}},{"k":[34,0,0,49,0],"v":{"hs":5,"l":true,"r":true,"sid":1}},{"k":[42,0,0,49,0],"v":{"hs":5,"l":true,"r":true,"sid":1}},{"k":[37,0,0,49,0],"v":{"hs":5,"l":true,"r":true,"sid":1}},{"k":[45,0,0,49,0],"v":{"hs":5,"l":true,"r":true,"sid":1}},{"k":[36,0,0,49,0],"v":{"hs":5,"l":true,"r":true,"sid":1}},{"k":[44,0,0,49,0],"v":{"hs":5,"l":true,"r":true,"sid":1}},{"k":[39,0,0,49,0],"v":{"hs":5,"l":true,"r":true,"sid":1}},{"k":[47,0,0,49,0],"v":{"hs":5,"l":true,"r":true,"sid":1}},{"k":[38,0,0,49,0],"v":{"hs":5,"l":true,"r":true,"sid":1}},{"k":[46,0,0,49,0],"v":{"hs":5,"l":true,"r":true,"sid":1}}],"o":[]},"objs":{"list":[]},"objs3d":{"a":[],"o":[]},"sprites":{"list":[{"k":[39,0,0,48,0],"v":{"f":false,"k":4,"t":[7,7,1,1]}}],"overflow":[],"walls":[]}}