{"lands":{"autotiles":[{"k":[41,6,0,35,0],"v":{"id":1,"t":[1,1],"tid":370}},{"k":[36,6,0,40,0],"v":{"id":1,"t":[1,1],"tid":324}},{"k":[37,6,0,39,0],"v":{"id":1,"t":[1,1],"tid":318}},{"k":[38,6,0,38,0],"v":{"id":1,"t":[1,1],"tid":318}},{"k":[39,6,0,37,0],"v":{"id":1,"t":[1,1],"tid":318}},{"k":[40,6,0,36,0],"v":{"id":1,"t":[1,1],"tid":318}},{"k":[41,6,0,34,0],"v":{"id":1,"t":[1,1],"tid":370}},{"k":[35,6,0,40,0],"v":{"id":1,"t":[1,1],"tid":324}},{"k":[36,6,0,39,0],"v":{"id":1,"t":[1,1],"tid":318}},{"k":[37,6,0,38,0],"v":{"id":1,"t":[1,1],"tid":318}},{"k":[40,6,0,35,0],"v":{"id":1,"t":[1,1],"tid":318}},{"k":[38,6,0,37,0],"v":{"id":1,"t":[1,1],"tid":318}},{"k":[39,6,0,36,0],"v":{"id":1,"t":[1,1],"tid":318}},{"k":[40,6,0,38,0],"v":{"id":1,"t":[1,1],"tid":318}},{"k":[38,6,0,40,0],"v":{"id":1,"t":[1,1],"tid":324}},{"k":[39,6,0,39,0],"v":{"id":1,"t":[1,1],"tid":318}},{"k":[41,6,0,37,0],"v":{"id":1,"t":[1,1],"tid":370}},{"k":[37,6,0,40,0],"v":{"id":1,"t":[1,1],"tid":324}},{"k":[38,6,0,39,0],"v":{"id":1,"t":[1,1],"tid":318}},{"k":[39,6,0,38,0],"v":{"id":1,"t":[1,1],"tid":318}},{"k":[40,6,0,37,0],"v":{"id":1,"t":[1,1],"tid":318}},{"k":[41,6,0,36,0],"v":{"id":1,"t":[1,1],"tid":370}},{"k":[41,6,0,39,0],"v":{"id":1,"t":[1,1],"tid":370}},{"k":[40,6,0,40,0],"v":{"id":1,"t":[1,1],"tid":324}},{"k":[41,6,0,38,0],"v":{"id":1,"t":[1,1],"tid":370}},{"k":[39,6,0,40,0],"v":{"id":1,"t":[1,1],"tid":324}},{"k":[40,6,0,39,0],"v":{"id":1,"t":[1,1],"tid":318}},{"k":[41,6,0,40,0],"v":{"id":1,"t":[1,1],"tid":372}},{"k":[34,6,0,34,0],"v":{"id":1,"t":[1,1],"tid":318}},{"k":[35,6,0,33,0],"v":{"id":1,"t":[1,1],"tid":318}},{"k":[36,6,0,32,0],"v":{"id":1,"t":[1,1],"tid":318}},{"k":[32,6,0,36,0],"v":{"id":1,"t":[1,1],"tid":584}},{"k":[33,6,0,35,0],"v":{"id":1,"t":[1,1],"tid":318}},{"k":[40,0,0,34,0],"v":{"id":1,"t":[5,0],"tid":370}},{"k":[35,0,0,39,0],"v":{"id":1,"t":[5,0],"tid":324}},{"k":[36,0,0,38,0],"v":{"id":1,"t":[5,0],"tid":471}},{"k":[39,0,0,35,0],"v":{"id":1,"t":[5,0],"tid":584}},{"k":[37,0,0,37,0],"v":{"id":1,"t":[1,1],"tid":477}},{"k":[38,0,0,36,0],"v":{"id":1,"t":[1,1],"tid":636}},{"k":[34,6,0,33,0],"v":{"id":1,"t":[1,1],"tid":318}},{"k":[33,6,0,34,0],"v":{"id":1,"t":[1,1],"tid":318}},{"k":[35,6,0,32,0],"v":{"id":1,"t":[1,1],"tid":318}},{"k":[32,6,0,35,0],"v":{"id":1,"t":[1,1],"tid":584}},{"k":[40,0,0,33,0],"v":{"id":1,"t":[5,0],"tid":370}},{"k":[34,0,0,39,0],"v":{"id":1,"t":[5,0],"tid":324}},{"k":[35,0,0,38,0],"v":{"id":1,"t":[5,0],"tid":471}},{"k":[39,0,0,34,0],"v":{"id":1,"t":[5,0],"tid":584}},{"k":[36,0,0,37,0],"v":{"id":1,"t":[1,1],"tid":477}},{"k":[38,0,0,35,0],"v":{"id":1,"t":[1,1],"tid":636}},{"k":[37,0,0,36,0],"v":{"id":1,"t":[2,1],"tid":372}},{"k":[32,6,0,38,0],"v":{"id":1,"t":[1,1],"tid":584}},{"k":[33,6,0,37,0],"v":{"id":1,"t":[1,1],"tid":318}},{"k":[36,6,0,34,0],"v":{"id":1,"t":[1,1],"tid":318}},{"k":[37,6,0,33,0],"v":{"id":1,"t":[1,1],"tid":318}},{"k":[38,6,0,32,0],"v":{"id":1,"t":[1,1],"tid":318}},{"k":[34,6,0,36,0],"v":{"id":1,"t":[1,1],"tid":318}},{"k":[35,6,0,35,0],"v":{"id":1,"t":[1,1],"tid":318}},{"k":[40,0,0,36,0],"v":{"id":1,"t":[5,0],"tid":370}},{"k":[37,0,0,39,0],"v":{"id":1,"t":[5,0],"tid":324}},{"k":[38,0,0,38,0],"v":{"id":1,"t":[5,0],"tid":471}},{"k":[39,0,0,37,0],"v":{"id":1,"t":[5,0],"tid":584}},{"k":[32,6,0,37,0],"v":{"id":1,"t":[1,1],"tid":584}},{"k":[35,6,0,34,0],"v":{"id":1,"t":[1,1],"tid":318}},{"k":[36,6,0,33,0],"v":{"id":1,"t":[1,1],"tid":318}},{"k":[37,6,0,32,0],"v":{"id":1,"t":[1,1],"tid":318}},{"k":[33,6,0,36,0],"v":{"id":1,"t":[1,1],"tid":318}},{"k":[34,6,0,35,0],"v":{"id":1,"t":[1,1],"tid":318}},{"k":[40,0,0,35,0],"v":{"id":1,"t":[5,0],"tid":370}},{"k":[36,0,0,39,0],"v":{"id":1,"t":[5,0],"tid":324}},{"k":[37,0,0,38,0],"v":{"id":1,"t":[5,0],"tid":471}},{"k":[39,0,0,36,0],"v":{"id":1,"t":[5,0],"tid":584}},{"k":[38,0,0,37,0],"v":{"id":1,"t":[1,1],"tid":116}},{"k":[32,6,0,40,0],"v":{"id":1,"t":[1,1],"tid":570}},{"k":[33,6,0,39,0],"v":{"id":1,"t":[1,1],"tid":318}},{"k":[34,6,0,38,0],"v":{"id":1,"t":[1,1],"tid":318}},{"k":[35,6,0,37,0],"v":{"id":1,"t":[1,1],"tid":318}},{"k":[37,6,0,35,0],"v":{"id":1,"t":[1,1],"tid":318}},{"k":[38,6,0,34,0],"v":{"id":1,"t":[1,1],"tid":318}},{"k":[39,6,0,33,0],"v":{"id":1,"t":[1,1],"tid":318}},{"k":[40,6,0,32,0],"v":{"id":1,"t":[1,1],"tid":318}},{"k":[36,6,0,36,0],"v":{"id":1,"t":[1,1],"tid":318}},{"k":[40,0,0,38,0],"v":{"id":1,"t":[5,0],"tid":370}},{"k":[39,0,0,39,0],"v":{"id":1,"t":[5,0],"tid":324}},{"k":[32,6,0,39,0],"v":{"id":1,"t":[1,1],"tid":584}},{"k":[33,6,0,38,0],"v":{"id":1,"t":[1,1],"tid":318}},{"k":[34,6,0,37,0],"v":{"id":1,"t":[1,1],"tid":318}},{"k":[37,6,0,34,0],"v":{"id":1,"t":[1,1],"tid":318}},{"k":[38,6,0,33,0],"v":{"id":1,"t":[1,1],"tid":318}},{"k":[39,6,0,32,0],"v":{"id":1,"t":[1,1],"tid":318}},{"k":[35,6,0,36,0],"v":{"id":1,"t":[1,1],"tid":318}},{"k":[36,6,0,35,0],"v":{"id":1,"t":[1,1],"tid":318}},{"k":[40,0,0,37,0],"v":{"id":1,"t":[5,0],"tid":370}},{"k":[38,0,0,39,0],"v":{"id":1,"t":[5,0],"tid":324}},{"k":[39,0,0,38,0],"v":{"id":1,"t":[5,0],"tid":62}},{"k":[41,6,0,33,0],"v":{"id":1,"t":[1,1],"tid":370}},{"k":[34,6,0,40,0],"v":{"id":1,"t":[1,1],"tid":324}},{"k":[35,6,0,39,0],"v":{"id":1,"t":[1,1],"tid":318}},{"k":[36,6,0,38,0],"v":{"id":1,"t":[1,1],"tid":318}},{"k":[39,6,0,35,0],"v":{"id":1,"t":[1,1],"tid":318}},{"k":[40,6,0,34,0],"v":{"id":1,"t":[1,1],"tid":318}},{"k":[37,6,0,37,0],"v":{"id":1,"t":[1,1],"tid":318}},{"k":[38,6,0,36,0],"v":{"id":1,"t":[1,1],"tid":318}},{"k":[41,6,0,32,0],"v":{"id":1,"t":[1,1],"tid":370}},{"k":[33,6,0,40,0],"v":{"id":1,"t":[1,1],"tid":324}},{"k":[34,6,0,39,0],"v":{"id":1,"t":[1,1],"tid":318}},{"k":[36,6,0,37,0],"v":{"id":1,"t":[1,1],"tid":318}},{"k":[35,6,0,38,0],"v":{"id":1,"t":[1,1],"tid":318}},{"k":[38,6,0,35,0],"v":{"id":1,"t":[1,1],"tid":318}},{"k":[39,6,0,34,0],"v":{"id":1,"t":[1,1],"tid":318}},{"k":[40,6,0,33,0],"v":{"id":1,"t":[1,1],"tid":318}},{"k":[37,6,0,36,0],"v":{"id":1,"t":[1,1],"tid":318}},{"k":[40,0,0,39,0],"v":{"id":1,"t":[5,0],"tid":372}},{"k":[32,0,0,34,0],"v":{"id":1,"t":[5,0],"tid":584}},{"k":[34,0,0,32,0],"v":{"id":1,"t":[5,0],"tid":471}},{"k":[33,0,0,33,0],"v":{"id":1,"t":[5,0],"tid":316}},{"k":[32,0,0,33,0],"v":{"id":1,"t":[5,0],"tid":584}},{"k":[33,0,0,32,0],"v":{"id":1,"t":[5,0],"tid":471}},{"k":[32,0,0,36,0],"v":{"id":1,"t":[5,0],"tid":308}},{"k":[36,0,0,32,0],"v":{"id":1,"t":[5,0],"tid":471}},{"k":[35,0,0,33,0],"v":{"id":1,"t":[5,0],"tid":324}},{"k":[33,0,0,35,0],"v":{"id":1,"t":[5,0],"tid":370}},{"k":[34,0,0,34,0],"v":{"id":1,"t":[1,1],"tid":223}},{"k":[32,0,0,35,0],"v":{"id":1,"t":[5,0],"tid":62}},{"k":[35,0,0,32,0],"v":{"id":1,"t":[5,0],"tid":471}},{"k":[34,0,0,33,0],"v":{"id":1,"t":[5,0],"tid":324}},{"k":[33,0,0,34,0],"v":{"id":1,"t":[5,0],"tid":370}},{"k":[32,6,0,32,0],"v":{"id":1,"t":[1,1],"tid":584}},{"k":[38,0,0,32,0],"v":{"id":1,"t":[5,0],"tid":471}},{"k":[32,0,0,38,0],"v":{"id":1,"t":[5,0],"tid":584}},{"k":[37,0,0,33,0],"v":{"id":1,"t":[5,0],"tid":324}},{"k":[33,0,0,37,0],"v":{"id":1,"t":[5,0],"tid":370}},{"k":[36,0,0,34,0],"v":{"id":1,"t":[1,1],"tid":477}},{"k":[34,0,0,36,0],"v":{"id":1,"t":[1,1],"tid":636}},{"k":[35,0,0,35,0],"v":{"id":1,"t":[2,1],"tid":225}},{"k":[37,0,0,32,0],"v":{"id":1,"t":[5,0],"tid":471}},{"k":[32,0,0,37,0],"v":{"id":1,"t":[5,0],"tid":584}},{"k":[36,0,0,33,0],"v":{"id":1,"t":[5,0],"tid":324}},{"k":[33,0,0,36,0],"v":{"id":1,"t":[5,0],"tid":370}},{"k":[35,0,0,34,0],"v":{"id":1,"t":[1,1],"tid":477}},{"k":[34,0,0,35,0],"v":{"id":1,"t":[1,1],"tid":636}},{"k":[32,6,0,34,0],"v":{"id":1,"t":[1,1],"tid":584}},{"k":[34,6,0,32,0],"v":{"id":1,"t":[1,1],"tid":318}},{"k":[33,6,0,33,0],"v":{"id":1,"t":[1,1],"tid":318}},{"k":[40,0,0,32,0],"v":{"id":1,"t":[5,0],"tid":423}},{"k":[33,0,0,39,0],"v":{"id":1,"t":[5,0],"tid":324}},{"k":[39,0,0,33,0],"v":{"id":1,"t":[5,0],"tid":308}},{"k":[34,0,0,38,0],"v":{"id":1,"t":[5,0],"tid":471}},{"k":[35,0,0,37,0],"v":{"id":1,"t":[1,1],"tid":477}},{"k":[38,0,0,34,0],"v":{"id":1,"t":[1,1],"tid":413}},{"k":[36,0,0,36,0],"v":{"id":1,"t":[2,1],"tid":324}},{"k":[37,0,0,35,0],"v":{"id":1,"t":[2,1],"tid":423}},{"k":[32,6,0,33,0],"v":{"id":1,"t":[1,1],"tid":584}},{"k":[33,6,0,32,0],"v":{"id":1,"t":[1,1],"tid":318}},{"k":[39,0,0,32,0],"v":{"id":1,"t":[5,0],"tid":471}},{"k":[32,0,0,39,0],"v":{"id":1,"t":[5,0],"tid":570}},{"k":[38,0,0,33,0],"v":{"id":1,"t":[5,0],"tid":324}},{"k":[33,0,0,38,0],"v":{"id":1,"t":[5,0],"tid":268}},{"k":[34,0,0,37,0],"v":{"id":1,"t":[1,1],"tid":520}},{"k":[37,0,0,34,0],"v":{"id":1,"t":[1,1],"tid":477}},{"k":[35,0,0,36,0],"v":{"id":1,"t":[2,1],"tid":570}},{"k":[36,0,0,35,0],"v":{"id":1,"t":[2,1],"tid":471}},{"k":[32,0,0,32,0],"v":{"id":1,"t":[5,0],"tid":225}}],"floors":[{"k":[45,0,0,45,0],"v":{"t":[0,0]}},{"k":[44,0,0,46,0],"v":{"t":[0,0]}},{"k":[43,0,0,47,0],"v":{"t":[0,0]}},{"k":[46,0,0,44,0],"v":{"t":[0,0]}},{"k":[47,0,0,43,0],"v":{"t":[0,0]}},{"k":[44,0,0,45,0],"v":{"t":[0,0]}},{"k":[43,0,0,46,0],"v":{"t":[0,0]}},{"k":[42,0,0,47,0],"v":{"t":[0,0]}},{"k":[45,0,0,44,0],"v":{"t":[0,0]}},{"k":[46,0,0,43,0],"v":{"t":[0,0]}},{"k":[47,0,0,42,0],"v":{"t":[0,0]}},{"k":[47,0,0,45,0],"v":{"t":[0,0]}},{"k":[46,0,0,46,0],"v":{"t":[0,0]}},{"k":[45,0,0,47,0],"v":{"t":[0,0]}},{"k":[46,0,0,45,0],"v":{"t":[0,0]}},{"k":[45,0,0,46,0],"v":{"t":[0,0]}},{"k":[44,0,0,47,0],"v":{"t":[0,0]}},{"k":[47,0,0,44,0],"v":{"t":[0,0]}},{"k":[47,0,0,47,0],"v":{"t":[0,0]}},{"k":[47,0,0,46,0],"v":{"t":[0,0]}},{"k":[46,0,0,47,0],"v":{"t":[0,0]}},{"k":[37,0,0,45,0],"v":{"t":[0,0]}},{"k":[36,0,0,46,0],"v":{"t":[0,0]}},{"k":[35,0,0,47,0],"v":{"t":[0,0]}},{"k":[38,0,0,44,0],"v":{"t":[0,0]}},{"k":[39,0,0,43,0],"v":{"t":[0,0]}},{"k":[40,0,0,42,0],"v":{"t":[0,0]}},{"k":[41,0,0,41,0],"v":{"t":[0,0]}},{"k":[42,0,0,40,0],"v":{"t":[0,0]}},{"k":[43,0,0,39,0],"v":{"t":[0,0]}},{"k":[44,0,0,38,0],"v":{"t":[0,0]}},{"k":[45,0,0,37,0],"v":{"t":[0,0]}},{"k":[46,0,0,36,0],"v":{"t":[0,0]}},{"k":[47,0,0,35,0],"v":{"t":[0,0]}},{"k":[36,0,0,45,0],"v":{"t":[0,0]}},{"k":[35,0,0,46,0],"v":{"t":[0,0]}},{"k":[34,0,0,47,0],"v":{"t":[0,0]}},{"k":[37,0,0,44,0],"v":{"t":[0,0]}},{"k":[38,0,0,43,0],"v":{"t":[0,0]}},{"k":[39,0,0,42,0],"v":{"t":[0,0]}},{"k":[40,0,0,41,0],"v":{"t":[0,0]}},{"k":[41,0,0,40,0],"v":{"t":[0,0]}},{"k":[42,0,0,39,0],"v":{"t":[0,0]}},{"k":[43,0,0,38,0],"v":{"t":[0,0]}},{"k":[44,0,0,37,0],"v":{"t":[0,0]}},{"k":[45,0,0,36,0],"v":{"t":[0,0]}},{"k":[46,0,0,35,0],"v":{"t":[0,0]}},{"k":[47,0,0,34,0],"v":{"t":[0,0]}},{"k":[39,0,0,45,0],"v":{"t":[0,0]}},{"k":[38,0,0,46,0],"v":{"t":[0,0]}},{"k":[37,0,0,47,0],"v":{"t":[0,0]}},{"k":[40,0,0,44,0],"v":{"t":[0,0]}},{"k":[41,0,0,43,0],"v":{"t":[0,0]}},{"k":[42,0,0,42,0],"v":{"t":[0,0]}},{"k":[43,0,0,41,0],"v":{"t":[0,0]}},{"k":[44,0,0,40,0],"v":{"t":[0,0]}},{"k":[45,0,0,39,0],"v":{"t":[0,0]}},{"k":[46,0,0,38,0],"v":{"t":[0,0]}},{"k":[47,0,0,37,0],"v":{"t":[0,0]}},{"k":[38,0,0,45,0],"v":{"t":[0,0]}},{"k":[37,0,0,46,0],"v":{"t":[0,0]}},{"k":[36,0,0,47,0],"v":{"t":[0,0]}},{"k":[39,0,0,44,0],"v":{"t":[0,0]}},{"k":[40,0,0,43,0],"v":{"t":[0,0]}},{"k":[41,0,0,42,0],"v":{"t":[0,0]}},{"k":[42,0,0,41,0],"v":{"t":[0,0]}},{"k":[43,0,0,40,0],"v":{"t":[0,0]}},{"k":[44,0,0,39,0],"v":{"t":[0,0]}},{"k":[45,0,0,38,0],"v":{"t":[0,0]}},{"k":[46,0,0,37,0],"v":{"t":[0,0]}},{"k":[47,0,0,36,0],"v":{"t":[0,0]}},{"k":[41,0,0,45,0],"v":{"t":[0,0]}},{"k":[40,0,0,46,0],"v":{"t":[0,0]}},{"k":[39,0,0,47,0],"v":{"t":[0,0]}},{"k":[42,0,0,44,0],"v":{"t":[0,0]}},{"k":[43,0,0,43,0],"v":{"t":[0,0]}},{"k":[44,0,0,42,0],"v":{"t":[0,0]}},{"k":[45,0,0,41,0],"v":{"t":[0,0]}},{"k":[46,0,0,40,0],"v":{"t":[0,0]}},{"k":[47,0,0,39,0],"v":{"t":[0,0]}},{"k":[40,0,0,45,0],"v":{"t":[0,0]}},{"k":[39,0,0,46,0],"v":{"t":[0,0]}},{"k":[38,0,0,47,0],"v":{"t":[0,0]}},{"k":[41,0,0,44,0],"v":{"t":[0,0]}},{"k":[42,0,0,43,0],"v":{"t":[0,0]}},{"k":[43,0,0,42,0],"v":{"t":[0,0]}},{"k":[44,0,0,41,0],"v":{"t":[0,0]}},{"k":[45,0,0,40,0],"v":{"t":[0,0]}},{"k":[46,0,0,39,0],"v":{"t":[0,0]}},{"k":[47,0,0,38,0],"v":{"t":[0,0]}},{"k":[43,0,0,45,0],"v":{"t":[0,0]}},{"k":[42,0,0,46,0],"v":{"t":[0,0]}},{"k":[41,0,0,47,0],"v":{"t":[0,0]}},{"k":[44,0,0,44,0],"v":{"t":[0,0]}},{"k":[45,0,0,43,0],"v":{"t":[0,0]}},{"k":[46,0,0,42,0],"v":{"t":[0,0]}},{"k":[47,0,0,41,0],"v":{"t":[0,0]}},{"k":[42,0,0,45,0],"v":{"t":[0,0]}},{"k":[41,0,0,46,0],"v":{"t":[0,0]}},{"k":[40,0,0,47,0],"v":{"t":[0,0]}},{"k":[43,0,0,44,0],"v":{"t":[0,0]}},{"k":[44,0,0,43,0],"v":{"t":[0,0]}},{"k":[45,0,0,42,0],"v":{"t":[0,0]}},{"k":[46,0,0,41,0],"v":{"t":[0,0]}},{"k":[47,0,0,40,0],"v":{"t":[0,0]}},{"k":[32,0,0,42,0],"v":{"t":[0,0]}},{"k":[33,0,0,41,0],"v":{"t":[0,0]}},{"k":[34,0,0,40,0],"v":{"t":[0,0]}},{"k":[41,0,0,33,0],"v":{"t":[0,0]}},{"k":[42,0,0,32,0],"v":{"t":[0,0]}},{"k":[32,0,0,41,0],"v":{"t":[0,0]}},{"k":[33,0,0,40,0],"v":{"t":[0,0]}},{"k":[41,0,0,32,0],"v":{"t":[0,0]}},{"k":[32,0,0,44,0],"v":{"t":[0,0]}},{"k":[33,0,0,43,0],"v":{"t":[0,0]}},{"k":[34,0,0,42,0],"v":{"t":[0,0]}},{"k":[35,0,0,41,0],"v":{"t":[0,0]}},{"k":[36,0,0,40,0],"v":{"t":[0,0]}},{"k":[41,0,0,35,0],"v":{"t":[0,0]}},{"k":[42,0,0,34,0],"v":{"t":[0,0]}},{"k":[43,0,0,33,0],"v":{"t":[0,0]}},{"k":[44,0,0,32,0],"v":{"t":[0,0]}},{"k":[32,0,0,43,0],"v":{"t":[0,0]}},{"k":[33,0,0,42,0],"v":{"t":[0,0]}},{"k":[34,0,0,41,0],"v":{"t":[0,0]}},{"k":[35,0,0,40,0],"v":{"t":[0,0]}},{"k":[41,0,0,34,0],"v":{"t":[0,0]}},{"k":[42,0,0,33,0],"v":{"t":[0,0]}},{"k":[43,0,0,32,0],"v":{"t":[0,0]}},{"k":[33,0,0,45,0],"v":{"t":[0,0]}},{"k":[32,0,0,46,0],"v":{"t":[0,0]}},{"k":[34,0,0,44,0],"v":{"t":[0,0]}},{"k":[35,0,0,43,0],"v":{"t":[0,0]}},{"k":[36,0,0,42,0],"v":{"t":[0,0]}},{"k":[37,0,0,41,0],"v":{"t":[0,0]}},{"k":[38,0,0,40,0],"v":{"t":[0,0]}},{"k":[41,0,0,37,0],"v":{"t":[0,0]}},{"k":[42,0,0,36,0],"v":{"t":[0,0]}},{"k":[43,0,0,35,0],"v":{"t":[0,0]}},{"k":[44,0,0,34,0],"v":{"t":[0,0]}},{"k":[45,0,0,33,0],"v":{"t":[0,0]}},{"k":[46,0,0,32,0],"v":{"t":[0,0]}},{"k":[32,0,0,45,0],"v":{"t":[0,0]}},{"k":[33,0,0,44,0],"v":{"t":[0,0]}},{"k":[34,0,0,43,0],"v":{"t":[0,0]}},{"k":[35,0,0,42,0],"v":{"t":[0,0]}},{"k":[36,0,0,41,0],"v":{"t":[0,0]}},{"k":[37,0,0,40,0],"v":{"t":[0,0]}},{"k":[41,0,0,36,0],"v":{"t":[0,0]}},{"k":[42,0,0,35,0],"v":{"t":[0,0]}},{"k":[43,0,0,34,0],"v":{"t":[0,0]}},{"k":[44,0,0,33,0],"v":{"t":[0,0]}},{"k":[45,0,0,32,0],"v":{"t":[0,0]}},{"k":[35,0,0,45,0],"v":{"t":[0,0]}},{"k":[34,0,0,46,0],"v":{"t":[0,0]}},{"k":[33,0,0,47,0],"v":{"t":[0,0]}},{"k":[36,0,0,44,0],"v":{"t":[0,0]}},{"k":[37,0,0,43,0],"v":{"t":[0,0]}},{"k":[38,0,0,42,0],"v":{"t":[0,0]}},{"k":[39,0,0,41,0],"v":{"t":[0,0]}},{"k":[40,0,0,40,0],"v":{"t":[0,0]}},{"k":[41,0,0,39,0],"v":{"t":[0,0]}},{"k":[42,0,0,38,0],"v":{"t":[0,0]}},{"k":[43,0,0,37,0],"v":{"t":[0,0]}},{"k":[44,0,0,36,0],"v":{"t":[0,0]}},{"k":[45,0,0,35,0],"v":{"t":[0,0]}},{"k":[46,0,0,34,0],"v":{"t":[0,0]}},{"k":[47,0,0,33,0],"v":{"t":[0,0]}},{"k":[34,0,0,45,0],"v":{"t":[0,0]}},{"k":[33,0,0,46,0],"v":{"t":[0,0]}},{"k":[32,0,0,47,0],"v":{"t":[0,0]}},{"k":[35,0,0,44,0],"v":{"t":[0,0]}},{"k":[36,0,0,43,0],"v":{"t":[0,0]}},{"k":[37,0,0,42,0],"v":{"t":[0,0]}},{"k":[38,0,0,41,0],"v":{"t":[0,0]}},{"k":[39,0,0,40,0],"v":{"t":[0,0]}},{"k":[41,0,0,38,0],"v":{"t":[0,0]}},{"k":[42,0,0,37,0],"v":{"t":[0,0]}},{"k":[43,0,0,36,0],"v":{"t":[0,0]}},{"k":[44,0,0,35,0],"v":{"t":[0,0]}},{"k":[45,0,0,34,0],"v":{"t":[0,0]}},{"k":[46,0,0,33,0],"v":{"t":[0,0]}},{"k":[47,0,0,32,0],"v":{"t":[0,0]}},{"k":[32,0,0,40,0],"v":{"t":[0,0]}}]},"moun":{"a":[{"k":[32,0,0,40,0],"v":{"hs":6,"r":true,"sid":17}},{"k":[41,0,0,40,0],"v":{"hs":6,"l":true,"sid":17,"t":true}},{"k":[34,0,0,40,0],"v":{"hs":6,"l":true,"r":true,"sid":17}},{"k":[41,0,0,33,0],"v":{"b":true,"hs":6,"sid":17,"t":true}},{"k":[33,0,0,40,0],"v":{"hs":6,"l":true,"r":true,"sid":17}},{"k":[41,0,0,32,0],"v":{"b":true,"hs":6,"sid":17,"t":true}},{"k":[36,0,0,40,0],"v":{"hs":6,"l":true,"r":true,"sid":17}},{"k":[41,0,0,35,0],"v":{"b":true,"hs":6,"sid":17,"t":true}},{"k":[35,0,0,40,0],"v":{"hs":6,"l":true,"r":true,"sid":17}},{"k":[41,0,0,34,0],"v":{"b":true,"hs":6,"sid":17,"t":true}},{"k":[38,0,0,40,0],"v":{"hs":6,"l":true,"r":true,"sid":17}},{"k":[41,0,0,37,0],"v":{"b":true,"hs":6,"sid":17,"t":true}},{"k":[37,0,0,40,0],"v":{"hs":6,"l":true,"r":true,"sid":17}},{"k":[41,0,0,36,0],"v":{"b":true,"hs":6,"sid":17,"t":true}},{"k":[41,0,0,39,0],"v":{"b":true,"hs":6,"sid":17,"t":true}},{"k":[40,0,0,40,0],"v":{"hs":6,"l":true,"r":true,"sid":17}},{"k":[41,0,0,38,0],"v":{"b":true,"hs":6,"sid":17,"t":true}},{"k":[39,0,0,40,0],"v":{"hs":6,"l":true,"r":true,"sid":17}}],"o":[]},"objs":{"list":[]},"objs3d":{"a":[],"o":[]},"sprites":{"list":[{"k":[47,0,0,43,0],"v":{"f":false,"k":4,"t":[7,7,1,1]}},{"k":[43,0,0,47,0],"v":{"f":false,"k":4,"t":[6,8,1,1]}},{"k":[46,0,0,44,0],"v":{"f":false,"k":4,"t":[5,5,1,1]}},{"k":[44,0,0,45,0],"v":{"f":false,"k":4,"t":[6,7,1,1]}},{"k":[45,0,0,44,0],"v":{"f":false,"k":4,"t":[6,7,1,1]}},{"k":[46,0,0,43,0],"v":{"f":false,"k":4,"t":[6,7,1,1]}},{"k":[43,0,0,46,0],"v":{"f":false,"k":4,"t":[7,7,1,1]}},{"k":[42,0,0,47,0],"v":{"f":false,"k":4,"t":[6,8,1,1]}},{"k":[47,0,0,45,0],"v":{"f":false,"k":4,"t":[7,7,1,1]}},{"k":[46,0,0,46,0],"v":{"f":false,"k":4,"t":[6,8,1,1]}},{"k":[47,0,0,44,0],"v":{"f":false,"k":4,"t":[7,7,1,1]}},{"k":[46,0,0,45,0],"v":{"f":false,"k":4,"t":[6,8,1,1]}},{"k":[45,0,0,46,0],"v":{"f":false,"k":4,"t":[6,8,1,1]}},{"k":[47,0,0,46,0],"v":{"f":false,"k":4,"t":[7,7,1,1]}},{"k":[45,0,0,37,0],"v":{"f":false,"k":4,"t":[6,7,1,1]}},{"k":[46,0,0,36,0],"v":{"f":false,"k":4,"t":[6,7,1,1]}},{"k":[44,0,0,38,0],"v":{"f":false,"k":4,"t":[6,8,1,1]}},{"k":[47,0,0,35,0],"v":{"f":false,"k":4,"t":[6,8,1,1]}},{"k":[36,0,0,46,0],"v":{"f":false,"k":4,"t":[5,5,1,1]}},{"k":[45,0,0,36,0],"v":{"f":false,"k":4,"t":[6,7,1,1]}},{"k":[46,0,0,35,0],"v":{"f":false,"k":4,"t":[6,7,1,1]}},{"k":[47,0,0,34,0],"v":{"f":false,"k":4,"t":[7,7,1,1]}},{"k":[36,0,0,45,0],"v":{"f":false,"k":4,"t":[7,7,1,1]}},{"k":[44,0,0,37,0],"v":{"f":false,"k":4,"t":[6,8,1,1]}},{"k":[37,0,0,44,0],"v":{"f":false,"k":4,"t":[6,8,1,1]}},{"k":[43,0,0,38,0],"v":{"f":false,"k":4,"t":[6,8,1,1]}},{"k":[40,0,0,41,0],"v":{"k":4,"t":[6,8,1,1]}},{"k":[38,0,0,43,0],"v":{"k":4,"t":[5,5,1,1]}},{"k":[39,0,0,45,0],"v":{"f":false,"k":4,"t":[6,7,1,1]}},{"k":[40,0,0,44,0],"v":{"f":false,"k":4,"t":[6,7,1,1]}},{"k":[45,0,0,39,0],"v":{"f":false,"k":4,"t":[6,7,1,1]}},{"k":[47,0,0,37,0],"v":{"f":false,"k":4,"t":[7,7,1,1]}},{"k":[37,0,0,46,0],"v":{"f":false,"k":4,"t":[6,7,1,1]}},{"k":[45,0,0,38,0],"v":{"f":false,"k":4,"t":[6,7,1,1]}},{"k":[39,0,0,44,0],"v":{"f":false,"k":4,"t":[7,7,1,1]}},{"k":[38,0,0,45,0],"v":{"f":false,"k":4,"t":[6,8,1,1]}},{"k":[47,0,0,36,0],"v":{"f":false,"k":4,"t":[6,8,1,1]}},{"k":[44,0,0,39,0],"v":{"f":false,"k":4,"t":[6,8,1,1]}},{"k":[46,0,0,37,0],"v":{"f":false,"k":4,"t":[5,5,1,1]}},{"k":[42,0,0,44,0],"v":{"f":false,"k":4,"t":[6,7,1,1]}},{"k":[39,0,0,47,0],"v":{"f":false,"k":4,"t":[7,7,1,1]}},{"k":[40,0,0,46,0],"v":{"f":false,"k":4,"t":[7,7,1,1]}},{"k":[41,0,0,45,0],"v":{"f":false,"k":4,"t":[7,7,1,1]}},{"k":[40,0,0,45,0],"v":{"f":false,"k":4,"t":[6,7,1,1]}},{"k":[41,0,0,44,0],"v":{"f":false,"k":4,"t":[6,7,1,1]}},{"k":[39,0,0,46,0],"v":{"f":false,"k":4,"t":[7,7,1,1]}},{"k":[45,0,0,40,0],"v":{"f":false,"k":4,"t":[6,8,1,1]}},{"k":[38,0,0,47,0],"v":{"k":4,"t":[5,5,1,1]}},{"k":[43,0,0,45,0],"v":{"f":false,"k":4,"t":[6,7,1,1]}},{"k":[44,0,0,44,0],"v":{"f":false,"k":4,"t":[6,7,1,1]}},{"k":[46,0,0,42,0],"v":{"f":false,"k":4,"t":[6,7,1,1]}},{"k":[47,0,0,41,0],"v":{"f":false,"k":4,"t":[6,7,1,1]}},{"k":[42,0,0,46,0],"v":{"f":false,"k":4,"t":[6,8,1,1]}},{"k":[43,0,0,44,0],"v":{"f":false,"k":4,"t":[6,7,1,1]}},{"k":[46,0,0,41,0],"v":{"f":false,"k":4,"t":[6,7,1,1]}},{"k":[42,0,0,45,0],"v":{"f":false,"k":4,"t":[7,7,1,1]}},{"k":[41,0,0,46,0],"v":{"f":false,"k":4,"t":[5,5,1,1]}},{"k":[32,0,0,42,0],"v":{"k":4,"t":[5,5,1,1]}},{"k":[44,0,0,32,0],"v":{"f":false,"k":4,"t":[6,8,1,1]}},{"k":[33,0,0,42,0],"v":{"k":4,"t":[6,8,1,1]}},{"k":[32,0,0,46,0],"v":{"f":false,"k":4,"t":[7,7,1,1]}},{"k":[34,0,0,44,0],"v":{"f":false,"k":4,"t":[6,8,1,1]}},{"k":[33,0,0,45,0],"v":{"f":false,"k":4,"t":[6,8,1,1]}},{"k":[45,0,0,33,0],"v":{"f":false,"k":4,"t":[6,8,1,1]}},{"k":[44,0,0,34,0],"v":{"f":false,"k":4,"t":[6,8,1,1]}},{"k":[43,0,0,35,0],"v":{"f":false,"k":4,"t":[5,5,1,1]}},{"k":[35,0,0,43,0],"v":{"k":4,"t":[5,5,1,1]}},{"k":[45,0,0,32,0],"v":{"f":false,"k":4,"t":[6,7,1,1]}},{"k":[32,0,0,45,0],"v":{"f":false,"k":4,"t":[6,8,1,1]}},{"k":[43,0,0,34,0],"v":{"f":false,"k":4,"t":[6,8,1,1]}},{"k":[34,0,0,43,0],"v":{"k":4,"t":[6,8,1,1]}},{"k":[35,0,0,45,0],"v":{"f":false,"k":4,"t":[7,7,1,1]}},{"k":[34,0,0,46,0],"v":{"f":false,"k":4,"t":[7,7,1,1]}},{"k":[36,0,0,44,0],"v":{"f":false,"k":4,"t":[6,8,1,1]}},{"k":[46,0,0,34,0],"v":{"f":false,"k":4,"t":[6,8,1,1]}},{"k":[43,0,0,37,0],"v":{"f":false,"k":4,"t":[6,8,1,1]}},{"k":[33,0,0,46,0],"v":{"f":false,"k":4,"t":[7,7,1,1]}},{"k":[35,0,0,44,0],"v":{"f":false,"k":4,"t":[6,8,1,1]}},{"k":[45,0,0,34,0],"v":{"f":false,"k":4,"t":[6,8,1,1]}},{"k":[43,0,0,36,0],"v":{"f":false,"k":4,"t":[6,8,1,1]}},{"k":[34,0,0,45,0],"v":{"f":false,"k":4,"t":[5,5,1,1]}},{"k":[28,0,0,43,0],"v":{"k":4,"t":[6,8,1,1]}}],"overflow":[],"walls":[]}}