{"lands":{"autotiles":[],"floors":[{"k":[49,5,0,12,0],"v":{"t":[0,0]}},{"k":[49,5,0,11,0],"v":{"t":[0,0]}},{"k":[49,5,0,14,0],"v":{"t":[0,0]}},{"k":[49,5,0,13,0],"v":{"t":[0,0]}},{"k":[49,5,0,15,0],"v":{"t":[0,0]}},{"k":[48,0,0,10,0],"v":{"t":[0,0]}},{"k":[49,0,0,9,0],"v":{"t":[0,0]}},{"k":[49,5,0,4,0],"v":{"t":[0,0]}},{"k":[48,0,0,9,0],"v":{"t":[0,0]}},{"k":[49,0,0,8,0],"v":{"t":[0,0]}},{"k":[49,5,0,3,0],"v":{"t":[0,0]}},{"k":[48,0,0,12,0],"v":{"t":[0,0]}},{"k":[49,0,0,11,0],"v":{"t":[0,0]}},{"k":[49,5,0,6,0],"v":{"t":[0,0]}},{"k":[48,0,0,11,0],"v":{"t":[0,0]}},{"k":[49,0,0,10,0],"v":{"t":[0,0]}},{"k":[49,5,0,5,0],"v":{"t":[0,0]}},{"k":[48,0,0,14,0],"v":{"t":[0,0]}},{"k":[49,0,0,13,0],"v":{"t":[0,0]}},{"k":[49,5,0,8,0],"v":{"t":[0,0]}},{"k":[48,0,0,13,0],"v":{"t":[0,0]}},{"k":[49,0,0,12,0],"v":{"t":[0,0]}},{"k":[49,5,0,7,0],"v":{"t":[0,0]}},{"k":[49,0,0,15,0],"v":{"t":[0,0]}},{"k":[49,5,0,10,0],"v":{"t":[0,0]}},{"k":[48,0,0,15,0],"v":{"t":[0,0]}},{"k":[49,0,0,14,0],"v":{"t":[0,0]}},{"k":[49,5,0,9,0],"v":{"t":[0,0]}},{"k":[48,0,0,2,0],"v":{"t":[0,0]}},{"k":[49,0,0,1,0],"v":{"t":[0,0]}},{"k":[48,0,0,1,0],"v":{"t":[0,0]}},{"k":[49,0,0,0,0],"v":{"t":[0,0]}},{"k":[48,0,0,4,0],"v":{"t":[0,0]}},{"k":[49,0,0,3,0],"v":{"t":[0,0]}},{"k":[48,0,0,3,0],"v":{"t":[0,0]}},{"k":[49,0,0,2,0],"v":{"t":[0,0]}},{"k":[48,0,0,6,0],"v":{"t":[0,0]}},{"k":[49,0,0,5,0],"v":{"t":[0,0]}},{"k":[49,5,0,0,0],"v":{"t":[0,0]}},{"k":[48,0,0,5,0],"v":{"t":[0,0]}},{"k":[49,0,0,4,0],"v":{"t":[0,0]}},{"k":[48,5,0,0,0],"v":{"t":[0,0]}},{"k":[48,0,0,8,0],"v":{"t":[0,0]}},{"k":[49,0,0,7,0],"v":{"t":[0,0]}},{"k":[49,5,0,2,0],"v":{"t":[0,0]}},{"k":[48,0,0,7,0],"v":{"t":[0,0]}},{"k":[49,0,0,6,0],"v":{"t":[0,0]}},{"k":[49,5,0,1,0],"v":{"t":[0,0]}},{"k":[48,0,0,0,0],"v":{"t":[0,0]}}]},"moun":{"a":[{"k":[49,0,0,14,0],"v":{"b":true,"hs":5,"sid":1,"t":true}},{"k":[49,0,0,1,0],"v":{"b":true,"hs":5,"sid":1,"t":true}},{"k":[49,0,0,0,0],"v":{"b":true,"hs":5,"l":true,"sid":1}},{"k":[49,0,0,3,0],"v":{"b":true,"hs":5,"sid":1,"t":true}},{"k":[49,0,0,2,0],"v":{"b":true,"hs":5,"sid":1,"t":true}},{"k":[49,0,0,5,0],"v":{"b":true,"hs":5,"sid":1,"t":true}},{"k":[49,0,0,4,0],"v":{"b":true,"hs":5,"sid":1,"t":true}},{"k":[49,0,0,7,0],"v":{"b":true,"hs":5,"sid":1,"t":true}},{"k":[49,0,0,6,0],"v":{"b":true,"hs":5,"sid":1,"t":true}},{"k":[49,0,0,9,0],"v":{"b":true,"hs":5,"sid":1,"t":true}},{"k":[49,0,0,8,0],"v":{"b":true,"hs":5,"sid":1,"t":true}},{"k":[49,0,0,11,0],"v":{"b":true,"hs":5,"sid":1,"t":true}},{"k":[49,0,0,10,0],"v":{"b":true,"hs":5,"sid":1,"t":true}},{"k":[49,0,0,13,0],"v":{"b":true,"hs":5,"sid":1,"t":true}},{"k":[48,0,0,0,0],"v":{"hs":5,"l":true,"r":true,"sid":1}},{"k":[49,0,0,12,0],"v":{"b":true,"hs":5,"sid":1,"t":true}},{"k":[49,0,0,15,0],"v":{"b":true,"hs":5,"sid":1,"t":true}}],"o":[]},"objs":{"list":[]},"objs3d":{"a":[],"o":[]},"sprites":{"list":[{"k":[49,0,0,14,0],"v":{"f":false,"k":4,"t":[6,7,1,1]}},{"k":[48,0,0,4,0],"v":{"f":false,"k":4,"t":[6,8,1,1]}},{"k":[48,0,0,5,0],"v":{"f":false,"k":4,"t":[6,8,1,1]}},{"k":[48,0,0,12,0],"v":{"k":4,"t":[6,7,1,1]}},{"k":[49,0,0,13,0],"v":{"k":4,"t":[6,7,1,1]}},{"k":[49,0,0,12,0],"v":{"k":4,"t":[6,7,1,1]}},{"k":[49,0,0,15,0],"v":{"f":false,"k":4,"t":[6,7,1,1]}}],"overflow":[],"walls":[]}}