{"bgs":{"id":-1,"ie":false,"is":false,"name":"<None>","v":{"k":3,"v":100}},"d":0,"h":16,"id":3,"isi":false,"isky":true,"l":50,"music":{"id":-1,"ie":false,"is":false,"name":"<None>","v":{"k":3,"v":100}},"names":{"1":"HQ"},"of3d":[{"k":[0,-1,0],"v":[[10,0,0,4,0],[15,0,0,16,0],[15,0,0,14,0],[15,0,0,15,0],[15,0,0,12,0],[10,0,0,13,0],[15,0,0,8,0],[15,0,0,13,0],[10,0,0,14,0],[15,0,0,9,0],[10,0,0,11,0],[15,0,0,6,0],[10,0,0,15,0],[15,0,0,10,0],[10,0,0,12,0],[15,0,0,7,0],[10,0,0,16,0],[15,0,0,11,0],[10,0,0,9,0],[15,0,0,4,0],[10,0,0,10,0],[15,0,0,5,0],[10,0,0,7,0],[13,0,0,4,0],[10,0,0,8,0],[14,0,0,4,0],[10,0,0,5,0],[11,0,0,4,0],[10,0,0,6,0],[12,0,0,4,0]]},{"k":[1,-1,2],"v":[[21,0,0,38,0]]},{"k":[2,-1,1],"v":[[34,0,0,16,0],[34,0,0,29,0],[35,0,0,29,0],[32,0,0,29,0],[33,0,0,29,0],[32,0,0,30,0],[39,0,0,20,0],[38,0,0,21,0],[39,0,0,21,0],[39,0,0,18,0],[36,0,0,21,0],[39,0,0,19,0],[37,0,0,21,0],[41,0,0,30,0],[40,0,0,29,0],[41,0,0,29,0],[38,0,0,29,0],[39,0,0,29,0],[36,0,0,29,0],[37,0,0,29,0],[39,0,0,16,0],[34,0,0,21,0],[39,0,0,17,0],[35,0,0,21,0],[34,0,0,19,0],[34,0,0,20,0],[34,0,0,17,0],[34,0,0,18,0]]},{"k":[0,-1,1],"v":[[10,0,0,21,0],[15,0,0,16,0],[11,0,0,21,0],[15,0,0,17,0],[10,0,0,19,0],[10,0,0,20,0],[10,0,0,17,0],[10,0,0,18,0],[10,0,0,16,0],[10,0,0,29,0],[8,0,0,31,0],[11,0,0,29,0],[8,0,0,29,0],[9,0,0,29,0],[8,0,0,30,0],[14,0,0,21,0],[15,0,0,20,0],[15,0,0,21,0],[12,0,0,21,0],[15,0,0,18,0],[13,0,0,21,0],[15,0,0,19,0],[16,0,0,29,0],[14,0,0,29,0],[15,0,0,29,0],[12,0,0,29,0],[13,0,0,29,0]]},{"k":[1,-1,1],"v":[[17,0,0,31,0],[16,0,0,29,0],[17,0,0,29,0],[32,0,0,29,0],[32,0,0,30,0],[17,0,0,30,0]]},{"k":[2,-1,0],"v":[[39,0,0,11,0],[34,0,0,16,0],[35,0,0,4,0],[34,0,0,5,0],[36,0,0,4,0],[34,0,0,6,0],[34,0,0,4,0],[39,0,0,8,0],[34,0,0,13,0],[39,0,0,9,0],[34,0,0,14,0],[39,0,0,6,0],[34,0,0,11,0],[39,0,0,7,0],[34,0,0,12,0],[39,0,0,4,0],[34,0,0,9,0],[39,0,0,5,0],[34,0,0,10,0],[37,0,0,4,0],[34,0,0,7,0],[38,0,0,4,0],[34,0,0,8,0],[39,0,0,16,0],[39,0,0,14,0],[39,0,0,15,0],[39,0,0,12,0],[39,0,0,13,0],[39,0,0,10,0],[34,0,0,15,0]]}],"ofmoun":[],"ofsprites":[],"sky":{"k":7,"v":3},"so":{"events":[{"id":1,"name":"Time","p":[{"id":1,"name":"Interval","v":{"k":2,"v":null}},{"id":2,"name":"Repeat","v":{"k":10,"v":false}}],"r":{"1":{"bh":true,"c":[]}},"sys":true}],"hId":-1,"id":1,"name":"","ooepf":false,"states":[{"cam":false,"climb":false,"dir":false,"gid":-1,"gk":0,"id":1,"move":false,"name":"State 1","pix":false,"pos":false,"stop":false,"sx":{"k":12,"v":1},"sy":{"k":12,"v":1},"sz":{"k":12,"v":1},"through":false,"x":0,"y":0}]},"tileset":1,"w":50}