{"lands":{"autotiles":[],"floors":[{"k":[12,6,0,49,0],"v":{"t":[0,0]}},{"k":[13,6,0,49,0],"v":{"t":[0,0]}},{"k":[10,6,0,49,0],"v":{"t":[0,0]}},{"k":[11,6,0,49,0],"v":{"t":[0,0]}},{"k":[14,6,0,49,0],"v":{"t":[0,0]}},{"k":[15,6,0,49,0],"v":{"t":[0,0]}},{"k":[11,0,0,48,0],"v":{"t":[0,0]}},{"k":[10,0,0,49,0],"v":{"t":[0,0]}},{"k":[4,6,0,49,0],"v":{"t":[0,0]}},{"k":[12,0,0,48,0],"v":{"t":[0,0]}},{"k":[11,0,0,49,0],"v":{"t":[0,0]}},{"k":[5,6,0,49,0],"v":{"t":[0,0]}},{"k":[9,0,0,48,0],"v":{"t":[0,0]}},{"k":[8,0,0,49,0],"v":{"t":[0,0]}},{"k":[2,6,0,49,0],"v":{"t":[0,0]}},{"k":[10,0,0,48,0],"v":{"t":[0,0]}},{"k":[9,0,0,49,0],"v":{"t":[0,0]}},{"k":[3,6,0,49,0],"v":{"t":[0,0]}},{"k":[15,0,0,48,0],"v":{"t":[0,0]}},{"k":[14,0,0,49,0],"v":{"t":[0,0]}},{"k":[8,6,0,49,0],"v":{"t":[0,0]}},{"k":[15,0,0,49,0],"v":{"t":[0,0]}},{"k":[9,6,0,49,0],"v":{"t":[0,0]}},{"k":[13,0,0,48,0],"v":{"t":[0,0]}},{"k":[12,0,0,49,0],"v":{"t":[0,0]}},{"k":[6,6,0,49,0],"v":{"t":[0,0]}},{"k":[14,0,0,48,0],"v":{"t":[0,0]}},{"k":[13,0,0,49,0],"v":{"t":[0,0]}},{"k":[7,6,0,49,0],"v":{"t":[0,0]}},{"k":[3,0,0,48,0],"v":{"t":[0,0]}},{"k":[2,0,0,49,0],"v":{"t":[0,0]}},{"k":[4,0,0,48,0],"v":{"t":[0,0]}},{"k":[3,0,0,49,0],"v":{"t":[0,0]}},{"k":[1,0,0,48,0],"v":{"t":[0,0]}},{"k":[0,0,0,49,0],"v":{"t":[0,0]}},{"k":[2,0,0,48,0],"v":{"t":[0,0]}},{"k":[1,0,0,49,0],"v":{"t":[0,0]}},{"k":[7,0,0,48,0],"v":{"t":[0,0]}},{"k":[6,0,0,49,0],"v":{"t":[0,0]}},{"k":[0,6,0,49,0],"v":{"t":[0,0]}},{"k":[8,0,0,48,0],"v":{"t":[0,0]}},{"k":[7,0,0,49,0],"v":{"t":[0,0]}},{"k":[1,6,0,49,0],"v":{"t":[0,0]}},{"k":[5,0,0,48,0],"v":{"t":[0,0]}},{"k":[4,0,0,49,0],"v":{"t":[0,0]}},{"k":[6,0,0,48,0],"v":{"t":[0,0]}},{"k":[5,0,0,49,0],"v":{"t":[0,0]}},{"k":[0,6,0,48,0],"v":{"t":[0,0]}},{"k":[0,0,0,48,0],"v":{"t":[0,0]}}]},"moun":{"a":[{"k":[1,0,0,49,0],"v":{"hs":6,"l":true,"r":true,"sid":5,"wp":31.25}},{"k":[6,0,0,49,0],"v":{"hs":6,"l":true,"r":true,"sid":5,"wp":31.25}},{"k":[7,0,0,49,0],"v":{"hs":6,"l":true,"r":true,"sid":5,"wp":31.25}},{"k":[4,0,0,49,0],"v":{"hs":6,"l":true,"r":true,"sid":5,"wp":31.25}},{"k":[5,0,0,49,0],"v":{"hs":6,"l":true,"r":true,"sid":5,"wp":31.25}},{"k":[10,0,0,49,0],"v":{"hs":6,"l":true,"r":true,"sid":5,"wp":31.25}},{"k":[11,0,0,49,0],"v":{"hs":6,"l":true,"r":true,"sid":5,"wp":31.25}},{"k":[8,0,0,49,0],"v":{"hs":6,"l":true,"r":true,"sid":5,"wp":31.25}},{"k":[9,0,0,49,0],"v":{"hs":6,"l":true,"r":true,"sid":5,"wp":31.25}},{"k":[14,0,0,49,0],"v":{"hs":6,"l":true,"r":true,"sid":5,"wp":31.25}},{"k":[0,0,0,48,0],"v":{"b":true,"hs":6,"sid":5,"t":true,"wp":31.25}},{"k":[15,0,0,49,0],"v":{"hs":6,"l":true,"r":true,"sid":5,"wp":31.25}},{"k":[12,0,0,49,0],"v":{"hs":6,"l":true,"r":true,"sid":5,"wp":31.25}},{"k":[13,0,0,49,0],"v":{"hs":6,"l":true,"r":true,"sid":5,"wp":31.25}},{"k":[2,0,0,49,0],"v":{"hs":6,"l":true,"r":true,"sid":5,"wp":31.25}},{"k":[3,0,0,49,0],"v":{"hs":6,"l":true,"r":true,"sid":5,"wp":31.25}},{"k":[0,0,0,49,0],"v":{"hs":6,"r":true,"sid":5,"t":true,"wp":31.25}}],"o":[]},"objs":{"list":[]},"objs3d":{"a":[],"o":[]},"sprites":{"list":[],"overflow":[],"walls":[]}}