{"lands":{"autotiles":[],"floors":[{"k":[15,0,0,44,0],"v":{"t":[0,0]}},{"k":[14,0,0,45,0],"v":{"t":[0,0]}},{"k":[13,0,0,46,0],"v":{"t":[0,0]}},{"k":[12,0,0,47,0],"v":{"t":[0,0]}},{"k":[15,0,0,45,0],"v":{"t":[0,0]}},{"k":[14,0,0,46,0],"v":{"t":[0,0]}},{"k":[13,0,0,47,0],"v":{"t":[0,0]}},{"k":[15,0,0,42,0],"v":{"t":[0,0]}},{"k":[14,0,0,43,0],"v":{"t":[0,0]}},{"k":[13,0,0,44,0],"v":{"t":[0,0]}},{"k":[12,0,0,45,0],"v":{"t":[0,0]}},{"k":[11,0,0,46,0],"v":{"t":[0,0]}},{"k":[10,0,0,47,0],"v":{"t":[0,0]}},{"k":[15,0,0,43,0],"v":{"t":[0,0]}},{"k":[14,0,0,44,0],"v":{"t":[0,0]}},{"k":[13,0,0,45,0],"v":{"t":[0,0]}},{"k":[12,0,0,46,0],"v":{"t":[0,0]}},{"k":[11,0,0,47,0],"v":{"t":[0,0]}},{"k":[15,0,0,46,0],"v":{"t":[0,0]}},{"k":[14,0,0,47,0],"v":{"t":[0,0]}},{"k":[15,0,0,47,0],"v":{"t":[0,0]}},{"k":[15,0,0,36,0],"v":{"t":[0,0]}},{"k":[14,0,0,37,0],"v":{"t":[0,0]}},{"k":[13,0,0,38,0],"v":{"t":[0,0]}},{"k":[12,0,0,39,0],"v":{"t":[0,0]}},{"k":[11,0,0,40,0],"v":{"t":[0,0]}},{"k":[10,0,0,41,0],"v":{"t":[0,0]}},{"k":[9,0,0,42,0],"v":{"t":[0,0]}},{"k":[8,0,0,43,0],"v":{"t":[0,0]}},{"k":[7,0,0,44,0],"v":{"t":[0,0]}},{"k":[6,0,0,45,0],"v":{"t":[0,0]}},{"k":[5,0,0,46,0],"v":{"t":[0,0]}},{"k":[4,0,0,47,0],"v":{"t":[0,0]}},{"k":[0,6,0,45,0],"v":{"t":[0,0]}},{"k":[15,0,0,37,0],"v":{"t":[0,0]}},{"k":[14,0,0,38,0],"v":{"t":[0,0]}},{"k":[13,0,0,39,0],"v":{"t":[0,0]}},{"k":[12,0,0,40,0],"v":{"t":[0,0]}},{"k":[11,0,0,41,0],"v":{"t":[0,0]}},{"k":[10,0,0,42,0],"v":{"t":[0,0]}},{"k":[9,0,0,43,0],"v":{"t":[0,0]}},{"k":[8,0,0,44,0],"v":{"t":[0,0]}},{"k":[7,0,0,45,0],"v":{"t":[0,0]}},{"k":[6,0,0,46,0],"v":{"t":[0,0]}},{"k":[5,0,0,47,0],"v":{"t":[0,0]}},{"k":[0,6,0,46,0],"v":{"t":[0,0]}},{"k":[15,0,0,34,0],"v":{"t":[0,0]}},{"k":[14,0,0,35,0],"v":{"t":[0,0]}},{"k":[13,0,0,36,0],"v":{"t":[0,0]}},{"k":[12,0,0,37,0],"v":{"t":[0,0]}},{"k":[11,0,0,38,0],"v":{"t":[0,0]}},{"k":[10,0,0,39,0],"v":{"t":[0,0]}},{"k":[9,0,0,40,0],"v":{"t":[0,0]}},{"k":[8,0,0,41,0],"v":{"t":[0,0]}},{"k":[7,0,0,42,0],"v":{"t":[0,0]}},{"k":[6,0,0,43,0],"v":{"t":[0,0]}},{"k":[5,0,0,44,0],"v":{"t":[0,0]}},{"k":[4,0,0,45,0],"v":{"t":[0,0]}},{"k":[3,0,0,46,0],"v":{"t":[0,0]}},{"k":[2,0,0,47,0],"v":{"t":[0,0]}},{"k":[0,6,0,43,0],"v":{"t":[0,0]}},{"k":[15,0,0,35,0],"v":{"t":[0,0]}},{"k":[14,0,0,36,0],"v":{"t":[0,0]}},{"k":[13,0,0,37,0],"v":{"t":[0,0]}},{"k":[12,0,0,38,0],"v":{"t":[0,0]}},{"k":[11,0,0,39,0],"v":{"t":[0,0]}},{"k":[10,0,0,40,0],"v":{"t":[0,0]}},{"k":[9,0,0,41,0],"v":{"t":[0,0]}},{"k":[8,0,0,42,0],"v":{"t":[0,0]}},{"k":[7,0,0,43,0],"v":{"t":[0,0]}},{"k":[6,0,0,44,0],"v":{"t":[0,0]}},{"k":[5,0,0,45,0],"v":{"t":[0,0]}},{"k":[4,0,0,46,0],"v":{"t":[0,0]}},{"k":[3,0,0,47,0],"v":{"t":[0,0]}},{"k":[0,6,0,44,0],"v":{"t":[0,0]}},{"k":[15,0,0,40,0],"v":{"t":[0,0]}},{"k":[14,0,0,41,0],"v":{"t":[0,0]}},{"k":[13,0,0,42,0],"v":{"t":[0,0]}},{"k":[12,0,0,43,0],"v":{"t":[0,0]}},{"k":[11,0,0,44,0],"v":{"t":[0,0]}},{"k":[10,0,0,45,0],"v":{"t":[0,0]}},{"k":[9,0,0,46,0],"v":{"t":[0,0]}},{"k":[8,0,0,47,0],"v":{"t":[0,0]}},{"k":[15,0,0,41,0],"v":{"t":[0,0]}},{"k":[14,0,0,42,0],"v":{"t":[0,0]}},{"k":[13,0,0,43,0],"v":{"t":[0,0]}},{"k":[12,0,0,44,0],"v":{"t":[0,0]}},{"k":[11,0,0,45,0],"v":{"t":[0,0]}},{"k":[10,0,0,46,0],"v":{"t":[0,0]}},{"k":[9,0,0,47,0],"v":{"t":[0,0]}},{"k":[15,0,0,38,0],"v":{"t":[0,0]}},{"k":[14,0,0,39,0],"v":{"t":[0,0]}},{"k":[13,0,0,40,0],"v":{"t":[0,0]}},{"k":[12,0,0,41,0],"v":{"t":[0,0]}},{"k":[11,0,0,42,0],"v":{"t":[0,0]}},{"k":[10,0,0,43,0],"v":{"t":[0,0]}},{"k":[9,0,0,44,0],"v":{"t":[0,0]}},{"k":[8,0,0,45,0],"v":{"t":[0,0]}},{"k":[7,0,0,46,0],"v":{"t":[0,0]}},{"k":[6,0,0,47,0],"v":{"t":[0,0]}},{"k":[0,6,0,47,0],"v":{"t":[0,0]}},{"k":[15,0,0,39,0],"v":{"t":[0,0]}},{"k":[14,0,0,40,0],"v":{"t":[0,0]}},{"k":[13,0,0,41,0],"v":{"t":[0,0]}},{"k":[12,0,0,42,0],"v":{"t":[0,0]}},{"k":[11,0,0,43,0],"v":{"t":[0,0]}},{"k":[10,0,0,44,0],"v":{"t":[0,0]}},{"k":[9,0,0,45,0],"v":{"t":[0,0]}},{"k":[8,0,0,46,0],"v":{"t":[0,0]}},{"k":[7,0,0,47,0],"v":{"t":[0,0]}},{"k":[11,0,0,32,0],"v":{"t":[0,0]}},{"k":[10,0,0,33,0],"v":{"t":[0,0]}},{"k":[9,0,0,34,0],"v":{"t":[0,0]}},{"k":[8,0,0,35,0],"v":{"t":[0,0]}},{"k":[7,0,0,36,0],"v":{"t":[0,0]}},{"k":[6,0,0,37,0],"v":{"t":[0,0]}},{"k":[5,0,0,38,0],"v":{"t":[0,0]}},{"k":[4,0,0,39,0],"v":{"t":[0,0]}},{"k":[3,0,0,40,0],"v":{"t":[0,0]}},{"k":[2,0,0,41,0],"v":{"t":[0,0]}},{"k":[1,0,0,42,0],"v":{"t":[0,0]}},{"k":[0,0,0,43,0],"v":{"t":[0,0]}},{"k":[0,6,0,37,0],"v":{"t":[0,0]}},{"k":[12,0,0,32,0],"v":{"t":[0,0]}},{"k":[11,0,0,33,0],"v":{"t":[0,0]}},{"k":[10,0,0,34,0],"v":{"t":[0,0]}},{"k":[9,0,0,35,0],"v":{"t":[0,0]}},{"k":[8,0,0,36,0],"v":{"t":[0,0]}},{"k":[7,0,0,37,0],"v":{"t":[0,0]}},{"k":[6,0,0,38,0],"v":{"t":[0,0]}},{"k":[5,0,0,39,0],"v":{"t":[0,0]}},{"k":[4,0,0,40,0],"v":{"t":[0,0]}},{"k":[3,0,0,41,0],"v":{"t":[0,0]}},{"k":[2,0,0,42,0],"v":{"t":[0,0]}},{"k":[1,0,0,43,0],"v":{"t":[0,0]}},{"k":[0,0,0,44,0],"v":{"t":[0,0]}},{"k":[0,6,0,38,0],"v":{"t":[0,0]}},{"k":[9,0,0,32,0],"v":{"t":[0,0]}},{"k":[8,0,0,33,0],"v":{"t":[0,0]}},{"k":[7,0,0,34,0],"v":{"t":[0,0]}},{"k":[6,0,0,35,0],"v":{"t":[0,0]}},{"k":[5,0,0,36,0],"v":{"t":[0,0]}},{"k":[4,0,0,37,0],"v":{"t":[0,0]}},{"k":[3,0,0,38,0],"v":{"t":[0,0]}},{"k":[2,0,0,39,0],"v":{"t":[0,0]}},{"k":[1,0,0,40,0],"v":{"t":[0,0]}},{"k":[0,0,0,41,0],"v":{"t":[0,0]}},{"k":[0,6,0,35,0],"v":{"t":[0,0]}},{"k":[10,0,0,32,0],"v":{"t":[0,0]}},{"k":[9,0,0,33,0],"v":{"t":[0,0]}},{"k":[8,0,0,34,0],"v":{"t":[0,0]}},{"k":[7,0,0,35,0],"v":{"t":[0,0]}},{"k":[6,0,0,36,0],"v":{"t":[0,0]}},{"k":[5,0,0,37,0],"v":{"t":[0,0]}},{"k":[4,0,0,38,0],"v":{"t":[0,0]}},{"k":[3,0,0,39,0],"v":{"t":[0,0]}},{"k":[2,0,0,40,0],"v":{"t":[0,0]}},{"k":[1,0,0,41,0],"v":{"t":[0,0]}},{"k":[0,0,0,42,0],"v":{"t":[0,0]}},{"k":[0,6,0,36,0],"v":{"t":[0,0]}},{"k":[15,0,0,32,0],"v":{"t":[0,0]}},{"k":[14,0,0,33,0],"v":{"t":[0,0]}},{"k":[13,0,0,34,0],"v":{"t":[0,0]}},{"k":[12,0,0,35,0],"v":{"t":[0,0]}},{"k":[11,0,0,36,0],"v":{"t":[0,0]}},{"k":[10,0,0,37,0],"v":{"t":[0,0]}},{"k":[9,0,0,38,0],"v":{"t":[0,0]}},{"k":[8,0,0,39,0],"v":{"t":[0,0]}},{"k":[7,0,0,40,0],"v":{"t":[0,0]}},{"k":[6,0,0,41,0],"v":{"t":[0,0]}},{"k":[5,0,0,42,0],"v":{"t":[0,0]}},{"k":[4,0,0,43,0],"v":{"t":[0,0]}},{"k":[3,0,0,44,0],"v":{"t":[0,0]}},{"k":[2,0,0,45,0],"v":{"t":[0,0]}},{"k":[1,0,0,46,0],"v":{"t":[0,0]}},{"k":[0,0,0,47,0],"v":{"t":[0,0]}},{"k":[0,6,0,41,0],"v":{"t":[0,0]}},{"k":[15,0,0,33,0],"v":{"t":[0,0]}},{"k":[14,0,0,34,0],"v":{"t":[0,0]}},{"k":[13,0,0,35,0],"v":{"t":[0,0]}},{"k":[12,0,0,36,0],"v":{"t":[0,0]}},{"k":[11,0,0,37,0],"v":{"t":[0,0]}},{"k":[10,0,0,38,0],"v":{"t":[0,0]}},{"k":[9,0,0,39,0],"v":{"t":[0,0]}},{"k":[8,0,0,40,0],"v":{"t":[0,0]}},{"k":[7,0,0,41,0],"v":{"t":[0,0]}},{"k":[6,0,0,42,0],"v":{"t":[0,0]}},{"k":[5,0,0,43,0],"v":{"t":[0,0]}},{"k":[4,0,0,44,0],"v":{"t":[0,0]}},{"k":[3,0,0,45,0],"v":{"t":[0,0]}},{"k":[2,0,0,46,0],"v":{"t":[0,0]}},{"k":[1,0,0,47,0],"v":{"t":[0,0]}},{"k":[0,6,0,42,0],"v":{"t":[0,0]}},{"k":[13,0,0,32,0],"v":{"t":[0,0]}},{"k":[12,0,0,33,0],"v":{"t":[0,0]}},{"k":[11,0,0,34,0],"v":{"t":[0,0]}},{"k":[10,0,0,35,0],"v":{"t":[0,0]}},{"k":[9,0,0,36,0],"v":{"t":[0,0]}},{"k":[8,0,0,37,0],"v":{"t":[0,0]}},{"k":[7,0,0,38,0],"v":{"t":[0,0]}},{"k":[6,0,0,39,0],"v":{"t":[0,0]}},{"k":[5,0,0,40,0],"v":{"t":[0,0]}},{"k":[4,0,0,41,0],"v":{"t":[0,0]}},{"k":[3,0,0,42,0],"v":{"t":[0,0]}},{"k":[2,0,0,43,0],"v":{"t":[0,0]}},{"k":[1,0,0,44,0],"v":{"t":[0,0]}},{"k":[0,0,0,45,0],"v":{"t":[0,0]}},{"k":[0,6,0,39,0],"v":{"t":[0,0]}},{"k":[14,0,0,32,0],"v":{"t":[0,0]}},{"k":[13,0,0,33,0],"v":{"t":[0,0]}},{"k":[12,0,0,34,0],"v":{"t":[0,0]}},{"k":[11,0,0,35,0],"v":{"t":[0,0]}},{"k":[10,0,0,36,0],"v":{"t":[0,0]}},{"k":[9,0,0,37,0],"v":{"t":[0,0]}},{"k":[8,0,0,38,0],"v":{"t":[0,0]}},{"k":[7,0,0,39,0],"v":{"t":[0,0]}},{"k":[6,0,0,40,0],"v":{"t":[0,0]}},{"k":[5,0,0,41,0],"v":{"t":[0,0]}},{"k":[4,0,0,42,0],"v":{"t":[0,0]}},{"k":[3,0,0,43,0],"v":{"t":[0,0]}},{"k":[2,0,0,44,0],"v":{"t":[0,0]}},{"k":[1,0,0,45,0],"v":{"t":[0,0]}},{"k":[0,0,0,46,0],"v":{"t":[0,0]}},{"k":[0,6,0,40,0],"v":{"t":[0,0]}},{"k":[3,0,0,32,0],"v":{"t":[0,0]}},{"k":[2,0,0,33,0],"v":{"t":[0,0]}},{"k":[1,0,0,34,0],"v":{"t":[0,0]}},{"k":[0,0,0,35,0],"v":{"t":[0,0]}},{"k":[4,0,0,32,0],"v":{"t":[0,0]}},{"k":[3,0,0,33,0],"v":{"t":[0,0]}},{"k":[2,0,0,34,0],"v":{"t":[0,0]}},{"k":[1,0,0,35,0],"v":{"t":[0,0]}},{"k":[0,0,0,36,0],"v":{"t":[0,0]}},{"k":[1,0,0,32,0],"v":{"t":[0,0]}},{"k":[0,0,0,33,0],"v":{"t":[0,0]}},{"k":[2,0,0,32,0],"v":{"t":[0,0]}},{"k":[1,0,0,33,0],"v":{"t":[0,0]}},{"k":[0,0,0,34,0],"v":{"t":[0,0]}},{"k":[7,0,0,32,0],"v":{"t":[0,0]}},{"k":[6,0,0,33,0],"v":{"t":[0,0]}},{"k":[5,0,0,34,0],"v":{"t":[0,0]}},{"k":[4,0,0,35,0],"v":{"t":[0,0]}},{"k":[3,0,0,36,0],"v":{"t":[0,0]}},{"k":[2,0,0,37,0],"v":{"t":[0,0]}},{"k":[1,0,0,38,0],"v":{"t":[0,0]}},{"k":[0,0,0,39,0],"v":{"t":[0,0]}},{"k":[0,6,0,33,0],"v":{"t":[0,0]}},{"k":[8,0,0,32,0],"v":{"t":[0,0]}},{"k":[7,0,0,33,0],"v":{"t":[0,0]}},{"k":[6,0,0,34,0],"v":{"t":[0,0]}},{"k":[5,0,0,35,0],"v":{"t":[0,0]}},{"k":[4,0,0,36,0],"v":{"t":[0,0]}},{"k":[3,0,0,37,0],"v":{"t":[0,0]}},{"k":[2,0,0,38,0],"v":{"t":[0,0]}},{"k":[1,0,0,39,0],"v":{"t":[0,0]}},{"k":[0,0,0,40,0],"v":{"t":[0,0]}},{"k":[0,6,0,34,0],"v":{"t":[0,0]}},{"k":[5,0,0,32,0],"v":{"t":[0,0]}},{"k":[4,0,0,33,0],"v":{"t":[0,0]}},{"k":[3,0,0,34,0],"v":{"t":[0,0]}},{"k":[2,0,0,35,0],"v":{"t":[0,0]}},{"k":[1,0,0,36,0],"v":{"t":[0,0]}},{"k":[0,0,0,37,0],"v":{"t":[0,0]}},{"k":[6,0,0,32,0],"v":{"t":[0,0]}},{"k":[5,0,0,33,0],"v":{"t":[0,0]}},{"k":[4,0,0,34,0],"v":{"t":[0,0]}},{"k":[3,0,0,35,0],"v":{"t":[0,0]}},{"k":[2,0,0,36,0],"v":{"t":[0,0]}},{"k":[1,0,0,37,0],"v":{"t":[0,0]}},{"k":[0,0,0,38,0],"v":{"t":[0,0]}},{"k":[0,6,0,32,0],"v":{"t":[0,0]}},{"k":[0,0,0,32,0],"v":{"t":[0,0]}}]},"moun":{"a":[{"k":[0,0,0,39,0],"v":{"b":true,"hs":6,"sid":5,"t":true,"wp":31.25}},{"k":[0,0,0,40,0],"v":{"b":true,"hs":6,"sid":5,"t":true,"wp":31.25}},{"k":[0,0,0,37,0],"v":{"b":true,"hs":6,"sid":5,"t":true,"wp":31.25}},{"k":[0,0,0,38,0],"v":{"b":true,"hs":6,"sid":5,"t":true,"wp":31.25}},{"k":[0,0,0,43,0],"v":{"b":true,"hs":6,"sid":5,"t":true,"wp":31.25}},{"k":[0,0,0,44,0],"v":{"b":true,"hs":6,"sid":5,"t":true,"wp":31.25}},{"k":[0,0,0,41,0],"v":{"b":true,"hs":6,"sid":5,"t":true,"wp":31.25}},{"k":[0,0,0,42,0],"v":{"b":true,"hs":6,"sid":5,"t":true,"wp":31.25}},{"k":[0,0,0,47,0],"v":{"b":true,"hs":6,"sid":5,"t":true,"wp":31.25}},{"k":[0,0,0,32,0],"v":{"b":true,"hs":6,"sid":5,"t":true,"wp":31.25}},{"k":[0,0,0,45,0],"v":{"b":true,"hs":6,"sid":5,"t":true,"wp":31.25}},{"k":[0,0,0,46,0],"v":{"b":true,"hs":6,"sid":5,"t":true,"wp":31.25}},{"k":[0,0,0,35,0],"v":{"b":true,"hs":6,"sid":5,"t":true,"wp":31.25}},{"k":[0,0,0,36,0],"v":{"b":true,"hs":6,"sid":5,"t":true,"wp":31.25}},{"k":[0,0,0,33,0],"v":{"b":true,"hs":6,"sid":5,"t":true,"wp":31.25}},{"k":[0,0,0,34,0],"v":{"b":true,"hs":6,"sid":5,"t":true,"wp":31.25}}],"o":[[0,0,0,31,0],[0,0,0,48,0]]},"objs":{"list":[]},"objs3d":{"a":[],"o":[]},"sprites":{"list":[],"overflow":[],"walls":[]}}