{"lands":{"autotiles":[{"k":[31,5,0,45,0],"v":{"id":1,"t":[4,0],"tid":318}},{"k":[30,5,0,46,0],"v":{"id":1,"t":[4,0],"tid":584}},{"k":[31,5,0,46,0],"v":{"id":1,"t":[4,0],"tid":318}},{"k":[30,5,0,47,0],"v":{"id":1,"t":[4,0],"tid":584}},{"k":[30,5,0,40,0],"v":{"id":1,"t":[4,0],"tid":52}},{"k":[31,5,0,39,0],"v":{"id":1,"t":[4,0],"tid":318}},{"k":[31,0,0,44,0],"v":{"id":5,"t":[0,0],"tid":477}},{"k":[30,5,0,41,0],"v":{"id":1,"t":[4,0],"tid":584}},{"k":[31,5,0,40,0],"v":{"id":1,"t":[4,0],"tid":318}},{"k":[30,5,0,38,0],"v":{"id":1,"t":[4,0],"tid":584}},{"k":[31,5,0,37,0],"v":{"id":1,"t":[4,0],"tid":318}},{"k":[30,5,0,39,0],"v":{"id":1,"t":[4,0],"tid":584}},{"k":[29,5,0,40,0],"v":{"id":1,"t":[4,0],"tid":211}},{"k":[31,5,0,38,0],"v":{"id":1,"t":[4,0],"tid":318}},{"k":[30,0,0,44,0],"v":{"id":5,"t":[0,0],"tid":211}},{"k":[30,5,0,44,0],"v":{"id":1,"t":[4,0],"tid":584}},{"k":[31,5,0,43,0],"v":{"id":1,"t":[4,0],"tid":318}},{"k":[30,5,0,45,0],"v":{"id":1,"t":[4,0],"tid":584}},{"k":[31,5,0,44,0],"v":{"id":1,"t":[4,0],"tid":318}},{"k":[31,5,0,41,0],"v":{"id":1,"t":[4,0],"tid":318}},{"k":[30,5,0,42,0],"v":{"id":1,"t":[4,0],"tid":584}},{"k":[30,5,0,43,0],"v":{"id":1,"t":[4,0],"tid":584}},{"k":[31,5,0,42,0],"v":{"id":1,"t":[4,0],"tid":318}},{"k":[25,5,0,37,0],"v":{"id":1,"t":[4,0],"tid":618}},{"k":[30,5,0,32,0],"v":{"id":1,"t":[4,0],"tid":584}},{"k":[30,5,0,33,0],"v":{"id":1,"t":[4,0],"tid":584}},{"k":[27,5,0,36,0],"v":{"id":1,"t":[4,0],"tid":211}},{"k":[31,5,0,32,0],"v":{"id":1,"t":[4,0],"tid":318}},{"k":[25,5,0,35,0],"v":{"id":1,"t":[4,0],"tid":223}},{"k":[25,5,0,36,0],"v":{"id":1,"t":[4,0],"tid":636}},{"k":[26,5,0,35,0],"v":{"id":1,"t":[4,0],"tid":425}},{"k":[30,5,0,36,0],"v":{"id":1,"t":[4,0],"tid":584}},{"k":[29,5,0,37,0],"v":{"id":1,"t":[4,0],"tid":211}},{"k":[31,5,0,35,0],"v":{"id":1,"t":[4,0],"tid":318}},{"k":[30,5,0,37,0],"v":{"id":1,"t":[4,0],"tid":52}},{"k":[28,5,0,39,0],"v":{"id":1,"t":[4,0],"tid":159}},{"k":[31,5,0,36,0],"v":{"id":1,"t":[4,0],"tid":318}},{"k":[30,5,0,34,0],"v":{"id":1,"t":[4,0],"tid":584}},{"k":[26,5,0,38,0],"v":{"id":1,"t":[4,0],"tid":211}},{"k":[28,5,0,36,0],"v":{"id":1,"t":[4,0],"tid":425}},{"k":[31,5,0,33,0],"v":{"id":1,"t":[4,0],"tid":318}},{"k":[30,5,0,35,0],"v":{"id":1,"t":[4,0],"tid":584}},{"k":[27,5,0,38,0],"v":{"id":1,"t":[4,0],"tid":425}},{"k":[31,5,0,34,0],"v":{"id":1,"t":[4,0],"tid":318}},{"k":[31,5,0,47,0],"v":{"id":1,"t":[4,0],"tid":318}}],"floors":[{"k":[29,6,0,46,0],"v":{"t":[0,0]}},{"k":[28,6,0,47,0],"v":{"t":[0,0]}},{"k":[29,6,0,47,0],"v":{"t":[0,0]}},{"k":[30,0,0,45,0],"v":{"t":[0,0]}},{"k":[29,0,0,46,0],"v":{"t":[0,0]}},{"k":[28,0,0,47,0],"v":{"t":[0,0]}},{"k":[29,6,0,40,0],"v":{"t":[0,0]}},{"k":[28,6,0,41,0],"v":{"t":[0,0]}},{"k":[23,6,0,46,0],"v":{"t":[0,0]}},{"k":[22,6,0,47,0],"v":{"t":[0,0]}},{"k":[24,6,0,45,0],"v":{"t":[0,0]}},{"k":[25,6,0,44,0],"v":{"t":[0,0]}},{"k":[27,6,0,42,0],"v":{"t":[0,0]}},{"k":[26,6,0,43,0],"v":{"t":[0,0]}},{"k":[31,0,0,45,0],"v":{"t":[0,0]}},{"k":[30,0,0,46,0],"v":{"t":[0,0]}},{"k":[29,0,0,47,0],"v":{"t":[0,0]}},{"k":[29,6,0,41,0],"v":{"t":[0,0]}},{"k":[28,6,0,42,0],"v":{"t":[0,0]}},{"k":[23,6,0,47,0],"v":{"t":[0,0]}},{"k":[24,6,0,46,0],"v":{"t":[0,0]}},{"k":[25,6,0,45,0],"v":{"t":[0,0]}},{"k":[27,6,0,43,0],"v":{"t":[0,0]}},{"k":[26,6,0,44,0],"v":{"t":[0,0]}},{"k":[31,0,0,42,0],"v":{"t":[0,0]}},{"k":[30,0,0,43,0],"v":{"t":[0,0]}},{"k":[29,0,0,44,0],"v":{"t":[0,0]}},{"k":[28,0,0,45,0],"v":{"t":[0,0]}},{"k":[27,0,0,46,0],"v":{"t":[0,0]}},{"k":[26,0,0,47,0],"v":{"t":[0,0]}},{"k":[29,6,0,38,0],"v":{"t":[0,0]}},{"k":[28,6,0,39,0],"v":{"t":[0,0]}},{"k":[23,6,0,44,0],"v":{"t":[0,0]}},{"k":[22,6,0,45,0],"v":{"t":[0,0]}},{"k":[21,6,0,46,0],"v":{"t":[0,0]}},{"k":[20,6,0,47,0],"v":{"t":[0,0]}},{"k":[24,6,0,43,0],"v":{"t":[0,0]}},{"k":[25,6,0,42,0],"v":{"t":[0,0]}},{"k":[27,6,0,40,0],"v":{"t":[0,0]}},{"k":[26,6,0,41,0],"v":{"t":[0,0]}},{"k":[31,0,0,43,0],"v":{"t":[0,0]}},{"k":[29,0,0,45,0],"v":{"t":[0,0]}},{"k":[28,0,0,46,0],"v":{"t":[0,0]}},{"k":[27,0,0,47,0],"v":{"t":[0,0]}},{"k":[29,6,0,39,0],"v":{"t":[0,0]}},{"k":[28,6,0,40,0],"v":{"t":[0,0]}},{"k":[23,6,0,45,0],"v":{"t":[0,0]}},{"k":[22,6,0,46,0],"v":{"t":[0,0]}},{"k":[21,6,0,47,0],"v":{"t":[0,0]}},{"k":[24,6,0,44,0],"v":{"t":[0,0]}},{"k":[25,6,0,43,0],"v":{"t":[0,0]}},{"k":[27,6,0,41,0],"v":{"t":[0,0]}},{"k":[26,6,0,42,0],"v":{"t":[0,0]}},{"k":[29,6,0,44,0],"v":{"t":[0,0]}},{"k":[28,6,0,45,0],"v":{"t":[0,0]}},{"k":[27,6,0,46,0],"v":{"t":[0,0]}},{"k":[26,6,0,47,0],"v":{"t":[0,0]}},{"k":[29,6,0,45,0],"v":{"t":[0,0]}},{"k":[28,6,0,46,0],"v":{"t":[0,0]}},{"k":[27,6,0,47,0],"v":{"t":[0,0]}},{"k":[31,0,0,46,0],"v":{"t":[0,0]}},{"k":[30,0,0,47,0],"v":{"t":[0,0]}},{"k":[29,6,0,42,0],"v":{"t":[0,0]}},{"k":[28,6,0,43,0],"v":{"t":[0,0]}},{"k":[24,6,0,47,0],"v":{"t":[0,0]}},{"k":[25,6,0,46,0],"v":{"t":[0,0]}},{"k":[27,6,0,44,0],"v":{"t":[0,0]}},{"k":[26,6,0,45,0],"v":{"t":[0,0]}},{"k":[31,0,0,47,0],"v":{"t":[0,0]}},{"k":[29,6,0,43,0],"v":{"t":[0,0]}},{"k":[28,6,0,44,0],"v":{"t":[0,0]}},{"k":[25,6,0,47,0],"v":{"t":[0,0]}},{"k":[27,6,0,45,0],"v":{"t":[0,0]}},{"k":[26,6,0,46,0],"v":{"t":[0,0]}},{"k":[31,0,0,36,0],"v":{"t":[0,0]}},{"k":[30,0,0,37,0],"v":{"t":[0,0]}},{"k":[29,0,0,38,0],"v":{"t":[0,0]}},{"k":[28,0,0,39,0],"v":{"t":[0,0]}},{"k":[27,0,0,40,0],"v":{"t":[0,0]}},{"k":[26,0,0,41,0],"v":{"t":[0,0]}},{"k":[25,0,0,42,0],"v":{"t":[0,0]}},{"k":[24,0,0,43,0],"v":{"t":[0,0]}},{"k":[23,0,0,44,0],"v":{"t":[0,0]}},{"k":[22,0,0,45,0],"v":{"t":[0,0]}},{"k":[21,0,0,46,0],"v":{"t":[0,0]}},{"k":[20,0,0,47,0],"v":{"t":[0,0]}},{"k":[19,6,0,42,0],"v":{"t":[0,0]}},{"k":[29,6,0,32,0],"v":{"t":[0,0]}},{"k":[28,6,0,33,0],"v":{"t":[0,0]}},{"k":[23,6,0,38,0],"v":{"t":[0,0]}},{"k":[22,6,0,39,0],"v":{"t":[0,0]}},{"k":[21,6,0,40,0],"v":{"t":[0,0]}},{"k":[20,6,0,41,0],"v":{"t":[0,0]}},{"k":[24,6,0,37,0],"v":{"t":[0,0]}},{"k":[25,6,0,36,0],"v":{"t":[0,0]}},{"k":[27,6,0,34,0],"v":{"t":[0,0]}},{"k":[26,6,0,35,0],"v":{"t":[0,0]}},{"k":[31,0,0,37,0],"v":{"t":[0,0]}},{"k":[30,0,0,38,0],"v":{"t":[0,0]}},{"k":[29,0,0,39,0],"v":{"t":[0,0]}},{"k":[28,0,0,40,0],"v":{"t":[0,0]}},{"k":[27,0,0,41,0],"v":{"t":[0,0]}},{"k":[26,0,0,42,0],"v":{"t":[0,0]}},{"k":[25,0,0,43,0],"v":{"t":[0,0]}},{"k":[24,0,0,44,0],"v":{"t":[0,0]}},{"k":[23,0,0,45,0],"v":{"t":[0,0]}},{"k":[22,0,0,46,0],"v":{"t":[0,0]}},{"k":[21,0,0,47,0],"v":{"t":[0,0]}},{"k":[19,6,0,43,0],"v":{"t":[0,0]}},{"k":[29,6,0,33,0],"v":{"t":[0,0]}},{"k":[28,6,0,34,0],"v":{"t":[0,0]}},{"k":[23,6,0,39,0],"v":{"t":[0,0]}},{"k":[22,6,0,40,0],"v":{"t":[0,0]}},{"k":[21,6,0,41,0],"v":{"t":[0,0]}},{"k":[20,6,0,42,0],"v":{"t":[0,0]}},{"k":[24,6,0,38,0],"v":{"t":[0,0]}},{"k":[25,6,0,37,0],"v":{"t":[0,0]}},{"k":[27,6,0,35,0],"v":{"t":[0,0]}},{"k":[26,6,0,36,0],"v":{"t":[0,0]}},{"k":[31,0,0,34,0],"v":{"t":[0,0]}},{"k":[30,0,0,35,0],"v":{"t":[0,0]}},{"k":[29,0,0,36,0],"v":{"t":[0,0]}},{"k":[28,0,0,37,0],"v":{"t":[0,0]}},{"k":[27,0,0,38,0],"v":{"t":[0,0]}},{"k":[26,0,0,39,0],"v":{"t":[0,0]}},{"k":[25,0,0,40,0],"v":{"t":[0,0]}},{"k":[24,0,0,41,0],"v":{"t":[0,0]}},{"k":[23,0,0,42,0],"v":{"t":[0,0]}},{"k":[22,0,0,43,0],"v":{"t":[0,0]}},{"k":[21,0,0,44,0],"v":{"t":[0,0]}},{"k":[20,0,0,45,0],"v":{"t":[0,0]}},{"k":[19,0,0,46,0],"v":{"t":[0,0]}},{"k":[18,0,0,47,0],"v":{"t":[0,0]}},{"k":[19,6,0,40,0],"v":{"t":[0,0]}},{"k":[23,6,0,36,0],"v":{"t":[0,0]}},{"k":[22,6,0,37,0],"v":{"t":[0,0]}},{"k":[21,6,0,38,0],"v":{"t":[0,0]}},{"k":[20,6,0,39,0],"v":{"t":[0,0]}},{"k":[24,6,0,35,0],"v":{"t":[0,0]}},{"k":[25,6,0,34,0],"v":{"t":[0,0]}},{"k":[27,6,0,32,0],"v":{"t":[0,0]}},{"k":[26,6,0,33,0],"v":{"t":[0,0]}},{"k":[31,0,0,35,0],"v":{"t":[0,0]}},{"k":[30,0,0,36,0],"v":{"t":[0,0]}},{"k":[29,0,0,37,0],"v":{"t":[0,0]}},{"k":[28,0,0,38,0],"v":{"t":[0,0]}},{"k":[27,0,0,39,0],"v":{"t":[0,0]}},{"k":[26,0,0,40,0],"v":{"t":[0,0]}},{"k":[25,0,0,41,0],"v":{"t":[0,0]}},{"k":[24,0,0,42,0],"v":{"t":[0,0]}},{"k":[23,0,0,43,0],"v":{"t":[0,0]}},{"k":[22,0,0,44,0],"v":{"t":[0,0]}},{"k":[21,0,0,45,0],"v":{"t":[0,0]}},{"k":[20,0,0,46,0],"v":{"t":[0,0]}},{"k":[19,0,0,47,0],"v":{"t":[0,0]}},{"k":[19,6,0,41,0],"v":{"t":[0,0]}},{"k":[28,6,0,32,0],"v":{"t":[0,0]}},{"k":[23,6,0,37,0],"v":{"t":[0,0]}},{"k":[22,6,0,38,0],"v":{"t":[0,0]}},{"k":[21,6,0,39,0],"v":{"t":[0,0]}},{"k":[20,6,0,40,0],"v":{"t":[0,0]}},{"k":[24,6,0,36,0],"v":{"t":[0,0]}},{"k":[25,6,0,35,0],"v":{"t":[0,0]}},{"k":[27,6,0,33,0],"v":{"t":[0,0]}},{"k":[26,6,0,34,0],"v":{"t":[0,0]}},{"k":[31,0,0,40,0],"v":{"t":[0,0]}},{"k":[30,0,0,41,0],"v":{"t":[0,0]}},{"k":[29,0,0,42,0],"v":{"t":[0,0]}},{"k":[28,0,0,43,0],"v":{"t":[0,0]}},{"k":[27,0,0,44,0],"v":{"t":[0,0]}},{"k":[26,0,0,45,0],"v":{"t":[0,0]}},{"k":[25,0,0,46,0],"v":{"t":[0,0]}},{"k":[24,0,0,47,0],"v":{"t":[0,0]}},{"k":[19,6,0,46,0],"v":{"t":[0,0]}},{"k":[29,6,0,36,0],"v":{"t":[0,0]}},{"k":[28,6,0,37,0],"v":{"t":[0,0]}},{"k":[23,6,0,42,0],"v":{"t":[0,0]}},{"k":[22,6,0,43,0],"v":{"t":[0,0]}},{"k":[21,6,0,44,0],"v":{"t":[0,0]}},{"k":[20,6,0,45,0],"v":{"t":[0,0]}},{"k":[24,6,0,41,0],"v":{"t":[0,0]}},{"k":[25,6,0,40,0],"v":{"t":[0,0]}},{"k":[27,6,0,38,0],"v":{"t":[0,0]}},{"k":[26,6,0,39,0],"v":{"t":[0,0]}},{"k":[31,0,0,41,0],"v":{"t":[0,0]}},{"k":[30,0,0,42,0],"v":{"t":[0,0]}},{"k":[29,0,0,43,0],"v":{"t":[0,0]}},{"k":[28,0,0,44,0],"v":{"t":[0,0]}},{"k":[27,0,0,45,0],"v":{"t":[0,0]}},{"k":[26,0,0,46,0],"v":{"t":[0,0]}},{"k":[25,0,0,47,0],"v":{"t":[0,0]}},{"k":[19,6,0,47,0],"v":{"t":[0,0]}},{"k":[29,6,0,37,0],"v":{"t":[0,0]}},{"k":[28,6,0,38,0],"v":{"t":[0,0]}},{"k":[23,6,0,43,0],"v":{"t":[0,0]}},{"k":[22,6,0,44,0],"v":{"t":[0,0]}},{"k":[21,6,0,45,0],"v":{"t":[0,0]}},{"k":[20,6,0,46,0],"v":{"t":[0,0]}},{"k":[24,6,0,42,0],"v":{"t":[0,0]}},{"k":[25,6,0,41,0],"v":{"t":[0,0]}},{"k":[27,6,0,39,0],"v":{"t":[0,0]}},{"k":[26,6,0,40,0],"v":{"t":[0,0]}},{"k":[31,0,0,38,0],"v":{"t":[0,0]}},{"k":[30,0,0,39,0],"v":{"t":[0,0]}},{"k":[29,0,0,40,0],"v":{"t":[0,0]}},{"k":[28,0,0,41,0],"v":{"t":[0,0]}},{"k":[27,0,0,42,0],"v":{"t":[0,0]}},{"k":[26,0,0,43,0],"v":{"t":[0,0]}},{"k":[25,0,0,44,0],"v":{"t":[0,0]}},{"k":[24,0,0,45,0],"v":{"t":[0,0]}},{"k":[23,0,0,46,0],"v":{"t":[0,0]}},{"k":[22,0,0,47,0],"v":{"t":[0,0]}},{"k":[19,6,0,44,0],"v":{"t":[0,0]}},{"k":[29,6,0,34,0],"v":{"t":[0,0]}},{"k":[28,6,0,35,0],"v":{"t":[0,0]}},{"k":[23,6,0,40,0],"v":{"t":[0,0]}},{"k":[22,6,0,41,0],"v":{"t":[0,0]}},{"k":[21,6,0,42,0],"v":{"t":[0,0]}},{"k":[20,6,0,43,0],"v":{"t":[0,0]}},{"k":[24,6,0,39,0],"v":{"t":[0,0]}},{"k":[25,6,0,38,0],"v":{"t":[0,0]}},{"k":[27,6,0,36,0],"v":{"t":[0,0]}},{"k":[26,6,0,37,0],"v":{"t":[0,0]}},{"k":[31,0,0,39,0],"v":{"t":[0,0]}},{"k":[30,0,0,40,0],"v":{"t":[0,0]}},{"k":[29,0,0,41,0],"v":{"t":[0,0]}},{"k":[28,0,0,42,0],"v":{"t":[0,0]}},{"k":[27,0,0,43,0],"v":{"t":[0,0]}},{"k":[26,0,0,44,0],"v":{"t":[0,0]}},{"k":[25,0,0,45,0],"v":{"t":[0,0]}},{"k":[24,0,0,46,0],"v":{"t":[0,0]}},{"k":[23,0,0,47,0],"v":{"t":[0,0]}},{"k":[19,6,0,45,0],"v":{"t":[0,0]}},{"k":[29,6,0,35,0],"v":{"t":[0,0]}},{"k":[28,6,0,36,0],"v":{"t":[0,0]}},{"k":[23,6,0,41,0],"v":{"t":[0,0]}},{"k":[22,6,0,42,0],"v":{"t":[0,0]}},{"k":[21,6,0,43,0],"v":{"t":[0,0]}},{"k":[20,6,0,44,0],"v":{"t":[0,0]}},{"k":[24,6,0,40,0],"v":{"t":[0,0]}},{"k":[25,6,0,39,0],"v":{"t":[0,0]}},{"k":[27,6,0,37,0],"v":{"t":[0,0]}},{"k":[26,6,0,38,0],"v":{"t":[0,0]}},{"k":[27,0,0,32,0],"v":{"t":[0,0]}},{"k":[26,0,0,33,0],"v":{"t":[0,0]}},{"k":[25,0,0,34,0],"v":{"t":[0,0]}},{"k":[24,0,0,35,0],"v":{"t":[0,0]}},{"k":[23,0,0,36,0],"v":{"t":[0,0]}},{"k":[22,0,0,37,0],"v":{"t":[0,0]}},{"k":[21,0,0,38,0],"v":{"t":[0,0]}},{"k":[20,0,0,39,0],"v":{"t":[0,0]}},{"k":[19,0,0,40,0],"v":{"t":[0,0]}},{"k":[18,0,0,41,0],"v":{"t":[0,0]}},{"k":[17,0,0,42,0],"v":{"t":[0,0]}},{"k":[16,0,0,43,0],"v":{"t":[0,0]}},{"k":[19,6,0,34,0],"v":{"t":[0,0]}},{"k":[21,6,0,32,0],"v":{"t":[0,0]}},{"k":[20,6,0,33,0],"v":{"t":[0,0]}},{"k":[28,0,0,32,0],"v":{"t":[0,0]}},{"k":[27,0,0,33,0],"v":{"t":[0,0]}},{"k":[26,0,0,34,0],"v":{"t":[0,0]}},{"k":[25,0,0,35,0],"v":{"t":[0,0]}},{"k":[24,0,0,36,0],"v":{"t":[0,0]}},{"k":[23,0,0,37,0],"v":{"t":[0,0]}},{"k":[22,0,0,38,0],"v":{"t":[0,0]}},{"k":[21,0,0,39,0],"v":{"t":[0,0]}},{"k":[20,0,0,40,0],"v":{"t":[0,0]}},{"k":[19,0,0,41,0],"v":{"t":[0,0]}},{"k":[18,0,0,42,0],"v":{"t":[0,0]}},{"k":[17,0,0,43,0],"v":{"t":[0,0]}},{"k":[16,0,0,44,0],"v":{"t":[0,0]}},{"k":[19,6,0,35,0],"v":{"t":[0,0]}},{"k":[22,6,0,32,0],"v":{"t":[0,0]}},{"k":[21,6,0,33,0],"v":{"t":[0,0]}},{"k":[20,6,0,34,0],"v":{"t":[0,0]}},{"k":[25,0,0,32,0],"v":{"t":[0,0]}},{"k":[24,0,0,33,0],"v":{"t":[0,0]}},{"k":[23,0,0,34,0],"v":{"t":[0,0]}},{"k":[22,0,0,35,0],"v":{"t":[0,0]}},{"k":[21,0,0,36,0],"v":{"t":[0,0]}},{"k":[20,0,0,37,0],"v":{"t":[0,0]}},{"k":[19,0,0,38,0],"v":{"t":[0,0]}},{"k":[18,0,0,39,0],"v":{"t":[0,0]}},{"k":[17,0,0,40,0],"v":{"t":[0,0]}},{"k":[16,0,0,41,0],"v":{"t":[0,0]}},{"k":[19,6,0,32,0],"v":{"t":[0,0]}},{"k":[26,0,0,32,0],"v":{"t":[0,0]}},{"k":[25,0,0,33,0],"v":{"t":[0,0]}},{"k":[24,0,0,34,0],"v":{"t":[0,0]}},{"k":[23,0,0,35,0],"v":{"t":[0,0]}},{"k":[22,0,0,36,0],"v":{"t":[0,0]}},{"k":[21,0,0,37,0],"v":{"t":[0,0]}},{"k":[20,0,0,38,0],"v":{"t":[0,0]}},{"k":[19,0,0,39,0],"v":{"t":[0,0]}},{"k":[18,0,0,40,0],"v":{"t":[0,0]}},{"k":[17,0,0,41,0],"v":{"t":[0,0]}},{"k":[16,0,0,42,0],"v":{"t":[0,0]}},{"k":[19,6,0,33,0],"v":{"t":[0,0]}},{"k":[20,6,0,32,0],"v":{"t":[0,0]}},{"k":[31,0,0,32,0],"v":{"t":[0,0]}},{"k":[30,0,0,33,0],"v":{"t":[0,0]}},{"k":[29,0,0,34,0],"v":{"t":[0,0]}},{"k":[28,0,0,35,0],"v":{"t":[0,0]}},{"k":[27,0,0,36,0],"v":{"t":[0,0]}},{"k":[26,0,0,37,0],"v":{"t":[0,0]}},{"k":[25,0,0,38,0],"v":{"t":[0,0]}},{"k":[24,0,0,39,0],"v":{"t":[0,0]}},{"k":[23,0,0,40,0],"v":{"t":[0,0]}},{"k":[22,0,0,41,0],"v":{"t":[0,0]}},{"k":[21,0,0,42,0],"v":{"t":[0,0]}},{"k":[20,0,0,43,0],"v":{"t":[0,0]}},{"k":[19,0,0,44,0],"v":{"t":[0,0]}},{"k":[18,0,0,45,0],"v":{"t":[0,0]}},{"k":[17,0,0,46,0],"v":{"t":[0,0]}},{"k":[16,0,0,47,0],"v":{"t":[0,0]}},{"k":[19,6,0,38,0],"v":{"t":[0,0]}},{"k":[23,6,0,34,0],"v":{"t":[0,0]}},{"k":[22,6,0,35,0],"v":{"t":[0,0]}},{"k":[21,6,0,36,0],"v":{"t":[0,0]}},{"k":[20,6,0,37,0],"v":{"t":[0,0]}},{"k":[24,6,0,33,0],"v":{"t":[0,0]}},{"k":[25,6,0,32,0],"v":{"t":[0,0]}},{"k":[31,0,0,33,0],"v":{"t":[0,0]}},{"k":[30,0,0,34,0],"v":{"t":[0,0]}},{"k":[29,0,0,35,0],"v":{"t":[0,0]}},{"k":[28,0,0,36,0],"v":{"t":[0,0]}},{"k":[27,0,0,37,0],"v":{"t":[0,0]}},{"k":[26,0,0,38,0],"v":{"t":[0,0]}},{"k":[25,0,0,39,0],"v":{"t":[0,0]}},{"k":[24,0,0,40,0],"v":{"t":[0,0]}},{"k":[23,0,0,41,0],"v":{"t":[0,0]}},{"k":[22,0,0,42,0],"v":{"t":[0,0]}},{"k":[21,0,0,43,0],"v":{"t":[0,0]}},{"k":[20,0,0,44,0],"v":{"t":[0,0]}},{"k":[19,0,0,45,0],"v":{"t":[0,0]}},{"k":[18,0,0,46,0],"v":{"t":[0,0]}},{"k":[17,0,0,47,0],"v":{"t":[0,0]}},{"k":[19,6,0,39,0],"v":{"t":[0,0]}},{"k":[23,6,0,35,0],"v":{"t":[0,0]}},{"k":[22,6,0,36,0],"v":{"t":[0,0]}},{"k":[21,6,0,37,0],"v":{"t":[0,0]}},{"k":[20,6,0,38,0],"v":{"t":[0,0]}},{"k":[24,6,0,34,0],"v":{"t":[0,0]}},{"k":[25,6,0,33,0],"v":{"t":[0,0]}},{"k":[26,6,0,32,0],"v":{"t":[0,0]}},{"k":[29,0,0,32,0],"v":{"t":[0,0]}},{"k":[28,0,0,33,0],"v":{"t":[0,0]}},{"k":[27,0,0,34,0],"v":{"t":[0,0]}},{"k":[26,0,0,35,0],"v":{"t":[0,0]}},{"k":[25,0,0,36,0],"v":{"t":[0,0]}},{"k":[24,0,0,37,0],"v":{"t":[0,0]}},{"k":[23,0,0,38,0],"v":{"t":[0,0]}},{"k":[22,0,0,39,0],"v":{"t":[0,0]}},{"k":[21,0,0,40,0],"v":{"t":[0,0]}},{"k":[20,0,0,41,0],"v":{"t":[0,0]}},{"k":[19,0,0,42,0],"v":{"t":[0,0]}},{"k":[18,0,0,43,0],"v":{"t":[0,0]}},{"k":[17,0,0,44,0],"v":{"t":[0,0]}},{"k":[16,0,0,45,0],"v":{"t":[0,0]}},{"k":[19,6,0,36,0],"v":{"t":[0,0]}},{"k":[23,6,0,32,0],"v":{"t":[0,0]}},{"k":[22,6,0,33,0],"v":{"t":[0,0]}},{"k":[21,6,0,34,0],"v":{"t":[0,0]}},{"k":[20,6,0,35,0],"v":{"t":[0,0]}},{"k":[30,0,0,32,0],"v":{"t":[0,0]}},{"k":[29,0,0,33,0],"v":{"t":[0,0]}},{"k":[28,0,0,34,0],"v":{"t":[0,0]}},{"k":[27,0,0,35,0],"v":{"t":[0,0]}},{"k":[26,0,0,36,0],"v":{"t":[0,0]}},{"k":[25,0,0,37,0],"v":{"t":[0,0]}},{"k":[24,0,0,38,0],"v":{"t":[0,0]}},{"k":[23,0,0,39,0],"v":{"t":[0,0]}},{"k":[22,0,0,40,0],"v":{"t":[0,0]}},{"k":[21,0,0,41,0],"v":{"t":[0,0]}},{"k":[20,0,0,42,0],"v":{"t":[0,0]}},{"k":[19,0,0,43,0],"v":{"t":[0,0]}},{"k":[18,0,0,44,0],"v":{"t":[0,0]}},{"k":[17,0,0,45,0],"v":{"t":[0,0]}},{"k":[16,0,0,46,0],"v":{"t":[0,0]}},{"k":[19,6,0,37,0],"v":{"t":[0,0]}},{"k":[23,6,0,33,0],"v":{"t":[0,0]}},{"k":[22,6,0,34,0],"v":{"t":[0,0]}},{"k":[21,6,0,35,0],"v":{"t":[0,0]}},{"k":[20,6,0,36,0],"v":{"t":[0,0]}},{"k":[24,6,0,32,0],"v":{"t":[0,0]}},{"k":[19,0,0,32,0],"v":{"t":[0,0]}},{"k":[18,0,0,33,0],"v":{"t":[0,0]}},{"k":[17,0,0,34,0],"v":{"t":[0,0]}},{"k":[16,0,0,35,0],"v":{"t":[0,0]}},{"k":[20,0,0,32,0],"v":{"t":[0,0]}},{"k":[19,0,0,33,0],"v":{"t":[0,0]}},{"k":[18,0,0,34,0],"v":{"t":[0,0]}},{"k":[17,0,0,35,0],"v":{"t":[0,0]}},{"k":[16,0,0,36,0],"v":{"t":[0,0]}},{"k":[17,0,0,32,0],"v":{"t":[0,0]}},{"k":[16,0,0,33,0],"v":{"t":[0,0]}},{"k":[18,0,0,32,0],"v":{"t":[0,0]}},{"k":[17,0,0,33,0],"v":{"t":[0,0]}},{"k":[16,0,0,34,0],"v":{"t":[0,0]}},{"k":[23,0,0,32,0],"v":{"t":[0,0]}},{"k":[22,0,0,33,0],"v":{"t":[0,0]}},{"k":[21,0,0,34,0],"v":{"t":[0,0]}},{"k":[20,0,0,35,0],"v":{"t":[0,0]}},{"k":[19,0,0,36,0],"v":{"t":[0,0]}},{"k":[18,0,0,37,0],"v":{"t":[0,0]}},{"k":[17,0,0,38,0],"v":{"t":[0,0]}},{"k":[16,0,0,39,0],"v":{"t":[0,0]}},{"k":[24,0,0,32,0],"v":{"t":[0,0]}},{"k":[23,0,0,33,0],"v":{"t":[0,0]}},{"k":[22,0,0,34,0],"v":{"t":[0,0]}},{"k":[21,0,0,35,0],"v":{"t":[0,0]}},{"k":[20,0,0,36,0],"v":{"t":[0,0]}},{"k":[19,0,0,37,0],"v":{"t":[0,0]}},{"k":[18,0,0,38,0],"v":{"t":[0,0]}},{"k":[17,0,0,39,0],"v":{"t":[0,0]}},{"k":[16,0,0,40,0],"v":{"t":[0,0]}},{"k":[21,0,0,32,0],"v":{"t":[0,0]}},{"k":[20,0,0,33,0],"v":{"t":[0,0]}},{"k":[19,0,0,34,0],"v":{"t":[0,0]}},{"k":[18,0,0,35,0],"v":{"t":[0,0]}},{"k":[17,0,0,36,0],"v":{"t":[0,0]}},{"k":[16,0,0,37,0],"v":{"t":[0,0]}},{"k":[22,0,0,32,0],"v":{"t":[0,0]}},{"k":[21,0,0,33,0],"v":{"t":[0,0]}},{"k":[20,0,0,34,0],"v":{"t":[0,0]}},{"k":[19,0,0,35,0],"v":{"t":[0,0]}},{"k":[18,0,0,36,0],"v":{"t":[0,0]}},{"k":[17,0,0,37,0],"v":{"t":[0,0]}},{"k":[16,0,0,38,0],"v":{"t":[0,0]}},{"k":[16,0,0,32,0],"v":{"t":[0,0]}}]},"moun":{"a":[{"k":[29,0,0,46,0],"v":{"b":true,"hs":6,"l":true,"sid":5,"t":true,"wp":31.25}},{"k":[28,0,0,47,0],"v":{"b":true,"hs":6,"l":true,"r":true,"sid":5,"t":true,"wp":31.25}},{"k":[29,0,0,47,0],"v":{"b":true,"hs":6,"l":true,"sid":5,"t":true,"wp":31.25}},{"k":[29,0,0,44,0],"v":{"b":true,"hs":6,"l":true,"sid":5,"t":true,"wp":31.25}},{"k":[28,0,0,45,0],"v":{"b":true,"hs":6,"l":true,"r":true,"sid":5,"t":true,"wp":31.25}},{"k":[27,0,0,46,0],"v":{"b":true,"hs":6,"l":true,"r":true,"sid":5,"t":true,"wp":31.25}},{"k":[26,0,0,47,0],"v":{"b":true,"hs":6,"l":true,"r":true,"sid":5,"t":true,"wp":31.25}},{"k":[29,0,0,45,0],"v":{"b":true,"hs":6,"l":true,"sid":5,"t":true,"wp":31.25}},{"k":[28,0,0,46,0],"v":{"b":true,"hs":6,"l":true,"r":true,"sid":5,"t":true,"wp":31.25}},{"k":[27,0,0,47,0],"v":{"b":true,"hs":6,"l":true,"r":true,"sid":5,"t":true,"wp":31.25}},{"k":[29,0,0,38,0],"v":{"b":true,"hs":6,"l":true,"sid":5,"t":true,"wp":31.25}},{"k":[28,0,0,39,0],"v":{"b":true,"hs":6,"l":true,"r":true,"sid":5,"t":true,"wp":31.25}},{"k":[23,0,0,44,0],"v":{"b":true,"hs":6,"l":true,"r":true,"sid":5,"t":true,"wp":31.25}},{"k":[22,0,0,45,0],"v":{"b":true,"hs":6,"l":true,"r":true,"sid":5,"t":true,"wp":31.25}},{"k":[21,0,0,46,0],"v":{"b":true,"hs":6,"l":true,"r":true,"sid":5,"t":true,"wp":31.25}},{"k":[20,0,0,47,0],"v":{"b":true,"hs":6,"l":true,"r":true,"sid":5,"t":true,"wp":31.25}},{"k":[24,0,0,43,0],"v":{"b":true,"hs":6,"l":true,"r":true,"sid":5,"t":true,"wp":31.25}},{"k":[25,0,0,42,0],"v":{"b":true,"hs":6,"l":true,"r":true,"sid":5,"t":true,"wp":31.25}},{"k":[27,0,0,40,0],"v":{"b":true,"hs":6,"l":true,"r":true,"sid":5,"t":true,"wp":31.25}},{"k":[26,0,0,41,0],"v":{"b":true,"hs":6,"l":true,"r":true,"sid":5,"t":true,"wp":31.25}},{"k":[29,0,0,39,0],"v":{"b":true,"hs":6,"l":true,"sid":5,"t":true,"wp":31.25}},{"k":[28,0,0,40,0],"v":{"b":true,"hs":6,"l":true,"r":true,"sid":5,"t":true,"wp":31.25}},{"k":[23,0,0,45,0],"v":{"b":true,"hs":6,"l":true,"r":true,"sid":5,"t":true,"wp":31.25}},{"k":[22,0,0,46,0],"v":{"b":true,"hs":6,"l":true,"r":true,"sid":5,"t":true,"wp":31.25}},{"k":[21,0,0,47,0],"v":{"b":true,"hs":6,"l":true,"r":true,"sid":5,"t":true,"wp":31.25}},{"k":[24,0,0,44,0],"v":{"b":true,"hs":6,"l":true,"r":true,"sid":5,"t":true,"wp":31.25}},{"k":[25,0,0,43,0],"v":{"b":true,"hs":6,"l":true,"r":true,"sid":5,"t":true,"wp":31.25}},{"k":[27,0,0,41,0],"v":{"b":true,"hs":6,"l":true,"r":true,"sid":5,"t":true,"wp":31.25}},{"k":[26,0,0,42,0],"v":{"b":true,"hs":6,"l":true,"r":true,"sid":5,"t":true,"wp":31.25}},{"k":[19,0,0,46,0],"v":{"b":true,"hs":6,"r":true,"sid":5,"t":true,"wp":31.25}},{"k":[29,0,0,36,0],"v":{"b":true,"hs":6,"l":true,"sid":5,"t":true,"wp":31.25}},{"k":[28,0,0,37,0],"v":{"b":true,"hs":6,"l":true,"r":true,"sid":5,"t":true,"wp":31.25}},{"k":[23,0,0,42,0],"v":{"b":true,"hs":6,"l":true,"r":true,"sid":5,"t":true,"wp":31.25}},{"k":[22,0,0,43,0],"v":{"b":true,"hs":6,"l":true,"r":true,"sid":5,"t":true,"wp":31.25}},{"k":[21,0,0,44,0],"v":{"b":true,"hs":6,"l":true,"r":true,"sid":5,"t":true,"wp":31.25}},{"k":[20,0,0,45,0],"v":{"b":true,"hs":6,"l":true,"r":true,"sid":5,"t":true,"wp":31.25}},{"k":[24,0,0,41,0],"v":{"b":true,"hs":6,"l":true,"r":true,"sid":5,"t":true,"wp":31.25}},{"k":[25,0,0,40,0],"v":{"b":true,"hs":6,"l":true,"r":true,"sid":5,"t":true,"wp":31.25}},{"k":[27,0,0,38,0],"v":{"b":true,"hs":6,"l":true,"r":true,"sid":5,"t":true,"wp":31.25}},{"k":[26,0,0,39,0],"v":{"b":true,"hs":6,"l":true,"r":true,"sid":5,"t":true,"wp":31.25}},{"k":[19,0,0,47,0],"v":{"b":true,"hs":6,"r":true,"sid":5,"t":true,"wp":31.25}},{"k":[29,0,0,37,0],"v":{"b":true,"hs":6,"l":true,"sid":5,"t":true,"wp":31.25}},{"k":[28,0,0,38,0],"v":{"b":true,"hs":6,"l":true,"r":true,"sid":5,"t":true,"wp":31.25}},{"k":[23,0,0,43,0],"v":{"b":true,"hs":6,"l":true,"r":true,"sid":5,"t":true,"wp":31.25}},{"k":[22,0,0,44,0],"v":{"b":true,"hs":6,"l":true,"r":true,"sid":5,"t":true,"wp":31.25}},{"k":[21,0,0,45,0],"v":{"b":true,"hs":6,"l":true,"r":true,"sid":5,"t":true,"wp":31.25}},{"k":[20,0,0,46,0],"v":{"b":true,"hs":6,"l":true,"r":true,"sid":5,"t":true,"wp":31.25}},{"k":[24,0,0,42,0],"v":{"b":true,"hs":6,"l":true,"r":true,"sid":5,"t":true,"wp":31.25}},{"k":[25,0,0,41,0],"v":{"b":true,"hs":6,"l":true,"r":true,"sid":5,"t":true,"wp":31.25}},{"k":[27,0,0,39,0],"v":{"b":true,"hs":6,"l":true,"r":true,"sid":5,"t":true,"wp":31.25}},{"k":[26,0,0,40,0],"v":{"b":true,"hs":6,"l":true,"r":true,"sid":5,"t":true,"wp":31.25}},{"k":[29,0,0,42,0],"v":{"b":true,"hs":6,"l":true,"sid":5,"t":true,"wp":31.25}},{"k":[28,0,0,43,0],"v":{"b":true,"hs":6,"l":true,"r":true,"sid":5,"t":true,"wp":31.25}},{"k":[24,0,0,47,0],"v":{"b":true,"hs":6,"l":true,"r":true,"sid":5,"t":true,"wp":31.25}},{"k":[25,0,0,46,0],"v":{"b":true,"hs":6,"l":true,"r":true,"sid":5,"t":true,"wp":31.25}},{"k":[27,0,0,44,0],"v":{"b":true,"hs":6,"l":true,"r":true,"sid":5,"t":true,"wp":31.25}},{"k":[26,0,0,45,0],"v":{"b":true,"hs":6,"l":true,"r":true,"sid":5,"t":true,"wp":31.25}},{"k":[29,0,0,43,0],"v":{"b":true,"hs":6,"l":true,"sid":5,"t":true,"wp":31.25}},{"k":[28,0,0,44,0],"v":{"b":true,"hs":6,"l":true,"r":true,"sid":5,"t":true,"wp":31.25}},{"k":[25,0,0,47,0],"v":{"b":true,"hs":6,"l":true,"r":true,"sid":5,"t":true,"wp":31.25}},{"k":[27,0,0,45,0],"v":{"b":true,"hs":6,"l":true,"r":true,"sid":5,"t":true,"wp":31.25}},{"k":[26,0,0,46,0],"v":{"b":true,"hs":6,"l":true,"r":true,"sid":5,"t":true,"wp":31.25}},{"k":[29,0,0,40,0],"v":{"b":true,"hs":6,"l":true,"sid":5,"t":true,"wp":31.25}},{"k":[28,0,0,41,0],"v":{"b":true,"hs":6,"l":true,"r":true,"sid":5,"t":true,"wp":31.25}},{"k":[23,0,0,46,0],"v":{"b":true,"hs":6,"l":true,"r":true,"sid":5,"t":true,"wp":31.25}},{"k":[22,0,0,47,0],"v":{"b":true,"hs":6,"l":true,"r":true,"sid":5,"t":true,"wp":31.25}},{"k":[24,0,0,45,0],"v":{"b":true,"hs":6,"l":true,"r":true,"sid":5,"t":true,"wp":31.25}},{"k":[25,0,0,44,0],"v":{"b":true,"hs":6,"l":true,"r":true,"sid":5,"t":true,"wp":31.25}},{"k":[27,0,0,42,0],"v":{"b":true,"hs":6,"l":true,"r":true,"sid":5,"t":true,"wp":31.25}},{"k":[26,0,0,43,0],"v":{"b":true,"hs":6,"l":true,"r":true,"sid":5,"t":true,"wp":31.25}},{"k":[29,0,0,41,0],"v":{"b":true,"hs":6,"l":true,"sid":5,"t":true,"wp":31.25}},{"k":[28,0,0,42,0],"v":{"b":true,"hs":6,"l":true,"r":true,"sid":5,"t":true,"wp":31.25}},{"k":[23,0,0,47,0],"v":{"b":true,"hs":6,"l":true,"r":true,"sid":5,"t":true,"wp":31.25}},{"k":[24,0,0,46,0],"v":{"b":true,"hs":6,"l":true,"r":true,"sid":5,"t":true,"wp":31.25}},{"k":[25,0,0,45,0],"v":{"b":true,"hs":6,"l":true,"r":true,"sid":5,"t":true,"wp":31.25}},{"k":[27,0,0,43,0],"v":{"b":true,"hs":6,"l":true,"r":true,"sid":5,"t":true,"wp":31.25}},{"k":[26,0,0,44,0],"v":{"b":true,"hs":6,"l":true,"r":true,"sid":5,"t":true,"wp":31.25}},{"k":[19,0,0,40,0],"v":{"b":true,"hs":6,"r":true,"sid":5,"t":true,"wp":31.25}},{"k":[23,0,0,36,0],"v":{"b":true,"hs":6,"l":true,"r":true,"sid":5,"t":true,"wp":31.25}},{"k":[22,0,0,37,0],"v":{"b":true,"hs":6,"l":true,"r":true,"sid":5,"t":true,"wp":31.25}},{"k":[21,0,0,38,0],"v":{"b":true,"hs":6,"l":true,"r":true,"sid":5,"t":true,"wp":31.25}},{"k":[20,0,0,39,0],"v":{"b":true,"hs":6,"l":true,"r":true,"sid":5,"t":true,"wp":31.25}},{"k":[24,0,0,35,0],"v":{"b":true,"hs":6,"l":true,"r":true,"sid":5,"t":true,"wp":31.25}},{"k":[25,0,0,34,0],"v":{"b":true,"hs":6,"l":true,"r":true,"sid":5,"t":true,"wp":31.25}},{"k":[27,0,0,32,0],"v":{"b":true,"hs":6,"l":true,"r":true,"sid":5,"t":true,"wp":31.25}},{"k":[26,0,0,33,0],"v":{"b":true,"hs":6,"l":true,"r":true,"sid":5,"t":true,"wp":31.25}},{"k":[19,0,0,41,0],"v":{"b":true,"hs":6,"r":true,"sid":5,"t":true,"wp":31.25}},{"k":[28,0,0,32,0],"v":{"b":true,"hs":6,"l":true,"r":true,"sid":5,"t":true,"wp":31.25}},{"k":[23,0,0,37,0],"v":{"b":true,"hs":6,"l":true,"r":true,"sid":5,"t":true,"wp":31.25}},{"k":[22,0,0,38,0],"v":{"b":true,"hs":6,"l":true,"r":true,"sid":5,"t":true,"wp":31.25}},{"k":[21,0,0,39,0],"v":{"b":true,"hs":6,"l":true,"r":true,"sid":5,"t":true,"wp":31.25}},{"k":[20,0,0,40,0],"v":{"b":true,"hs":6,"l":true,"r":true,"sid":5,"t":true,"wp":31.25}},{"k":[24,0,0,36,0],"v":{"b":true,"hs":6,"l":true,"r":true,"sid":5,"t":true,"wp":31.25}},{"k":[25,0,0,35,0],"v":{"b":true,"hs":6,"l":true,"r":true,"sid":5,"t":true,"wp":31.25}},{"k":[27,0,0,33,0],"v":{"b":true,"hs":6,"l":true,"r":true,"sid":5,"t":true,"wp":31.25}},{"k":[26,0,0,34,0],"v":{"b":true,"hs":6,"l":true,"r":true,"sid":5,"t":true,"wp":31.25}},{"k":[19,0,0,38,0],"v":{"b":true,"hs":6,"r":true,"sid":5,"t":true,"wp":31.25}},{"k":[23,0,0,34,0],"v":{"b":true,"hs":6,"l":true,"r":true,"sid":5,"t":true,"wp":31.25}},{"k":[22,0,0,35,0],"v":{"b":true,"hs":6,"l":true,"r":true,"sid":5,"t":true,"wp":31.25}},{"k":[21,0,0,36,0],"v":{"b":true,"hs":6,"l":true,"r":true,"sid":5,"t":true,"wp":31.25}},{"k":[20,0,0,37,0],"v":{"b":true,"hs":6,"l":true,"r":true,"sid":5,"t":true,"wp":31.25}},{"k":[24,0,0,33,0],"v":{"b":true,"hs":6,"l":true,"r":true,"sid":5,"t":true,"wp":31.25}},{"k":[25,0,0,32,0],"v":{"b":true,"hs":6,"l":true,"r":true,"sid":5,"t":true,"wp":31.25}},{"k":[19,0,0,39,0],"v":{"b":true,"hs":6,"r":true,"sid":5,"t":true,"wp":31.25}},{"k":[23,0,0,35,0],"v":{"b":true,"hs":6,"l":true,"r":true,"sid":5,"t":true,"wp":31.25}},{"k":[22,0,0,36,0],"v":{"b":true,"hs":6,"l":true,"r":true,"sid":5,"t":true,"wp":31.25}},{"k":[21,0,0,37,0],"v":{"b":true,"hs":6,"l":true,"r":true,"sid":5,"t":true,"wp":31.25}},{"k":[20,0,0,38,0],"v":{"b":true,"hs":6,"l":true,"r":true,"sid":5,"t":true,"wp":31.25}},{"k":[24,0,0,34,0],"v":{"b":true,"hs":6,"l":true,"r":true,"sid":5,"t":true,"wp":31.25}},{"k":[25,0,0,33,0],"v":{"b":true,"hs":6,"l":true,"r":true,"sid":5,"t":true,"wp":31.25}},{"k":[26,0,0,32,0],"v":{"b":true,"hs":6,"l":true,"r":true,"sid":5,"t":true,"wp":31.25}},{"k":[19,0,0,44,0],"v":{"b":true,"hs":6,"r":true,"sid":5,"t":true,"wp":31.25}},{"k":[29,0,0,34,0],"v":{"b":true,"hs":6,"l":true,"sid":5,"t":true,"wp":31.25}},{"k":[28,0,0,35,0],"v":{"b":true,"hs":6,"l":true,"r":true,"sid":5,"t":true,"wp":31.25}},{"k":[23,0,0,40,0],"v":{"b":true,"hs":6,"l":true,"r":true,"sid":5,"t":true,"wp":31.25}},{"k":[22,0,0,41,0],"v":{"b":true,"hs":6,"l":true,"r":true,"sid":5,"t":true,"wp":31.25}},{"k":[21,0,0,42,0],"v":{"b":true,"hs":6,"l":true,"r":true,"sid":5,"t":true,"wp":31.25}},{"k":[20,0,0,43,0],"v":{"b":true,"hs":6,"l":true,"r":true,"sid":5,"t":true,"wp":31.25}},{"k":[24,0,0,39,0],"v":{"b":true,"hs":6,"l":true,"r":true,"sid":5,"t":true,"wp":31.25}},{"k":[25,0,0,38,0],"v":{"b":true,"hs":6,"l":true,"r":true,"sid":5,"t":true,"wp":31.25}},{"k":[27,0,0,36,0],"v":{"b":true,"hs":6,"l":true,"r":true,"sid":5,"t":true,"wp":31.25}},{"k":[26,0,0,37,0],"v":{"b":true,"hs":6,"l":true,"r":true,"sid":5,"t":true,"wp":31.25}},{"k":[19,0,0,45,0],"v":{"b":true,"hs":6,"r":true,"sid":5,"t":true,"wp":31.25}},{"k":[29,0,0,35,0],"v":{"b":true,"hs":6,"l":true,"sid":5,"t":true,"wp":31.25}},{"k":[28,0,0,36,0],"v":{"b":true,"hs":6,"l":true,"r":true,"sid":5,"t":true,"wp":31.25}},{"k":[23,0,0,41,0],"v":{"b":true,"hs":6,"l":true,"r":true,"sid":5,"t":true,"wp":31.25}},{"k":[22,0,0,42,0],"v":{"b":true,"hs":6,"l":true,"r":true,"sid":5,"t":true,"wp":31.25}},{"k":[21,0,0,43,0],"v":{"b":true,"hs":6,"l":true,"r":true,"sid":5,"t":true,"wp":31.25}},{"k":[20,0,0,44,0],"v":{"b":true,"hs":6,"l":true,"r":true,"sid":5,"t":true,"wp":31.25}},{"k":[24,0,0,40,0],"v":{"b":true,"hs":6,"l":true,"r":true,"sid":5,"t":true,"wp":31.25}},{"k":[25,0,0,39,0],"v":{"b":true,"hs":6,"l":true,"r":true,"sid":5,"t":true,"wp":31.25}},{"k":[27,0,0,37,0],"v":{"b":true,"hs":6,"l":true,"r":true,"sid":5,"t":true,"wp":31.25}},{"k":[26,0,0,38,0],"v":{"b":true,"hs":6,"l":true,"r":true,"sid":5,"t":true,"wp":31.25}},{"k":[19,0,0,42,0],"v":{"b":true,"hs":6,"r":true,"sid":5,"t":true,"wp":31.25}},{"k":[29,0,0,32,0],"v":{"b":true,"hs":6,"l":true,"sid":5,"t":true,"wp":31.25}},{"k":[28,0,0,33,0],"v":{"b":true,"hs":6,"l":true,"r":true,"sid":5,"t":true,"wp":31.25}},{"k":[23,0,0,38,0],"v":{"b":true,"hs":6,"l":true,"r":true,"sid":5,"t":true,"wp":31.25}},{"k":[22,0,0,39,0],"v":{"b":true,"hs":6,"l":true,"r":true,"sid":5,"t":true,"wp":31.25}},{"k":[21,0,0,40,0],"v":{"b":true,"hs":6,"l":true,"r":true,"sid":5,"t":true,"wp":31.25}},{"k":[20,0,0,41,0],"v":{"b":true,"hs":6,"l":true,"r":true,"sid":5,"t":true,"wp":31.25}},{"k":[24,0,0,37,0],"v":{"b":true,"hs":6,"l":true,"r":true,"sid":5,"t":true,"wp":31.25}},{"k":[25,0,0,36,0],"v":{"b":true,"hs":6,"l":true,"r":true,"sid":5,"t":true,"wp":31.25}},{"k":[27,0,0,34,0],"v":{"b":true,"hs":6,"l":true,"r":true,"sid":5,"t":true,"wp":31.25}},{"k":[26,0,0,35,0],"v":{"b":true,"hs":6,"l":true,"r":true,"sid":5,"t":true,"wp":31.25}},{"k":[19,0,0,43,0],"v":{"b":true,"hs":6,"r":true,"sid":5,"t":true,"wp":31.25}},{"k":[29,0,0,33,0],"v":{"b":true,"hs":6,"l":true,"sid":5,"t":true,"wp":31.25}},{"k":[28,0,0,34,0],"v":{"b":true,"hs":6,"l":true,"r":true,"sid":5,"t":true,"wp":31.25}},{"k":[23,0,0,39,0],"v":{"b":true,"hs":6,"l":true,"r":true,"sid":5,"t":true,"wp":31.25}},{"k":[22,0,0,40,0],"v":{"b":true,"hs":6,"l":true,"r":true,"sid":5,"t":true,"wp":31.25}},{"k":[21,0,0,41,0],"v":{"b":true,"hs":6,"l":true,"r":true,"sid":5,"t":true,"wp":31.25}},{"k":[20,0,0,42,0],"v":{"b":true,"hs":6,"l":true,"r":true,"sid":5,"t":true,"wp":31.25}},{"k":[24,0,0,38,0],"v":{"b":true,"hs":6,"l":true,"r":true,"sid":5,"t":true,"wp":31.25}},{"k":[25,0,0,37,0],"v":{"b":true,"hs":6,"l":true,"r":true,"sid":5,"t":true,"wp":31.25}},{"k":[27,0,0,35,0],"v":{"b":true,"hs":6,"l":true,"r":true,"sid":5,"t":true,"wp":31.25}},{"k":[26,0,0,36,0],"v":{"b":true,"hs":6,"l":true,"r":true,"sid":5,"t":true,"wp":31.25}},{"k":[19,0,0,32,0],"v":{"b":true,"hs":6,"r":true,"sid":5,"t":true,"wp":31.25}},{"k":[19,0,0,33,0],"v":{"b":true,"hs":6,"r":true,"sid":5,"t":true,"wp":31.25}},{"k":[20,0,0,32,0],"v":{"b":true,"hs":6,"l":true,"r":true,"sid":5,"t":true,"wp":31.25}},{"k":[19,0,0,36,0],"v":{"b":true,"hs":6,"r":true,"sid":5,"t":true,"wp":31.25}},{"k":[23,0,0,32,0],"v":{"b":true,"hs":6,"l":true,"r":true,"sid":5,"t":true,"wp":31.25}},{"k":[22,0,0,33,0],"v":{"b":true,"hs":6,"l":true,"r":true,"sid":5,"t":true,"wp":31.25}},{"k":[21,0,0,34,0],"v":{"b":true,"hs":6,"l":true,"r":true,"sid":5,"t":true,"wp":31.25}},{"k":[20,0,0,35,0],"v":{"b":true,"hs":6,"l":true,"r":true,"sid":5,"t":true,"wp":31.25}},{"k":[19,0,0,37,0],"v":{"b":true,"hs":6,"r":true,"sid":5,"t":true,"wp":31.25}},{"k":[23,0,0,33,0],"v":{"b":true,"hs":6,"l":true,"r":true,"sid":5,"t":true,"wp":31.25}},{"k":[22,0,0,34,0],"v":{"b":true,"hs":6,"l":true,"r":true,"sid":5,"t":true,"wp":31.25}},{"k":[21,0,0,35,0],"v":{"b":true,"hs":6,"l":true,"r":true,"sid":5,"t":true,"wp":31.25}},{"k":[20,0,0,36,0],"v":{"b":true,"hs":6,"l":true,"r":true,"sid":5,"t":true,"wp":31.25}},{"k":[24,0,0,32,0],"v":{"b":true,"hs":6,"l":true,"r":true,"sid":5,"t":true,"wp":31.25}},{"k":[19,0,0,34,0],"v":{"b":true,"hs":6,"r":true,"sid":5,"t":true,"wp":31.25}},{"k":[21,0,0,32,0],"v":{"b":true,"hs":6,"l":true,"r":true,"sid":5,"t":true,"wp":31.25}},{"k":[20,0,0,33,0],"v":{"b":true,"hs":6,"l":true,"r":true,"sid":5,"t":true,"wp":31.25}},{"k":[19,0,0,35,0],"v":{"b":true,"hs":6,"r":true,"sid":5,"t":true,"wp":31.25}},{"k":[22,0,0,32,0],"v":{"b":true,"hs":6,"l":true,"r":true,"sid":5,"t":true,"wp":31.25}},{"k":[21,0,0,33,0],"v":{"b":true,"hs":6,"l":true,"r":true,"sid":5,"t":true,"wp":31.25}},{"k":[20,0,0,34,0],"v":{"b":true,"hs":6,"l":true,"r":true,"sid":5,"t":true,"wp":31.25}}],"o":[[20,0,0,31,0],[21,0,0,31,0],[19,0,0,31,0],[24,0,0,31,0],[25,0,0,31,0],[22,0,0,31,0],[23,0,0,31,0],[27,0,0,48,0],[28,0,0,48,0],[25,0,0,48,0],[26,0,0,48,0],[29,0,0,48,0],[19,0,0,48,0],[20,0,0,48,0],[23,0,0,48,0],[24,0,0,48,0],[21,0,0,48,0],[22,0,0,48,0],[28,0,0,31,0],[29,0,0,31,0],[26,0,0,31,0],[27,0,0,31,0]]},"objs":{"list":[]},"objs3d":{"a":[],"o":[]},"sprites":{"list":[{"k":[30,0,0,43,0],"v":{"f":false,"k":4,"t":[2,5,1,2]}},{"k":[31,0,0,43,0],"v":{"f":false,"k":4,"t":[2,5,1,2]}}],"overflow":[],"walls":[]}}