{"lands":{"autotiles":[{"k":[31,5,0,48,0],"v":{"id":1,"t":[4,0],"tid":324}},{"k":[30,5,0,48,0],"v":{"id":1,"t":[4,0],"tid":570}}],"floors":[{"k":[29,6,0,49,0],"v":{"t":[0,0]}},{"k":[26,6,0,49,0],"v":{"t":[0,0]}},{"k":[27,6,0,48,0],"v":{"t":[0,0]}},{"k":[28,6,0,48,0],"v":{"t":[0,0]}},{"k":[27,6,0,49,0],"v":{"t":[0,0]}},{"k":[30,6,0,49,0],"v":{"t":[0,0]}},{"k":[31,6,0,49,0],"v":{"t":[0,0]}},{"k":[27,0,0,48,0],"v":{"t":[0,0]}},{"k":[26,0,0,49,0],"v":{"t":[0,0]}},{"k":[21,6,0,48,0],"v":{"t":[0,0]}},{"k":[20,6,0,49,0],"v":{"t":[0,0]}},{"k":[28,0,0,48,0],"v":{"t":[0,0]}},{"k":[27,0,0,49,0],"v":{"t":[0,0]}},{"k":[22,6,0,48,0],"v":{"t":[0,0]}},{"k":[21,6,0,49,0],"v":{"t":[0,0]}},{"k":[25,0,0,48,0],"v":{"t":[0,0]}},{"k":[24,0,0,49,0],"v":{"t":[0,0]}},{"k":[19,6,0,48,0],"v":{"t":[0,0]}},{"k":[18,6,0,49,0],"v":{"t":[0,0]}},{"k":[26,0,0,48,0],"v":{"t":[0,0]}},{"k":[25,0,0,49,0],"v":{"t":[0,0]}},{"k":[19,6,0,49,0],"v":{"t":[0,0]}},{"k":[20,6,0,48,0],"v":{"t":[0,0]}},{"k":[31,0,0,48,0],"v":{"t":[0,0]}},{"k":[30,0,0,49,0],"v":{"t":[0,0]}},{"k":[24,6,0,49,0],"v":{"t":[0,0]}},{"k":[25,6,0,48,0],"v":{"t":[0,0]}},{"k":[31,0,0,49,0],"v":{"t":[0,0]}},{"k":[25,6,0,49,0],"v":{"t":[0,0]}},{"k":[26,6,0,48,0],"v":{"t":[0,0]}},{"k":[29,0,0,48,0],"v":{"t":[0,0]}},{"k":[28,0,0,49,0],"v":{"t":[0,0]}},{"k":[23,6,0,48,0],"v":{"t":[0,0]}},{"k":[22,6,0,49,0],"v":{"t":[0,0]}},{"k":[30,0,0,48,0],"v":{"t":[0,0]}},{"k":[29,0,0,49,0],"v":{"t":[0,0]}},{"k":[23,6,0,49,0],"v":{"t":[0,0]}},{"k":[24,6,0,48,0],"v":{"t":[0,0]}},{"k":[19,0,0,48,0],"v":{"t":[0,0]}},{"k":[18,0,0,49,0],"v":{"t":[0,0]}},{"k":[20,0,0,48,0],"v":{"t":[0,0]}},{"k":[19,0,0,49,0],"v":{"t":[0,0]}},{"k":[17,0,0,48,0],"v":{"t":[0,0]}},{"k":[16,0,0,49,0],"v":{"t":[0,0]}},{"k":[18,0,0,48,0],"v":{"t":[0,0]}},{"k":[17,0,0,49,0],"v":{"t":[0,0]}},{"k":[23,0,0,48,0],"v":{"t":[0,0]}},{"k":[22,0,0,49,0],"v":{"t":[0,0]}},{"k":[16,6,0,49,0],"v":{"t":[0,0]}},{"k":[24,0,0,48,0],"v":{"t":[0,0]}},{"k":[23,0,0,49,0],"v":{"t":[0,0]}},{"k":[17,6,0,49,0],"v":{"t":[0,0]}},{"k":[21,0,0,48,0],"v":{"t":[0,0]}},{"k":[20,0,0,49,0],"v":{"t":[0,0]}},{"k":[22,0,0,48,0],"v":{"t":[0,0]}},{"k":[21,0,0,49,0],"v":{"t":[0,0]}},{"k":[16,0,0,48,0],"v":{"t":[0,0]}},{"k":[29,6,0,48,0],"v":{"t":[0,0]}},{"k":[28,6,0,49,0],"v":{"t":[0,0]}}]},"moun":{"a":[{"k":[26,0,0,49,0],"v":{"hs":6,"l":true,"r":true,"sid":5,"t":true,"wp":31.25}},{"k":[27,0,0,48,0],"v":{"b":true,"hs":6,"l":true,"r":true,"sid":5,"t":true,"wp":31.25}},{"k":[28,0,0,48,0],"v":{"b":true,"hs":6,"l":true,"r":true,"sid":5,"t":true,"wp":31.25}},{"k":[27,0,0,49,0],"v":{"hs":6,"l":true,"r":true,"sid":5,"t":true,"wp":31.25}},{"k":[24,0,0,49,0],"v":{"hs":6,"l":true,"r":true,"sid":5,"t":true,"wp":31.25}},{"k":[25,0,0,48,0],"v":{"b":true,"hs":6,"l":true,"r":true,"sid":5,"t":true,"wp":31.25}},{"k":[25,0,0,49,0],"v":{"hs":6,"l":true,"r":true,"sid":5,"t":true,"wp":31.25}},{"k":[26,0,0,48,0],"v":{"b":true,"hs":6,"l":true,"r":true,"sid":5,"t":true,"wp":31.25}},{"k":[30,0,0,49,0],"v":{"hs":6,"l":true,"r":true,"sid":5,"wp":31.25}},{"k":[31,0,0,49,0],"v":{"hs":6,"l":true,"r":true,"sid":5,"wp":31.25}},{"k":[29,0,0,48,0],"v":{"b":true,"hs":6,"l":true,"sid":5,"t":true,"wp":31.25}},{"k":[28,0,0,49,0],"v":{"hs":6,"l":true,"r":true,"sid":5,"t":true,"wp":31.25}},{"k":[29,0,0,49,0],"v":{"hs":6,"l":true,"r":true,"sid":5,"t":true,"wp":31.25}},{"k":[19,0,0,48,0],"v":{"b":true,"hs":6,"r":true,"sid":5,"t":true,"wp":31.25}},{"k":[18,0,0,49,0],"v":{"hs":6,"l":true,"r":true,"sid":5,"wp":31.25}},{"k":[19,0,0,49,0],"v":{"hs":6,"l":true,"r":true,"sid":5,"t":true,"wp":31.25}},{"k":[20,0,0,48,0],"v":{"b":true,"hs":6,"l":true,"r":true,"sid":5,"t":true,"wp":31.25}},{"k":[16,0,0,49,0],"v":{"hs":6,"l":true,"r":true,"sid":5,"wp":31.25}},{"k":[17,0,0,49,0],"v":{"hs":6,"l":true,"r":true,"sid":5,"wp":31.25}},{"k":[23,0,0,48,0],"v":{"b":true,"hs":6,"l":true,"r":true,"sid":5,"t":true,"wp":31.25}},{"k":[22,0,0,49,0],"v":{"hs":6,"l":true,"r":true,"sid":5,"t":true,"wp":31.25}},{"k":[23,0,0,49,0],"v":{"hs":6,"l":true,"r":true,"sid":5,"t":true,"wp":31.25}},{"k":[24,0,0,48,0],"v":{"b":true,"hs":6,"l":true,"r":true,"sid":5,"t":true,"wp":31.25}},{"k":[21,0,0,48,0],"v":{"b":true,"hs":6,"l":true,"r":true,"sid":5,"t":true,"wp":31.25}},{"k":[20,0,0,49,0],"v":{"hs":6,"l":true,"r":true,"sid":5,"t":true,"wp":31.25}},{"k":[22,0,0,48,0],"v":{"b":true,"hs":6,"l":true,"r":true,"sid":5,"t":true,"wp":31.25}},{"k":[21,0,0,49,0],"v":{"hs":6,"l":true,"r":true,"sid":5,"t":true,"wp":31.25}}],"o":[]},"objs":{"list":[]},"objs3d":{"a":[],"o":[]},"sprites":{"list":[{"k":[30,2,0,48,0],"v":{"f":false,"k":4,"t":[7,2,1,1]}}],"overflow":[],"walls":[]}}