{"lands":{"autotiles":[{"k":[31,5,0,15,0],"v":{"id":1,"t":[4,0],"tid":318}},{"k":[30,5,0,14,0],"v":{"id":1,"t":[4,0],"tid":584}},{"k":[31,5,0,13,0],"v":{"id":1,"t":[4,0],"tid":318}},{"k":[30,5,0,15,0],"v":{"id":1,"t":[4,0],"tid":584}},{"k":[31,5,0,14,0],"v":{"id":1,"t":[4,0],"tid":318}},{"k":[30,5,0,8,0],"v":{"id":1,"t":[4,0],"tid":584}},{"k":[31,5,0,7,0],"v":{"id":1,"t":[4,0],"tid":318}},{"k":[30,5,0,9,0],"v":{"id":1,"t":[4,0],"tid":584}},{"k":[31,5,0,8,0],"v":{"id":1,"t":[4,0],"tid":318}},{"k":[30,5,0,6,0],"v":{"id":1,"t":[4,0],"tid":584}},{"k":[31,5,0,5,0],"v":{"id":1,"t":[4,0],"tid":318}},{"k":[30,5,0,7,0],"v":{"id":1,"t":[4,0],"tid":584}},{"k":[31,5,0,6,0],"v":{"id":1,"t":[4,0],"tid":318}},{"k":[30,5,0,12,0],"v":{"id":1,"t":[4,0],"tid":584}},{"k":[31,5,0,11,0],"v":{"id":1,"t":[4,0],"tid":318}},{"k":[30,5,0,13,0],"v":{"id":1,"t":[4,0],"tid":584}},{"k":[31,5,0,12,0],"v":{"id":1,"t":[4,0],"tid":318}},{"k":[30,5,0,10,0],"v":{"id":1,"t":[4,0],"tid":584}},{"k":[31,5,0,9,0],"v":{"id":1,"t":[4,0],"tid":318}},{"k":[30,5,0,11,0],"v":{"id":1,"t":[4,0],"tid":584}},{"k":[31,5,0,10,0],"v":{"id":1,"t":[4,0],"tid":318}},{"k":[30,0,0,5,0],"v":{"id":5,"t":[0,0],"tid":211}},{"k":[30,5,0,1,0],"v":{"id":1,"t":[4,0],"tid":225}},{"k":[31,0,0,5,0],"v":{"id":5,"t":[0,0],"tid":477}},{"k":[30,5,0,4,0],"v":{"id":1,"t":[4,0],"tid":584}},{"k":[31,5,0,3,0],"v":{"id":1,"t":[4,0],"tid":318}},{"k":[30,5,0,5,0],"v":{"id":1,"t":[4,0],"tid":584}},{"k":[31,5,0,4,0],"v":{"id":1,"t":[4,0],"tid":318}},{"k":[30,5,0,2,0],"v":{"id":1,"t":[4,0],"tid":584}},{"k":[31,5,0,1,0],"v":{"id":1,"t":[4,0],"tid":471}},{"k":[30,5,0,3,0],"v":{"id":1,"t":[4,0],"tid":584}},{"k":[31,5,0,2,0],"v":{"id":1,"t":[4,0],"tid":318}}],"floors":[{"k":[29,6,0,14,0],"v":{"t":[0,0]}},{"k":[28,6,0,15,0],"v":{"t":[0,0]}},{"k":[29,6,0,15,0],"v":{"t":[0,0]}},{"k":[28,0,0,15,0],"v":{"t":[0,0]}},{"k":[29,0,0,14,0],"v":{"t":[0,0]}},{"k":[30,0,0,13,0],"v":{"t":[0,0]}},{"k":[31,0,0,12,0],"v":{"t":[0,0]}},{"k":[29,6,0,8,0],"v":{"t":[0,0]}},{"k":[28,6,0,9,0],"v":{"t":[0,0]}},{"k":[23,6,0,14,0],"v":{"t":[0,0]}},{"k":[22,6,0,15,0],"v":{"t":[0,0]}},{"k":[25,6,0,12,0],"v":{"t":[0,0]}},{"k":[27,6,0,10,0],"v":{"t":[0,0]}},{"k":[26,6,0,11,0],"v":{"t":[0,0]}},{"k":[24,6,0,13,0],"v":{"t":[0,0]}},{"k":[29,0,0,15,0],"v":{"t":[0,0]}},{"k":[30,0,0,14,0],"v":{"t":[0,0]}},{"k":[31,0,0,13,0],"v":{"t":[0,0]}},{"k":[29,6,0,9,0],"v":{"t":[0,0]}},{"k":[28,6,0,10,0],"v":{"t":[0,0]}},{"k":[23,6,0,15,0],"v":{"t":[0,0]}},{"k":[25,6,0,13,0],"v":{"t":[0,0]}},{"k":[27,6,0,11,0],"v":{"t":[0,0]}},{"k":[26,6,0,12,0],"v":{"t":[0,0]}},{"k":[24,6,0,14,0],"v":{"t":[0,0]}},{"k":[26,0,0,15,0],"v":{"t":[0,0]}},{"k":[27,0,0,14,0],"v":{"t":[0,0]}},{"k":[28,0,0,13,0],"v":{"t":[0,0]}},{"k":[29,0,0,12,0],"v":{"t":[0,0]}},{"k":[30,0,0,11,0],"v":{"t":[0,0]}},{"k":[31,0,0,10,0],"v":{"t":[0,0]}},{"k":[29,6,0,6,0],"v":{"t":[0,0]}},{"k":[28,6,0,7,0],"v":{"t":[0,0]}},{"k":[23,6,0,12,0],"v":{"t":[0,0]}},{"k":[22,6,0,13,0],"v":{"t":[0,0]}},{"k":[21,6,0,14,0],"v":{"t":[0,0]}},{"k":[20,6,0,15,0],"v":{"t":[0,0]}},{"k":[24,6,0,11,0],"v":{"t":[0,0]}},{"k":[27,6,0,8,0],"v":{"t":[0,0]}},{"k":[26,6,0,9,0],"v":{"t":[0,0]}},{"k":[25,6,0,10,0],"v":{"t":[0,0]}},{"k":[27,0,0,15,0],"v":{"t":[0,0]}},{"k":[28,0,0,14,0],"v":{"t":[0,0]}},{"k":[29,0,0,13,0],"v":{"t":[0,0]}},{"k":[30,0,0,12,0],"v":{"t":[0,0]}},{"k":[31,0,0,11,0],"v":{"t":[0,0]}},{"k":[29,6,0,7,0],"v":{"t":[0,0]}},{"k":[28,6,0,8,0],"v":{"t":[0,0]}},{"k":[23,6,0,13,0],"v":{"t":[0,0]}},{"k":[22,6,0,14,0],"v":{"t":[0,0]}},{"k":[21,6,0,15,0],"v":{"t":[0,0]}},{"k":[27,6,0,9,0],"v":{"t":[0,0]}},{"k":[26,6,0,10,0],"v":{"t":[0,0]}},{"k":[25,6,0,11,0],"v":{"t":[0,0]}},{"k":[24,6,0,12,0],"v":{"t":[0,0]}},{"k":[29,6,0,12,0],"v":{"t":[0,0]}},{"k":[28,6,0,13,0],"v":{"t":[0,0]}},{"k":[27,6,0,14,0],"v":{"t":[0,0]}},{"k":[26,6,0,15,0],"v":{"t":[0,0]}},{"k":[29,6,0,13,0],"v":{"t":[0,0]}},{"k":[28,6,0,14,0],"v":{"t":[0,0]}},{"k":[27,6,0,15,0],"v":{"t":[0,0]}},{"k":[30,0,0,15,0],"v":{"t":[0,0]}},{"k":[31,0,0,14,0],"v":{"t":[0,0]}},{"k":[29,6,0,10,0],"v":{"t":[0,0]}},{"k":[28,6,0,11,0],"v":{"t":[0,0]}},{"k":[25,6,0,14,0],"v":{"t":[0,0]}},{"k":[27,6,0,12,0],"v":{"t":[0,0]}},{"k":[26,6,0,13,0],"v":{"t":[0,0]}},{"k":[24,6,0,15,0],"v":{"t":[0,0]}},{"k":[31,0,0,15,0],"v":{"t":[0,0]}},{"k":[29,6,0,11,0],"v":{"t":[0,0]}},{"k":[28,6,0,12,0],"v":{"t":[0,0]}},{"k":[25,6,0,15,0],"v":{"t":[0,0]}},{"k":[27,6,0,13,0],"v":{"t":[0,0]}},{"k":[26,6,0,14,0],"v":{"t":[0,0]}},{"k":[20,0,0,15,0],"v":{"t":[0,0]}},{"k":[21,0,0,14,0],"v":{"t":[0,0]}},{"k":[22,0,0,13,0],"v":{"t":[0,0]}},{"k":[23,0,0,12,0],"v":{"t":[0,0]}},{"k":[24,0,0,11,0],"v":{"t":[0,0]}},{"k":[25,0,0,10,0],"v":{"t":[0,0]}},{"k":[26,0,0,9,0],"v":{"t":[0,0]}},{"k":[27,0,0,8,0],"v":{"t":[0,0]}},{"k":[28,0,0,7,0],"v":{"t":[0,0]}},{"k":[29,0,0,6,0],"v":{"t":[0,0]}},{"k":[31,0,0,4,0],"v":{"t":[0,0]}},{"k":[19,6,0,10,0],"v":{"t":[0,0]}},{"k":[29,6,0,0,0],"v":{"t":[0,0]}},{"k":[28,6,0,1,0],"v":{"t":[0,0]}},{"k":[22,6,0,7,0],"v":{"t":[0,0]}},{"k":[20,6,0,9,0],"v":{"t":[0,0]}},{"k":[21,6,0,8,0],"v":{"t":[0,0]}},{"k":[23,6,0,6,0],"v":{"t":[0,0]}},{"k":[24,6,0,5,0],"v":{"t":[0,0]}},{"k":[27,6,0,2,0],"v":{"t":[0,0]}},{"k":[26,6,0,3,0],"v":{"t":[0,0]}},{"k":[25,6,0,4,0],"v":{"t":[0,0]}},{"k":[21,0,0,15,0],"v":{"t":[0,0]}},{"k":[22,0,0,14,0],"v":{"t":[0,0]}},{"k":[23,0,0,13,0],"v":{"t":[0,0]}},{"k":[24,0,0,12,0],"v":{"t":[0,0]}},{"k":[25,0,0,11,0],"v":{"t":[0,0]}},{"k":[26,0,0,10,0],"v":{"t":[0,0]}},{"k":[27,0,0,9,0],"v":{"t":[0,0]}},{"k":[28,0,0,8,0],"v":{"t":[0,0]}},{"k":[29,0,0,7,0],"v":{"t":[0,0]}},{"k":[30,0,0,6,0],"v":{"t":[0,0]}},{"k":[19,6,0,11,0],"v":{"t":[0,0]}},{"k":[29,6,0,1,0],"v":{"t":[0,0]}},{"k":[30,6,0,0,0],"v":{"t":[0,0]}},{"k":[28,6,0,2,0],"v":{"t":[0,0]}},{"k":[22,6,0,8,0],"v":{"t":[0,0]}},{"k":[20,6,0,10,0],"v":{"t":[0,0]}},{"k":[21,6,0,9,0],"v":{"t":[0,0]}},{"k":[23,6,0,7,0],"v":{"t":[0,0]}},{"k":[24,6,0,6,0],"v":{"t":[0,0]}},{"k":[27,6,0,3,0],"v":{"t":[0,0]}},{"k":[26,6,0,4,0],"v":{"t":[0,0]}},{"k":[25,6,0,5,0],"v":{"t":[0,0]}},{"k":[18,0,0,15,0],"v":{"t":[0,0]}},{"k":[19,0,0,14,0],"v":{"t":[0,0]}},{"k":[20,0,0,13,0],"v":{"t":[0,0]}},{"k":[21,0,0,12,0],"v":{"t":[0,0]}},{"k":[22,0,0,11,0],"v":{"t":[0,0]}},{"k":[23,0,0,10,0],"v":{"t":[0,0]}},{"k":[24,0,0,9,0],"v":{"t":[0,0]}},{"k":[25,0,0,8,0],"v":{"t":[0,0]}},{"k":[26,0,0,7,0],"v":{"t":[0,0]}},{"k":[27,0,0,6,0],"v":{"t":[0,0]}},{"k":[28,0,0,5,0],"v":{"t":[0,0]}},{"k":[29,0,0,4,0],"v":{"t":[0,0]}},{"k":[30,0,0,3,0],"v":{"t":[0,0]}},{"k":[31,0,0,2,0],"v":{"t":[0,0]}},{"k":[19,6,0,8,0],"v":{"t":[0,0]}},{"k":[27,6,0,0,0],"v":{"t":[0,0]}},{"k":[26,6,0,1,0],"v":{"t":[0,0]}},{"k":[22,6,0,5,0],"v":{"t":[0,0]}},{"k":[20,6,0,7,0],"v":{"t":[0,0]}},{"k":[21,6,0,6,0],"v":{"t":[0,0]}},{"k":[23,6,0,4,0],"v":{"t":[0,0]}},{"k":[24,6,0,3,0],"v":{"t":[0,0]}},{"k":[25,6,0,2,0],"v":{"t":[0,0]}},{"k":[19,0,0,15,0],"v":{"t":[0,0]}},{"k":[20,0,0,14,0],"v":{"t":[0,0]}},{"k":[21,0,0,13,0],"v":{"t":[0,0]}},{"k":[22,0,0,12,0],"v":{"t":[0,0]}},{"k":[23,0,0,11,0],"v":{"t":[0,0]}},{"k":[24,0,0,10,0],"v":{"t":[0,0]}},{"k":[25,0,0,9,0],"v":{"t":[0,0]}},{"k":[26,0,0,8,0],"v":{"t":[0,0]}},{"k":[27,0,0,7,0],"v":{"t":[0,0]}},{"k":[28,0,0,6,0],"v":{"t":[0,0]}},{"k":[29,0,0,5,0],"v":{"t":[0,0]}},{"k":[30,0,0,4,0],"v":{"t":[0,0]}},{"k":[31,0,0,3,0],"v":{"t":[0,0]}},{"k":[19,6,0,9,0],"v":{"t":[0,0]}},{"k":[28,6,0,0,0],"v":{"t":[0,0]}},{"k":[22,6,0,6,0],"v":{"t":[0,0]}},{"k":[20,6,0,8,0],"v":{"t":[0,0]}},{"k":[21,6,0,7,0],"v":{"t":[0,0]}},{"k":[23,6,0,5,0],"v":{"t":[0,0]}},{"k":[24,6,0,4,0],"v":{"t":[0,0]}},{"k":[27,6,0,1,0],"v":{"t":[0,0]}},{"k":[26,6,0,2,0],"v":{"t":[0,0]}},{"k":[25,6,0,3,0],"v":{"t":[0,0]}},{"k":[24,0,0,15,0],"v":{"t":[0,0]}},{"k":[25,0,0,14,0],"v":{"t":[0,0]}},{"k":[26,0,0,13,0],"v":{"t":[0,0]}},{"k":[27,0,0,12,0],"v":{"t":[0,0]}},{"k":[28,0,0,11,0],"v":{"t":[0,0]}},{"k":[29,0,0,10,0],"v":{"t":[0,0]}},{"k":[30,0,0,9,0],"v":{"t":[0,0]}},{"k":[31,0,0,8,0],"v":{"t":[0,0]}},{"k":[19,6,0,14,0],"v":{"t":[0,0]}},{"k":[29,6,0,4,0],"v":{"t":[0,0]}},{"k":[28,6,0,5,0],"v":{"t":[0,0]}},{"k":[23,6,0,10,0],"v":{"t":[0,0]}},{"k":[22,6,0,11,0],"v":{"t":[0,0]}},{"k":[20,6,0,13,0],"v":{"t":[0,0]}},{"k":[21,6,0,12,0],"v":{"t":[0,0]}},{"k":[24,6,0,9,0],"v":{"t":[0,0]}},{"k":[27,6,0,6,0],"v":{"t":[0,0]}},{"k":[26,6,0,7,0],"v":{"t":[0,0]}},{"k":[25,6,0,8,0],"v":{"t":[0,0]}},{"k":[25,0,0,15,0],"v":{"t":[0,0]}},{"k":[26,0,0,14,0],"v":{"t":[0,0]}},{"k":[27,0,0,13,0],"v":{"t":[0,0]}},{"k":[28,0,0,12,0],"v":{"t":[0,0]}},{"k":[29,0,0,11,0],"v":{"t":[0,0]}},{"k":[30,0,0,10,0],"v":{"t":[0,0]}},{"k":[31,0,0,9,0],"v":{"t":[0,0]}},{"k":[19,6,0,15,0],"v":{"t":[0,0]}},{"k":[29,6,0,5,0],"v":{"t":[0,0]}},{"k":[28,6,0,6,0],"v":{"t":[0,0]}},{"k":[23,6,0,11,0],"v":{"t":[0,0]}},{"k":[22,6,0,12,0],"v":{"t":[0,0]}},{"k":[21,6,0,13,0],"v":{"t":[0,0]}},{"k":[20,6,0,14,0],"v":{"t":[0,0]}},{"k":[24,6,0,10,0],"v":{"t":[0,0]}},{"k":[27,6,0,7,0],"v":{"t":[0,0]}},{"k":[26,6,0,8,0],"v":{"t":[0,0]}},{"k":[25,6,0,9,0],"v":{"t":[0,0]}},{"k":[22,0,0,15,0],"v":{"t":[0,0]}},{"k":[23,0,0,14,0],"v":{"t":[0,0]}},{"k":[24,0,0,13,0],"v":{"t":[0,0]}},{"k":[25,0,0,12,0],"v":{"t":[0,0]}},{"k":[26,0,0,11,0],"v":{"t":[0,0]}},{"k":[27,0,0,10,0],"v":{"t":[0,0]}},{"k":[28,0,0,9,0],"v":{"t":[0,0]}},{"k":[29,0,0,8,0],"v":{"t":[0,0]}},{"k":[30,0,0,7,0],"v":{"t":[0,0]}},{"k":[31,0,0,6,0],"v":{"t":[0,0]}},{"k":[19,6,0,12,0],"v":{"t":[0,0]}},{"k":[29,6,0,2,0],"v":{"t":[0,0]}},{"k":[31,6,0,0,0],"v":{"t":[0,0]}},{"k":[28,6,0,3,0],"v":{"t":[0,0]}},{"k":[23,6,0,8,0],"v":{"t":[0,0]}},{"k":[20,6,0,11,0],"v":{"t":[0,0]}},{"k":[21,6,0,10,0],"v":{"t":[0,0]}},{"k":[22,6,0,9,0],"v":{"t":[0,0]}},{"k":[24,6,0,7,0],"v":{"t":[0,0]}},{"k":[27,6,0,4,0],"v":{"t":[0,0]}},{"k":[26,6,0,5,0],"v":{"t":[0,0]}},{"k":[25,6,0,6,0],"v":{"t":[0,0]}},{"k":[23,0,0,15,0],"v":{"t":[0,0]}},{"k":[24,0,0,14,0],"v":{"t":[0,0]}},{"k":[25,0,0,13,0],"v":{"t":[0,0]}},{"k":[26,0,0,12,0],"v":{"t":[0,0]}},{"k":[27,0,0,11,0],"v":{"t":[0,0]}},{"k":[28,0,0,10,0],"v":{"t":[0,0]}},{"k":[29,0,0,9,0],"v":{"t":[0,0]}},{"k":[30,0,0,8,0],"v":{"t":[0,0]}},{"k":[31,0,0,7,0],"v":{"t":[0,0]}},{"k":[19,6,0,13,0],"v":{"t":[0,0]}},{"k":[29,6,0,3,0],"v":{"t":[0,0]}},{"k":[28,6,0,4,0],"v":{"t":[0,0]}},{"k":[23,6,0,9,0],"v":{"t":[0,0]}},{"k":[22,6,0,10,0],"v":{"t":[0,0]}},{"k":[20,6,0,12,0],"v":{"t":[0,0]}},{"k":[21,6,0,11,0],"v":{"t":[0,0]}},{"k":[24,6,0,8,0],"v":{"t":[0,0]}},{"k":[27,6,0,5,0],"v":{"t":[0,0]}},{"k":[26,6,0,6,0],"v":{"t":[0,0]}},{"k":[25,6,0,7,0],"v":{"t":[0,0]}},{"k":[16,0,0,11,0],"v":{"t":[0,0]}},{"k":[17,0,0,10,0],"v":{"t":[0,0]}},{"k":[18,0,0,9,0],"v":{"t":[0,0]}},{"k":[19,0,0,8,0],"v":{"t":[0,0]}},{"k":[20,0,0,7,0],"v":{"t":[0,0]}},{"k":[21,0,0,6,0],"v":{"t":[0,0]}},{"k":[22,0,0,5,0],"v":{"t":[0,0]}},{"k":[23,0,0,4,0],"v":{"t":[0,0]}},{"k":[24,0,0,3,0],"v":{"t":[0,0]}},{"k":[25,0,0,2,0],"v":{"t":[0,0]}},{"k":[26,0,0,1,0],"v":{"t":[0,0]}},{"k":[27,0,0,0,0],"v":{"t":[0,0]}},{"k":[19,6,0,2,0],"v":{"t":[0,0]}},{"k":[21,6,0,0,0],"v":{"t":[0,0]}},{"k":[20,6,0,1,0],"v":{"t":[0,0]}},{"k":[16,0,0,12,0],"v":{"t":[0,0]}},{"k":[17,0,0,11,0],"v":{"t":[0,0]}},{"k":[18,0,0,10,0],"v":{"t":[0,0]}},{"k":[19,0,0,9,0],"v":{"t":[0,0]}},{"k":[20,0,0,8,0],"v":{"t":[0,0]}},{"k":[21,0,0,7,0],"v":{"t":[0,0]}},{"k":[22,0,0,6,0],"v":{"t":[0,0]}},{"k":[23,0,0,5,0],"v":{"t":[0,0]}},{"k":[24,0,0,4,0],"v":{"t":[0,0]}},{"k":[25,0,0,3,0],"v":{"t":[0,0]}},{"k":[26,0,0,2,0],"v":{"t":[0,0]}},{"k":[27,0,0,1,0],"v":{"t":[0,0]}},{"k":[28,0,0,0,0],"v":{"t":[0,0]}},{"k":[19,6,0,3,0],"v":{"t":[0,0]}},{"k":[21,6,0,1,0],"v":{"t":[0,0]}},{"k":[22,6,0,0,0],"v":{"t":[0,0]}},{"k":[20,6,0,2,0],"v":{"t":[0,0]}},{"k":[16,0,0,9,0],"v":{"t":[0,0]}},{"k":[17,0,0,8,0],"v":{"t":[0,0]}},{"k":[18,0,0,7,0],"v":{"t":[0,0]}},{"k":[19,0,0,6,0],"v":{"t":[0,0]}},{"k":[20,0,0,5,0],"v":{"t":[0,0]}},{"k":[21,0,0,4,0],"v":{"t":[0,0]}},{"k":[22,0,0,3,0],"v":{"t":[0,0]}},{"k":[23,0,0,2,0],"v":{"t":[0,0]}},{"k":[24,0,0,1,0],"v":{"t":[0,0]}},{"k":[25,0,0,0,0],"v":{"t":[0,0]}},{"k":[19,6,0,0,0],"v":{"t":[0,0]}},{"k":[16,0,0,10,0],"v":{"t":[0,0]}},{"k":[17,0,0,9,0],"v":{"t":[0,0]}},{"k":[18,0,0,8,0],"v":{"t":[0,0]}},{"k":[19,0,0,7,0],"v":{"t":[0,0]}},{"k":[20,0,0,6,0],"v":{"t":[0,0]}},{"k":[21,0,0,5,0],"v":{"t":[0,0]}},{"k":[22,0,0,4,0],"v":{"t":[0,0]}},{"k":[23,0,0,3,0],"v":{"t":[0,0]}},{"k":[24,0,0,2,0],"v":{"t":[0,0]}},{"k":[25,0,0,1,0],"v":{"t":[0,0]}},{"k":[26,0,0,0,0],"v":{"t":[0,0]}},{"k":[19,6,0,1,0],"v":{"t":[0,0]}},{"k":[20,6,0,0,0],"v":{"t":[0,0]}},{"k":[16,0,0,15,0],"v":{"t":[0,0]}},{"k":[17,0,0,14,0],"v":{"t":[0,0]}},{"k":[18,0,0,13,0],"v":{"t":[0,0]}},{"k":[19,0,0,12,0],"v":{"t":[0,0]}},{"k":[20,0,0,11,0],"v":{"t":[0,0]}},{"k":[21,0,0,10,0],"v":{"t":[0,0]}},{"k":[22,0,0,9,0],"v":{"t":[0,0]}},{"k":[23,0,0,8,0],"v":{"t":[0,0]}},{"k":[24,0,0,7,0],"v":{"t":[0,0]}},{"k":[25,0,0,6,0],"v":{"t":[0,0]}},{"k":[26,0,0,5,0],"v":{"t":[0,0]}},{"k":[27,0,0,4,0],"v":{"t":[0,0]}},{"k":[28,0,0,3,0],"v":{"t":[0,0]}},{"k":[29,0,0,2,0],"v":{"t":[0,0]}},{"k":[30,0,0,1,0],"v":{"t":[0,0]}},{"k":[31,0,0,0,0],"v":{"t":[0,0]}},{"k":[19,6,0,6,0],"v":{"t":[0,0]}},{"k":[25,6,0,0,0],"v":{"t":[0,0]}},{"k":[24,6,0,1,0],"v":{"t":[0,0]}},{"k":[22,6,0,3,0],"v":{"t":[0,0]}},{"k":[20,6,0,5,0],"v":{"t":[0,0]}},{"k":[21,6,0,4,0],"v":{"t":[0,0]}},{"k":[23,6,0,2,0],"v":{"t":[0,0]}},{"k":[17,0,0,15,0],"v":{"t":[0,0]}},{"k":[18,0,0,14,0],"v":{"t":[0,0]}},{"k":[19,0,0,13,0],"v":{"t":[0,0]}},{"k":[20,0,0,12,0],"v":{"t":[0,0]}},{"k":[21,0,0,11,0],"v":{"t":[0,0]}},{"k":[22,0,0,10,0],"v":{"t":[0,0]}},{"k":[23,0,0,9,0],"v":{"t":[0,0]}},{"k":[24,0,0,8,0],"v":{"t":[0,0]}},{"k":[25,0,0,7,0],"v":{"t":[0,0]}},{"k":[26,0,0,6,0],"v":{"t":[0,0]}},{"k":[27,0,0,5,0],"v":{"t":[0,0]}},{"k":[28,0,0,4,0],"v":{"t":[0,0]}},{"k":[29,0,0,3,0],"v":{"t":[0,0]}},{"k":[30,0,0,2,0],"v":{"t":[0,0]}},{"k":[31,0,0,1,0],"v":{"t":[0,0]}},{"k":[19,6,0,7,0],"v":{"t":[0,0]}},{"k":[26,6,0,0,0],"v":{"t":[0,0]}},{"k":[22,6,0,4,0],"v":{"t":[0,0]}},{"k":[20,6,0,6,0],"v":{"t":[0,0]}},{"k":[21,6,0,5,0],"v":{"t":[0,0]}},{"k":[23,6,0,3,0],"v":{"t":[0,0]}},{"k":[24,6,0,2,0],"v":{"t":[0,0]}},{"k":[25,6,0,1,0],"v":{"t":[0,0]}},{"k":[16,0,0,13,0],"v":{"t":[0,0]}},{"k":[17,0,0,12,0],"v":{"t":[0,0]}},{"k":[18,0,0,11,0],"v":{"t":[0,0]}},{"k":[19,0,0,10,0],"v":{"t":[0,0]}},{"k":[20,0,0,9,0],"v":{"t":[0,0]}},{"k":[21,0,0,8,0],"v":{"t":[0,0]}},{"k":[22,0,0,7,0],"v":{"t":[0,0]}},{"k":[23,0,0,6,0],"v":{"t":[0,0]}},{"k":[24,0,0,5,0],"v":{"t":[0,0]}},{"k":[25,0,0,4,0],"v":{"t":[0,0]}},{"k":[26,0,0,3,0],"v":{"t":[0,0]}},{"k":[27,0,0,2,0],"v":{"t":[0,0]}},{"k":[28,0,0,1,0],"v":{"t":[0,0]}},{"k":[29,0,0,0,0],"v":{"t":[0,0]}},{"k":[19,6,0,4,0],"v":{"t":[0,0]}},{"k":[23,6,0,0,0],"v":{"t":[0,0]}},{"k":[22,6,0,1,0],"v":{"t":[0,0]}},{"k":[20,6,0,3,0],"v":{"t":[0,0]}},{"k":[21,6,0,2,0],"v":{"t":[0,0]}},{"k":[16,0,0,14,0],"v":{"t":[0,0]}},{"k":[17,0,0,13,0],"v":{"t":[0,0]}},{"k":[18,0,0,12,0],"v":{"t":[0,0]}},{"k":[19,0,0,11,0],"v":{"t":[0,0]}},{"k":[20,0,0,10,0],"v":{"t":[0,0]}},{"k":[21,0,0,9,0],"v":{"t":[0,0]}},{"k":[22,0,0,8,0],"v":{"t":[0,0]}},{"k":[23,0,0,7,0],"v":{"t":[0,0]}},{"k":[24,0,0,6,0],"v":{"t":[0,0]}},{"k":[25,0,0,5,0],"v":{"t":[0,0]}},{"k":[26,0,0,4,0],"v":{"t":[0,0]}},{"k":[27,0,0,3,0],"v":{"t":[0,0]}},{"k":[28,0,0,2,0],"v":{"t":[0,0]}},{"k":[29,0,0,1,0],"v":{"t":[0,0]}},{"k":[30,0,0,0,0],"v":{"t":[0,0]}},{"k":[19,6,0,5,0],"v":{"t":[0,0]}},{"k":[23,6,0,1,0],"v":{"t":[0,0]}},{"k":[24,6,0,0,0],"v":{"t":[0,0]}},{"k":[20,6,0,4,0],"v":{"t":[0,0]}},{"k":[21,6,0,3,0],"v":{"t":[0,0]}},{"k":[22,6,0,2,0],"v":{"t":[0,0]}},{"k":[16,0,0,3,0],"v":{"t":[0,0]}},{"k":[17,0,0,2,0],"v":{"t":[0,0]}},{"k":[18,0,0,1,0],"v":{"t":[0,0]}},{"k":[19,0,0,0,0],"v":{"t":[0,0]}},{"k":[16,0,0,4,0],"v":{"t":[0,0]}},{"k":[17,0,0,3,0],"v":{"t":[0,0]}},{"k":[18,0,0,2,0],"v":{"t":[0,0]}},{"k":[19,0,0,1,0],"v":{"t":[0,0]}},{"k":[20,0,0,0,0],"v":{"t":[0,0]}},{"k":[16,0,0,1,0],"v":{"t":[0,0]}},{"k":[17,0,0,0,0],"v":{"t":[0,0]}},{"k":[16,0,0,2,0],"v":{"t":[0,0]}},{"k":[17,0,0,1,0],"v":{"t":[0,0]}},{"k":[18,0,0,0,0],"v":{"t":[0,0]}},{"k":[16,0,0,7,0],"v":{"t":[0,0]}},{"k":[17,0,0,6,0],"v":{"t":[0,0]}},{"k":[18,0,0,5,0],"v":{"t":[0,0]}},{"k":[19,0,0,4,0],"v":{"t":[0,0]}},{"k":[20,0,0,3,0],"v":{"t":[0,0]}},{"k":[21,0,0,2,0],"v":{"t":[0,0]}},{"k":[22,0,0,1,0],"v":{"t":[0,0]}},{"k":[23,0,0,0,0],"v":{"t":[0,0]}},{"k":[17,6,0,0,0],"v":{"t":[0,0]}},{"k":[16,0,0,8,0],"v":{"t":[0,0]}},{"k":[17,0,0,7,0],"v":{"t":[0,0]}},{"k":[18,0,0,6,0],"v":{"t":[0,0]}},{"k":[19,0,0,5,0],"v":{"t":[0,0]}},{"k":[20,0,0,4,0],"v":{"t":[0,0]}},{"k":[21,0,0,3,0],"v":{"t":[0,0]}},{"k":[22,0,0,2,0],"v":{"t":[0,0]}},{"k":[23,0,0,1,0],"v":{"t":[0,0]}},{"k":[24,0,0,0,0],"v":{"t":[0,0]}},{"k":[18,6,0,0,0],"v":{"t":[0,0]}},{"k":[16,0,0,5,0],"v":{"t":[0,0]}},{"k":[17,0,0,4,0],"v":{"t":[0,0]}},{"k":[18,0,0,3,0],"v":{"t":[0,0]}},{"k":[19,0,0,2,0],"v":{"t":[0,0]}},{"k":[20,0,0,1,0],"v":{"t":[0,0]}},{"k":[21,0,0,0,0],"v":{"t":[0,0]}},{"k":[16,0,0,6,0],"v":{"t":[0,0]}},{"k":[17,0,0,5,0],"v":{"t":[0,0]}},{"k":[18,0,0,4,0],"v":{"t":[0,0]}},{"k":[19,0,0,3,0],"v":{"t":[0,0]}},{"k":[20,0,0,2,0],"v":{"t":[0,0]}},{"k":[21,0,0,1,0],"v":{"t":[0,0]}},{"k":[22,0,0,0,0],"v":{"t":[0,0]}},{"k":[16,6,0,0,0],"v":{"t":[0,0]}},{"k":[16,0,0,0,0],"v":{"t":[0,0]}}]},"moun":{"a":[{"k":[29,0,0,14,0],"v":{"b":true,"hs":6,"l":true,"sid":5,"t":true,"wp":31.25}},{"k":[28,0,0,15,0],"v":{"b":true,"hs":6,"l":true,"r":true,"sid":5,"t":true,"wp":31.25}},{"k":[29,0,0,15,0],"v":{"b":true,"hs":6,"l":true,"sid":5,"t":true,"wp":31.25}},{"k":[29,0,0,12,0],"v":{"b":true,"hs":6,"l":true,"sid":5,"t":true,"wp":31.25}},{"k":[28,0,0,13,0],"v":{"b":true,"hs":6,"l":true,"r":true,"sid":5,"t":true,"wp":31.25}},{"k":[27,0,0,14,0],"v":{"b":true,"hs":6,"l":true,"r":true,"sid":5,"t":true,"wp":31.25}},{"k":[26,0,0,15,0],"v":{"b":true,"hs":6,"l":true,"r":true,"sid":5,"t":true,"wp":31.25}},{"k":[29,0,0,13,0],"v":{"b":true,"hs":6,"l":true,"sid":5,"t":true,"wp":31.25}},{"k":[28,0,0,14,0],"v":{"b":true,"hs":6,"l":true,"r":true,"sid":5,"t":true,"wp":31.25}},{"k":[27,0,0,15,0],"v":{"b":true,"hs":6,"l":true,"r":true,"sid":5,"t":true,"wp":31.25}},{"k":[29,0,0,6,0],"v":{"b":true,"hs":6,"l":true,"sid":5,"t":true,"wp":31.25}},{"k":[28,0,0,7,0],"v":{"b":true,"hs":6,"l":true,"r":true,"sid":5,"t":true,"wp":31.25}},{"k":[23,0,0,12,0],"v":{"b":true,"hs":6,"l":true,"r":true,"sid":5,"t":true,"wp":31.25}},{"k":[22,0,0,13,0],"v":{"b":true,"hs":6,"l":true,"r":true,"sid":5,"t":true,"wp":31.25}},{"k":[21,0,0,14,0],"v":{"b":true,"hs":6,"l":true,"r":true,"sid":5,"t":true,"wp":31.25}},{"k":[20,0,0,15,0],"v":{"b":true,"hs":6,"l":true,"r":true,"sid":5,"t":true,"wp":31.25}},{"k":[24,0,0,11,0],"v":{"b":true,"hs":6,"l":true,"r":true,"sid":5,"t":true,"wp":31.25}},{"k":[27,0,0,8,0],"v":{"b":true,"hs":6,"l":true,"r":true,"sid":5,"t":true,"wp":31.25}},{"k":[26,0,0,9,0],"v":{"b":true,"hs":6,"l":true,"r":true,"sid":5,"t":true,"wp":31.25}},{"k":[25,0,0,10,0],"v":{"b":true,"hs":6,"l":true,"r":true,"sid":5,"t":true,"wp":31.25}},{"k":[29,0,0,7,0],"v":{"b":true,"hs":6,"l":true,"sid":5,"t":true,"wp":31.25}},{"k":[28,0,0,8,0],"v":{"b":true,"hs":6,"l":true,"r":true,"sid":5,"t":true,"wp":31.25}},{"k":[23,0,0,13,0],"v":{"b":true,"hs":6,"l":true,"r":true,"sid":5,"t":true,"wp":31.25}},{"k":[22,0,0,14,0],"v":{"b":true,"hs":6,"l":true,"r":true,"sid":5,"t":true,"wp":31.25}},{"k":[21,0,0,15,0],"v":{"b":true,"hs":6,"l":true,"r":true,"sid":5,"t":true,"wp":31.25}},{"k":[27,0,0,9,0],"v":{"b":true,"hs":6,"l":true,"r":true,"sid":5,"t":true,"wp":31.25}},{"k":[26,0,0,10,0],"v":{"b":true,"hs":6,"l":true,"r":true,"sid":5,"t":true,"wp":31.25}},{"k":[25,0,0,11,0],"v":{"b":true,"hs":6,"l":true,"r":true,"sid":5,"t":true,"wp":31.25}},{"k":[24,0,0,12,0],"v":{"b":true,"hs":6,"l":true,"r":true,"sid":5,"t":true,"wp":31.25}},{"k":[19,0,0,14,0],"v":{"b":true,"hs":6,"r":true,"sid":5,"t":true,"wp":31.25}},{"k":[29,0,0,4,0],"v":{"b":true,"hs":6,"l":true,"sid":5,"t":true,"wp":31.25}},{"k":[28,0,0,5,0],"v":{"b":true,"hs":6,"l":true,"r":true,"sid":5,"t":true,"wp":31.25}},{"k":[23,0,0,10,0],"v":{"b":true,"hs":6,"l":true,"r":true,"sid":5,"t":true,"wp":31.25}},{"k":[22,0,0,11,0],"v":{"b":true,"hs":6,"l":true,"r":true,"sid":5,"t":true,"wp":31.25}},{"k":[20,0,0,13,0],"v":{"b":true,"hs":6,"l":true,"r":true,"sid":5,"t":true,"wp":31.25}},{"k":[21,0,0,12,0],"v":{"b":true,"hs":6,"l":true,"r":true,"sid":5,"t":true,"wp":31.25}},{"k":[24,0,0,9,0],"v":{"b":true,"hs":6,"l":true,"r":true,"sid":5,"t":true,"wp":31.25}},{"k":[27,0,0,6,0],"v":{"b":true,"hs":6,"l":true,"r":true,"sid":5,"t":true,"wp":31.25}},{"k":[26,0,0,7,0],"v":{"b":true,"hs":6,"l":true,"r":true,"sid":5,"t":true,"wp":31.25}},{"k":[25,0,0,8,0],"v":{"b":true,"hs":6,"l":true,"r":true,"sid":5,"t":true,"wp":31.25}},{"k":[19,0,0,15,0],"v":{"b":true,"hs":6,"r":true,"sid":5,"t":true,"wp":31.25}},{"k":[29,0,0,5,0],"v":{"b":true,"hs":6,"l":true,"sid":5,"t":true,"wp":31.25}},{"k":[28,0,0,6,0],"v":{"b":true,"hs":6,"l":true,"r":true,"sid":5,"t":true,"wp":31.25}},{"k":[23,0,0,11,0],"v":{"b":true,"hs":6,"l":true,"r":true,"sid":5,"t":true,"wp":31.25}},{"k":[22,0,0,12,0],"v":{"b":true,"hs":6,"l":true,"r":true,"sid":5,"t":true,"wp":31.25}},{"k":[21,0,0,13,0],"v":{"b":true,"hs":6,"l":true,"r":true,"sid":5,"t":true,"wp":31.25}},{"k":[20,0,0,14,0],"v":{"b":true,"hs":6,"l":true,"r":true,"sid":5,"t":true,"wp":31.25}},{"k":[24,0,0,10,0],"v":{"b":true,"hs":6,"l":true,"r":true,"sid":5,"t":true,"wp":31.25}},{"k":[27,0,0,7,0],"v":{"b":true,"hs":6,"l":true,"r":true,"sid":5,"t":true,"wp":31.25}},{"k":[26,0,0,8,0],"v":{"b":true,"hs":6,"l":true,"r":true,"sid":5,"t":true,"wp":31.25}},{"k":[25,0,0,9,0],"v":{"b":true,"hs":6,"l":true,"r":true,"sid":5,"t":true,"wp":31.25}},{"k":[29,0,0,10,0],"v":{"b":true,"hs":6,"l":true,"sid":5,"t":true,"wp":31.25}},{"k":[28,0,0,11,0],"v":{"b":true,"hs":6,"l":true,"r":true,"sid":5,"t":true,"wp":31.25}},{"k":[25,0,0,14,0],"v":{"b":true,"hs":6,"l":true,"r":true,"sid":5,"t":true,"wp":31.25}},{"k":[27,0,0,12,0],"v":{"b":true,"hs":6,"l":true,"r":true,"sid":5,"t":true,"wp":31.25}},{"k":[26,0,0,13,0],"v":{"b":true,"hs":6,"l":true,"r":true,"sid":5,"t":true,"wp":31.25}},{"k":[24,0,0,15,0],"v":{"b":true,"hs":6,"l":true,"r":true,"sid":5,"t":true,"wp":31.25}},{"k":[29,0,0,11,0],"v":{"b":true,"hs":6,"l":true,"sid":5,"t":true,"wp":31.25}},{"k":[28,0,0,12,0],"v":{"b":true,"hs":6,"l":true,"r":true,"sid":5,"t":true,"wp":31.25}},{"k":[25,0,0,15,0],"v":{"b":true,"hs":6,"l":true,"r":true,"sid":5,"t":true,"wp":31.25}},{"k":[27,0,0,13,0],"v":{"b":true,"hs":6,"l":true,"r":true,"sid":5,"t":true,"wp":31.25}},{"k":[26,0,0,14,0],"v":{"b":true,"hs":6,"l":true,"r":true,"sid":5,"t":true,"wp":31.25}},{"k":[29,0,0,8,0],"v":{"b":true,"hs":6,"l":true,"sid":5,"t":true,"wp":31.25}},{"k":[28,0,0,9,0],"v":{"b":true,"hs":6,"l":true,"r":true,"sid":5,"t":true,"wp":31.25}},{"k":[23,0,0,14,0],"v":{"b":true,"hs":6,"l":true,"r":true,"sid":5,"t":true,"wp":31.25}},{"k":[22,0,0,15,0],"v":{"b":true,"hs":6,"l":true,"r":true,"sid":5,"t":true,"wp":31.25}},{"k":[25,0,0,12,0],"v":{"b":true,"hs":6,"l":true,"r":true,"sid":5,"t":true,"wp":31.25}},{"k":[27,0,0,10,0],"v":{"b":true,"hs":6,"l":true,"r":true,"sid":5,"t":true,"wp":31.25}},{"k":[26,0,0,11,0],"v":{"b":true,"hs":6,"l":true,"r":true,"sid":5,"t":true,"wp":31.25}},{"k":[24,0,0,13,0],"v":{"b":true,"hs":6,"l":true,"r":true,"sid":5,"t":true,"wp":31.25}},{"k":[29,0,0,9,0],"v":{"b":true,"hs":6,"l":true,"sid":5,"t":true,"wp":31.25}},{"k":[28,0,0,10,0],"v":{"b":true,"hs":6,"l":true,"r":true,"sid":5,"t":true,"wp":31.25}},{"k":[23,0,0,15,0],"v":{"b":true,"hs":6,"l":true,"r":true,"sid":5,"t":true,"wp":31.25}},{"k":[25,0,0,13,0],"v":{"b":true,"hs":6,"l":true,"r":true,"sid":5,"t":true,"wp":31.25}},{"k":[27,0,0,11,0],"v":{"b":true,"hs":6,"l":true,"r":true,"sid":5,"t":true,"wp":31.25}},{"k":[26,0,0,12,0],"v":{"b":true,"hs":6,"l":true,"r":true,"sid":5,"t":true,"wp":31.25}},{"k":[24,0,0,14,0],"v":{"b":true,"hs":6,"l":true,"r":true,"sid":5,"t":true,"wp":31.25}},{"k":[19,0,0,8,0],"v":{"b":true,"hs":6,"r":true,"sid":5,"t":true,"wp":31.25}},{"k":[27,0,0,0,0],"v":{"b":true,"hs":6,"l":true,"r":true,"sid":5,"wp":31.25}},{"k":[26,0,0,1,0],"v":{"b":true,"hs":6,"l":true,"r":true,"sid":5,"t":true,"wp":31.25}},{"k":[22,0,0,5,0],"v":{"b":true,"hs":6,"l":true,"r":true,"sid":5,"t":true,"wp":31.25}},{"k":[20,0,0,7,0],"v":{"b":true,"hs":6,"l":true,"r":true,"sid":5,"t":true,"wp":31.25}},{"k":[21,0,0,6,0],"v":{"b":true,"hs":6,"l":true,"r":true,"sid":5,"t":true,"wp":31.25}},{"k":[23,0,0,4,0],"v":{"b":true,"hs":6,"l":true,"r":true,"sid":5,"t":true,"wp":31.25}},{"k":[24,0,0,3,0],"v":{"b":true,"hs":6,"l":true,"r":true,"sid":5,"t":true,"wp":31.25}},{"k":[25,0,0,2,0],"v":{"b":true,"hs":6,"l":true,"r":true,"sid":5,"t":true,"wp":31.25}},{"k":[19,0,0,9,0],"v":{"b":true,"hs":6,"r":true,"sid":5,"t":true,"wp":31.25}},{"k":[28,0,0,0,0],"v":{"b":true,"hs":6,"l":true,"r":true,"sid":5,"wp":31.25}},{"k":[22,0,0,6,0],"v":{"b":true,"hs":6,"l":true,"r":true,"sid":5,"t":true,"wp":31.25}},{"k":[20,0,0,8,0],"v":{"b":true,"hs":6,"l":true,"r":true,"sid":5,"t":true,"wp":31.25}},{"k":[21,0,0,7,0],"v":{"b":true,"hs":6,"l":true,"r":true,"sid":5,"t":true,"wp":31.25}},{"k":[23,0,0,5,0],"v":{"b":true,"hs":6,"l":true,"r":true,"sid":5,"t":true,"wp":31.25}},{"k":[24,0,0,4,0],"v":{"b":true,"hs":6,"l":true,"r":true,"sid":5,"t":true,"wp":31.25}},{"k":[27,0,0,1,0],"v":{"b":true,"hs":6,"l":true,"r":true,"sid":5,"t":true,"wp":31.25}},{"k":[26,0,0,2,0],"v":{"b":true,"hs":6,"l":true,"r":true,"sid":5,"t":true,"wp":31.25}},{"k":[25,0,0,3,0],"v":{"b":true,"hs":6,"l":true,"r":true,"sid":5,"t":true,"wp":31.25}},{"k":[19,0,0,6,0],"v":{"b":true,"hs":6,"r":true,"sid":5,"t":true,"wp":31.25}},{"k":[25,0,0,0,0],"v":{"b":true,"hs":6,"l":true,"r":true,"sid":5,"wp":31.25}},{"k":[24,0,0,1,0],"v":{"b":true,"hs":6,"l":true,"r":true,"sid":5,"t":true,"wp":31.25}},{"k":[22,0,0,3,0],"v":{"b":true,"hs":6,"l":true,"r":true,"sid":5,"t":true,"wp":31.25}},{"k":[20,0,0,5,0],"v":{"b":true,"hs":6,"l":true,"r":true,"sid":5,"t":true,"wp":31.25}},{"k":[21,0,0,4,0],"v":{"b":true,"hs":6,"l":true,"r":true,"sid":5,"t":true,"wp":31.25}},{"k":[23,0,0,2,0],"v":{"b":true,"hs":6,"l":true,"r":true,"sid":5,"t":true,"wp":31.25}},{"k":[19,0,0,7,0],"v":{"b":true,"hs":6,"r":true,"sid":5,"t":true,"wp":31.25}},{"k":[26,0,0,0,0],"v":{"b":true,"hs":6,"l":true,"r":true,"sid":5,"wp":31.25}},{"k":[22,0,0,4,0],"v":{"b":true,"hs":6,"l":true,"r":true,"sid":5,"t":true,"wp":31.25}},{"k":[20,0,0,6,0],"v":{"b":true,"hs":6,"l":true,"r":true,"sid":5,"t":true,"wp":31.25}},{"k":[21,0,0,5,0],"v":{"b":true,"hs":6,"l":true,"r":true,"sid":5,"t":true,"wp":31.25}},{"k":[23,0,0,3,0],"v":{"b":true,"hs":6,"l":true,"r":true,"sid":5,"t":true,"wp":31.25}},{"k":[24,0,0,2,0],"v":{"b":true,"hs":6,"l":true,"r":true,"sid":5,"t":true,"wp":31.25}},{"k":[25,0,0,1,0],"v":{"b":true,"hs":6,"l":true,"r":true,"sid":5,"t":true,"wp":31.25}},{"k":[19,0,0,12,0],"v":{"b":true,"hs":6,"r":true,"sid":5,"t":true,"wp":31.25}},{"k":[29,0,0,2,0],"v":{"b":true,"hs":6,"l":true,"sid":5,"t":true,"wp":31.25}},{"k":[31,0,0,0,0],"v":{"hs":6,"l":true,"r":true,"sid":5,"wp":31.25}},{"k":[28,0,0,3,0],"v":{"b":true,"hs":6,"l":true,"r":true,"sid":5,"t":true,"wp":31.25}},{"k":[23,0,0,8,0],"v":{"b":true,"hs":6,"l":true,"r":true,"sid":5,"t":true,"wp":31.25}},{"k":[20,0,0,11,0],"v":{"b":true,"hs":6,"l":true,"r":true,"sid":5,"t":true,"wp":31.25}},{"k":[21,0,0,10,0],"v":{"b":true,"hs":6,"l":true,"r":true,"sid":5,"t":true,"wp":31.25}},{"k":[22,0,0,9,0],"v":{"b":true,"hs":6,"l":true,"r":true,"sid":5,"t":true,"wp":31.25}},{"k":[24,0,0,7,0],"v":{"b":true,"hs":6,"l":true,"r":true,"sid":5,"t":true,"wp":31.25}},{"k":[27,0,0,4,0],"v":{"b":true,"hs":6,"l":true,"r":true,"sid":5,"t":true,"wp":31.25}},{"k":[26,0,0,5,0],"v":{"b":true,"hs":6,"l":true,"r":true,"sid":5,"t":true,"wp":31.25}},{"k":[25,0,0,6,0],"v":{"b":true,"hs":6,"l":true,"r":true,"sid":5,"t":true,"wp":31.25}},{"k":[19,0,0,13,0],"v":{"b":true,"hs":6,"r":true,"sid":5,"t":true,"wp":31.25}},{"k":[29,0,0,3,0],"v":{"b":true,"hs":6,"l":true,"sid":5,"t":true,"wp":31.25}},{"k":[28,0,0,4,0],"v":{"b":true,"hs":6,"l":true,"r":true,"sid":5,"t":true,"wp":31.25}},{"k":[23,0,0,9,0],"v":{"b":true,"hs":6,"l":true,"r":true,"sid":5,"t":true,"wp":31.25}},{"k":[22,0,0,10,0],"v":{"b":true,"hs":6,"l":true,"r":true,"sid":5,"t":true,"wp":31.25}},{"k":[20,0,0,12,0],"v":{"b":true,"hs":6,"l":true,"r":true,"sid":5,"t":true,"wp":31.25}},{"k":[21,0,0,11,0],"v":{"b":true,"hs":6,"l":true,"r":true,"sid":5,"t":true,"wp":31.25}},{"k":[24,0,0,8,0],"v":{"b":true,"hs":6,"l":true,"r":true,"sid":5,"t":true,"wp":31.25}},{"k":[27,0,0,5,0],"v":{"b":true,"hs":6,"l":true,"r":true,"sid":5,"t":true,"wp":31.25}},{"k":[26,0,0,6,0],"v":{"b":true,"hs":6,"l":true,"r":true,"sid":5,"t":true,"wp":31.25}},{"k":[25,0,0,7,0],"v":{"b":true,"hs":6,"l":true,"r":true,"sid":5,"t":true,"wp":31.25}},{"k":[19,0,0,10,0],"v":{"b":true,"hs":6,"r":true,"sid":5,"t":true,"wp":31.25}},{"k":[29,0,0,0,0],"v":{"b":true,"hs":6,"l":true,"r":true,"sid":5,"wp":31.25}},{"k":[28,0,0,1,0],"v":{"b":true,"hs":6,"l":true,"r":true,"sid":5,"t":true,"wp":31.25}},{"k":[22,0,0,7,0],"v":{"b":true,"hs":6,"l":true,"r":true,"sid":5,"t":true,"wp":31.25}},{"k":[20,0,0,9,0],"v":{"b":true,"hs":6,"l":true,"r":true,"sid":5,"t":true,"wp":31.25}},{"k":[21,0,0,8,0],"v":{"b":true,"hs":6,"l":true,"r":true,"sid":5,"t":true,"wp":31.25}},{"k":[23,0,0,6,0],"v":{"b":true,"hs":6,"l":true,"r":true,"sid":5,"t":true,"wp":31.25}},{"k":[24,0,0,5,0],"v":{"b":true,"hs":6,"l":true,"r":true,"sid":5,"t":true,"wp":31.25}},{"k":[27,0,0,2,0],"v":{"b":true,"hs":6,"l":true,"r":true,"sid":5,"t":true,"wp":31.25}},{"k":[26,0,0,3,0],"v":{"b":true,"hs":6,"l":true,"r":true,"sid":5,"t":true,"wp":31.25}},{"k":[25,0,0,4,0],"v":{"b":true,"hs":6,"l":true,"r":true,"sid":5,"t":true,"wp":31.25}},{"k":[19,0,0,11,0],"v":{"b":true,"hs":6,"r":true,"sid":5,"t":true,"wp":31.25}},{"k":[29,0,0,1,0],"v":{"b":true,"hs":6,"l":true,"sid":5,"t":true,"wp":31.25}},{"k":[30,0,0,0,0],"v":{"hs":6,"l":true,"r":true,"sid":5,"wp":31.25}},{"k":[28,0,0,2,0],"v":{"b":true,"hs":6,"l":true,"r":true,"sid":5,"t":true,"wp":31.25}},{"k":[22,0,0,8,0],"v":{"b":true,"hs":6,"l":true,"r":true,"sid":5,"t":true,"wp":31.25}},{"k":[20,0,0,10,0],"v":{"b":true,"hs":6,"l":true,"r":true,"sid":5,"t":true,"wp":31.25}},{"k":[21,0,0,9,0],"v":{"b":true,"hs":6,"l":true,"r":true,"sid":5,"t":true,"wp":31.25}},{"k":[23,0,0,7,0],"v":{"b":true,"hs":6,"l":true,"r":true,"sid":5,"t":true,"wp":31.25}},{"k":[24,0,0,6,0],"v":{"b":true,"hs":6,"l":true,"r":true,"sid":5,"t":true,"wp":31.25}},{"k":[27,0,0,3,0],"v":{"b":true,"hs":6,"l":true,"r":true,"sid":5,"t":true,"wp":31.25}},{"k":[26,0,0,4,0],"v":{"b":true,"hs":6,"l":true,"r":true,"sid":5,"t":true,"wp":31.25}},{"k":[25,0,0,5,0],"v":{"b":true,"hs":6,"l":true,"r":true,"sid":5,"t":true,"wp":31.25}},{"k":[19,0,0,0,0],"v":{"b":true,"hs":6,"l":true,"r":true,"sid":5,"wp":31.25}},{"k":[19,0,0,1,0],"v":{"b":true,"hs":6,"r":true,"sid":5,"t":true,"wp":31.25}},{"k":[20,0,0,0,0],"v":{"b":true,"hs":6,"l":true,"r":true,"sid":5,"wp":31.25}},{"k":[17,0,0,0,0],"v":{"hs":6,"l":true,"r":true,"sid":5,"wp":31.25}},{"k":[18,0,0,0,0],"v":{"hs":6,"l":true,"r":true,"sid":5,"wp":31.25}},{"k":[19,0,0,4,0],"v":{"b":true,"hs":6,"r":true,"sid":5,"t":true,"wp":31.25}},{"k":[23,0,0,0,0],"v":{"b":true,"hs":6,"l":true,"r":true,"sid":5,"wp":31.25}},{"k":[22,0,0,1,0],"v":{"b":true,"hs":6,"l":true,"r":true,"sid":5,"t":true,"wp":31.25}},{"k":[20,0,0,3,0],"v":{"b":true,"hs":6,"l":true,"r":true,"sid":5,"t":true,"wp":31.25}},{"k":[21,0,0,2,0],"v":{"b":true,"hs":6,"l":true,"r":true,"sid":5,"t":true,"wp":31.25}},{"k":[19,0,0,5,0],"v":{"b":true,"hs":6,"r":true,"sid":5,"t":true,"wp":31.25}},{"k":[23,0,0,1,0],"v":{"b":true,"hs":6,"l":true,"r":true,"sid":5,"t":true,"wp":31.25}},{"k":[24,0,0,0,0],"v":{"b":true,"hs":6,"l":true,"r":true,"sid":5,"wp":31.25}},{"k":[20,0,0,4,0],"v":{"b":true,"hs":6,"l":true,"r":true,"sid":5,"t":true,"wp":31.25}},{"k":[21,0,0,3,0],"v":{"b":true,"hs":6,"l":true,"r":true,"sid":5,"t":true,"wp":31.25}},{"k":[22,0,0,2,0],"v":{"b":true,"hs":6,"l":true,"r":true,"sid":5,"t":true,"wp":31.25}},{"k":[19,0,0,2,0],"v":{"b":true,"hs":6,"r":true,"sid":5,"t":true,"wp":31.25}},{"k":[21,0,0,0,0],"v":{"b":true,"hs":6,"l":true,"r":true,"sid":5,"wp":31.25}},{"k":[20,0,0,1,0],"v":{"b":true,"hs":6,"l":true,"r":true,"sid":5,"t":true,"wp":31.25}},{"k":[19,0,0,3,0],"v":{"b":true,"hs":6,"r":true,"sid":5,"t":true,"wp":31.25}},{"k":[21,0,0,1,0],"v":{"b":true,"hs":6,"l":true,"r":true,"sid":5,"t":true,"wp":31.25}},{"k":[22,0,0,0,0],"v":{"b":true,"hs":6,"l":true,"r":true,"sid":5,"wp":31.25}},{"k":[20,0,0,2,0],"v":{"b":true,"hs":6,"l":true,"r":true,"sid":5,"t":true,"wp":31.25}},{"k":[16,0,0,0,0],"v":{"hs":6,"l":true,"r":true,"sid":5,"wp":31.25}}],"o":[[23,0,0,16,0],[24,0,0,16,0],[21,0,0,16,0],[22,0,0,16,0],[27,0,0,16,0],[28,0,0,16,0],[15,0,0,0,0],[25,0,0,16,0],[26,0,0,16,0],[32,0,0,0,0],[29,0,0,16,0],[19,0,0,16,0],[20,0,0,16,0]]},"objs":{"list":[]},"objs3d":{"a":[],"o":[]},"sprites":{"list":[{"k":[31,0,0,10,0],"v":{"k":4,"t":[2,5,1,2]}},{"k":[30,2,0,1,0],"v":{"k":4,"t":[7,3,1,1]}},{"k":[31,0,0,3,0],"v":{"k":4,"t":[2,5,1,2]}}],"overflow":[],"walls":[]}}