{"lands":{"autotiles":[{"k":[31,5,0,31,0],"v":{"id":1,"t":[4,0],"tid":318}},{"k":[30,5,0,30,0],"v":{"id":1,"t":[4,0],"tid":584}},{"k":[29,5,0,31,0],"v":{"id":1,"t":[4,0],"tid":211}},{"k":[31,5,0,29,0],"v":{"id":1,"t":[4,0],"tid":318}},{"k":[30,5,0,31,0],"v":{"id":1,"t":[4,0],"tid":52}},{"k":[31,5,0,30,0],"v":{"id":1,"t":[4,0],"tid":318}},{"k":[30,5,0,24,0],"v":{"id":1,"t":[4,0],"tid":584}},{"k":[31,5,0,23,0],"v":{"id":1,"t":[4,0],"tid":318}},{"k":[30,5,0,25,0],"v":{"id":1,"t":[4,0],"tid":584}},{"k":[31,5,0,24,0],"v":{"id":1,"t":[4,0],"tid":318}},{"k":[30,5,0,22,0],"v":{"id":1,"t":[4,0],"tid":318}},{"k":[29,5,0,23,0],"v":{"id":1,"t":[4,0],"tid":570}},{"k":[31,5,0,21,0],"v":{"id":1,"t":[4,0],"tid":318}},{"k":[30,5,0,23,0],"v":{"id":1,"t":[4,0],"tid":308}},{"k":[31,5,0,22,0],"v":{"id":1,"t":[4,0],"tid":318}},{"k":[30,5,0,28,0],"v":{"id":1,"t":[4,0],"tid":308}},{"k":[28,5,0,30,0],"v":{"id":1,"t":[4,0],"tid":618}},{"k":[31,5,0,27,0],"v":{"id":1,"t":[4,0],"tid":318}},{"k":[30,5,0,29,0],"v":{"id":1,"t":[4,0],"tid":584}},{"k":[31,5,0,28,0],"v":{"id":1,"t":[4,0],"tid":318}},{"k":[30,5,0,26,0],"v":{"id":1,"t":[4,0],"tid":584}},{"k":[29,5,0,27,0],"v":{"id":1,"t":[4,0],"tid":225}},{"k":[31,5,0,25,0],"v":{"id":1,"t":[4,0],"tid":318}},{"k":[30,5,0,27,0],"v":{"id":1,"t":[4,0],"tid":62}},{"k":[29,5,0,28,0],"v":{"id":1,"t":[4,0],"tid":570}},{"k":[28,5,0,29,0],"v":{"id":1,"t":[4,0],"tid":177}},{"k":[31,5,0,26,0],"v":{"id":1,"t":[4,0],"tid":318}},{"k":[30,5,0,16,0],"v":{"id":1,"t":[4,0],"tid":584}},{"k":[30,5,0,17,0],"v":{"id":1,"t":[4,0],"tid":584}},{"k":[31,5,0,16,0],"v":{"id":1,"t":[4,0],"tid":318}},{"k":[29,5,0,21,0],"v":{"id":1,"t":[4,0],"tid":584}},{"k":[28,5,0,22,0],"v":{"id":1,"t":[4,0],"tid":477}},{"k":[30,5,0,20,0],"v":{"id":1,"t":[4,0],"tid":62}},{"k":[31,5,0,19,0],"v":{"id":1,"t":[4,0],"tid":318}},{"k":[30,5,0,21,0],"v":{"id":1,"t":[4,0],"tid":318}},{"k":[29,5,0,22,0],"v":{"id":1,"t":[4,0],"tid":52}},{"k":[31,5,0,20,0],"v":{"id":1,"t":[4,0],"tid":318}},{"k":[30,5,0,18,0],"v":{"id":1,"t":[4,0],"tid":584}},{"k":[31,5,0,17,0],"v":{"id":1,"t":[4,0],"tid":318}},{"k":[30,5,0,19,0],"v":{"id":1,"t":[4,0],"tid":584}},{"k":[29,5,0,20,0],"v":{"id":1,"t":[4,0],"tid":225}},{"k":[27,5,0,22,0],"v":{"id":1,"t":[4,0],"tid":211}},{"k":[31,5,0,18,0],"v":{"id":1,"t":[4,0],"tid":318}}],"floors":[{"k":[29,6,0,30,0],"v":{"t":[0,0]}},{"k":[28,6,0,31,0],"v":{"t":[0,0]}},{"k":[29,6,0,31,0],"v":{"t":[0,0]}},{"k":[31,0,0,28,0],"v":{"t":[0,0]}},{"k":[30,0,0,29,0],"v":{"t":[0,0]}},{"k":[29,0,0,30,0],"v":{"t":[0,0]}},{"k":[28,0,0,31,0],"v":{"t":[0,0]}},{"k":[29,6,0,24,0],"v":{"t":[0,0]}},{"k":[28,6,0,25,0],"v":{"t":[0,0]}},{"k":[23,6,0,30,0],"v":{"t":[0,0]}},{"k":[22,6,0,31,0],"v":{"t":[0,0]}},{"k":[24,6,0,29,0],"v":{"t":[0,0]}},{"k":[25,6,0,28,0],"v":{"t":[0,0]}},{"k":[27,6,0,26,0],"v":{"t":[0,0]}},{"k":[26,6,0,27,0],"v":{"t":[0,0]}},{"k":[31,0,0,29,0],"v":{"t":[0,0]}},{"k":[30,0,0,30,0],"v":{"t":[0,0]}},{"k":[29,0,0,31,0],"v":{"t":[0,0]}},{"k":[29,6,0,25,0],"v":{"t":[0,0]}},{"k":[28,6,0,26,0],"v":{"t":[0,0]}},{"k":[23,6,0,31,0],"v":{"t":[0,0]}},{"k":[24,6,0,30,0],"v":{"t":[0,0]}},{"k":[25,6,0,29,0],"v":{"t":[0,0]}},{"k":[27,6,0,27,0],"v":{"t":[0,0]}},{"k":[26,6,0,28,0],"v":{"t":[0,0]}},{"k":[31,0,0,26,0],"v":{"t":[0,0]}},{"k":[30,0,0,27,0],"v":{"t":[0,0]}},{"k":[29,0,0,28,0],"v":{"t":[0,0]}},{"k":[28,0,0,29,0],"v":{"t":[0,0]}},{"k":[27,0,0,30,0],"v":{"t":[0,0]}},{"k":[26,0,0,31,0],"v":{"t":[0,0]}},{"k":[29,6,0,22,0],"v":{"t":[0,0]}},{"k":[28,6,0,23,0],"v":{"t":[0,0]}},{"k":[23,6,0,28,0],"v":{"t":[0,0]}},{"k":[22,6,0,29,0],"v":{"t":[0,0]}},{"k":[21,6,0,30,0],"v":{"t":[0,0]}},{"k":[20,6,0,31,0],"v":{"t":[0,0]}},{"k":[25,6,0,26,0],"v":{"t":[0,0]}},{"k":[27,6,0,24,0],"v":{"t":[0,0]}},{"k":[26,6,0,25,0],"v":{"t":[0,0]}},{"k":[24,6,0,27,0],"v":{"t":[0,0]}},{"k":[31,0,0,27,0],"v":{"t":[0,0]}},{"k":[30,0,0,28,0],"v":{"t":[0,0]}},{"k":[29,0,0,29,0],"v":{"t":[0,0]}},{"k":[28,0,0,30,0],"v":{"t":[0,0]}},{"k":[27,0,0,31,0],"v":{"t":[0,0]}},{"k":[29,6,0,23,0],"v":{"t":[0,0]}},{"k":[28,6,0,24,0],"v":{"t":[0,0]}},{"k":[23,6,0,29,0],"v":{"t":[0,0]}},{"k":[22,6,0,30,0],"v":{"t":[0,0]}},{"k":[21,6,0,31,0],"v":{"t":[0,0]}},{"k":[25,6,0,27,0],"v":{"t":[0,0]}},{"k":[27,6,0,25,0],"v":{"t":[0,0]}},{"k":[26,6,0,26,0],"v":{"t":[0,0]}},{"k":[24,6,0,28,0],"v":{"t":[0,0]}},{"k":[29,6,0,28,0],"v":{"t":[0,0]}},{"k":[28,6,0,29,0],"v":{"t":[0,0]}},{"k":[27,6,0,30,0],"v":{"t":[0,0]}},{"k":[26,6,0,31,0],"v":{"t":[0,0]}},{"k":[29,6,0,29,0],"v":{"t":[0,0]}},{"k":[28,6,0,30,0],"v":{"t":[0,0]}},{"k":[27,6,0,31,0],"v":{"t":[0,0]}},{"k":[31,0,0,30,0],"v":{"t":[0,0]}},{"k":[30,0,0,31,0],"v":{"t":[0,0]}},{"k":[29,6,0,26,0],"v":{"t":[0,0]}},{"k":[28,6,0,27,0],"v":{"t":[0,0]}},{"k":[24,6,0,31,0],"v":{"t":[0,0]}},{"k":[25,6,0,30,0],"v":{"t":[0,0]}},{"k":[27,6,0,28,0],"v":{"t":[0,0]}},{"k":[26,6,0,29,0],"v":{"t":[0,0]}},{"k":[31,0,0,31,0],"v":{"t":[0,0]}},{"k":[29,6,0,27,0],"v":{"t":[0,0]}},{"k":[28,6,0,28,0],"v":{"t":[0,0]}},{"k":[25,6,0,31,0],"v":{"t":[0,0]}},{"k":[27,6,0,29,0],"v":{"t":[0,0]}},{"k":[26,6,0,30,0],"v":{"t":[0,0]}},{"k":[31,0,0,20,0],"v":{"t":[0,0]}},{"k":[30,0,0,21,0],"v":{"t":[0,0]}},{"k":[29,0,0,22,0],"v":{"t":[0,0]}},{"k":[28,0,0,23,0],"v":{"t":[0,0]}},{"k":[27,0,0,24,0],"v":{"t":[0,0]}},{"k":[26,0,0,25,0],"v":{"t":[0,0]}},{"k":[25,0,0,26,0],"v":{"t":[0,0]}},{"k":[24,0,0,27,0],"v":{"t":[0,0]}},{"k":[23,0,0,28,0],"v":{"t":[0,0]}},{"k":[22,0,0,29,0],"v":{"t":[0,0]}},{"k":[21,0,0,30,0],"v":{"t":[0,0]}},{"k":[20,0,0,31,0],"v":{"t":[0,0]}},{"k":[19,6,0,26,0],"v":{"t":[0,0]}},{"k":[29,6,0,16,0],"v":{"t":[0,0]}},{"k":[28,6,0,17,0],"v":{"t":[0,0]}},{"k":[23,6,0,22,0],"v":{"t":[0,0]}},{"k":[22,6,0,23,0],"v":{"t":[0,0]}},{"k":[21,6,0,24,0],"v":{"t":[0,0]}},{"k":[20,6,0,25,0],"v":{"t":[0,0]}},{"k":[25,6,0,20,0],"v":{"t":[0,0]}},{"k":[27,6,0,18,0],"v":{"t":[0,0]}},{"k":[26,6,0,19,0],"v":{"t":[0,0]}},{"k":[24,6,0,21,0],"v":{"t":[0,0]}},{"k":[31,0,0,21,0],"v":{"t":[0,0]}},{"k":[30,0,0,22,0],"v":{"t":[0,0]}},{"k":[29,0,0,23,0],"v":{"t":[0,0]}},{"k":[28,0,0,24,0],"v":{"t":[0,0]}},{"k":[27,0,0,25,0],"v":{"t":[0,0]}},{"k":[26,0,0,26,0],"v":{"t":[0,0]}},{"k":[25,0,0,27,0],"v":{"t":[0,0]}},{"k":[24,0,0,28,0],"v":{"t":[0,0]}},{"k":[23,0,0,29,0],"v":{"t":[0,0]}},{"k":[22,0,0,30,0],"v":{"t":[0,0]}},{"k":[21,0,0,31,0],"v":{"t":[0,0]}},{"k":[19,6,0,27,0],"v":{"t":[0,0]}},{"k":[29,6,0,17,0],"v":{"t":[0,0]}},{"k":[28,6,0,18,0],"v":{"t":[0,0]}},{"k":[23,6,0,23,0],"v":{"t":[0,0]}},{"k":[22,6,0,24,0],"v":{"t":[0,0]}},{"k":[21,6,0,25,0],"v":{"t":[0,0]}},{"k":[20,6,0,26,0],"v":{"t":[0,0]}},{"k":[25,6,0,21,0],"v":{"t":[0,0]}},{"k":[27,6,0,19,0],"v":{"t":[0,0]}},{"k":[26,6,0,20,0],"v":{"t":[0,0]}},{"k":[24,6,0,22,0],"v":{"t":[0,0]}},{"k":[30,0,0,19,0],"v":{"t":[0,0]}},{"k":[29,0,0,20,0],"v":{"t":[0,0]}},{"k":[28,0,0,21,0],"v":{"t":[0,0]}},{"k":[27,0,0,22,0],"v":{"t":[0,0]}},{"k":[26,0,0,23,0],"v":{"t":[0,0]}},{"k":[25,0,0,24,0],"v":{"t":[0,0]}},{"k":[24,0,0,25,0],"v":{"t":[0,0]}},{"k":[23,0,0,26,0],"v":{"t":[0,0]}},{"k":[31,0,0,18,0],"v":{"t":[0,0]}},{"k":[22,0,0,27,0],"v":{"t":[0,0]}},{"k":[21,0,0,28,0],"v":{"t":[0,0]}},{"k":[20,0,0,29,0],"v":{"t":[0,0]}},{"k":[19,0,0,30,0],"v":{"t":[0,0]}},{"k":[18,0,0,31,0],"v":{"t":[0,0]}},{"k":[19,6,0,24,0],"v":{"t":[0,0]}},{"k":[23,6,0,20,0],"v":{"t":[0,0]}},{"k":[22,6,0,21,0],"v":{"t":[0,0]}},{"k":[21,6,0,22,0],"v":{"t":[0,0]}},{"k":[20,6,0,23,0],"v":{"t":[0,0]}},{"k":[25,6,0,18,0],"v":{"t":[0,0]}},{"k":[27,6,0,16,0],"v":{"t":[0,0]}},{"k":[26,6,0,17,0],"v":{"t":[0,0]}},{"k":[24,6,0,19,0],"v":{"t":[0,0]}},{"k":[31,0,0,19,0],"v":{"t":[0,0]}},{"k":[30,0,0,20,0],"v":{"t":[0,0]}},{"k":[29,0,0,21,0],"v":{"t":[0,0]}},{"k":[28,0,0,22,0],"v":{"t":[0,0]}},{"k":[27,0,0,23,0],"v":{"t":[0,0]}},{"k":[26,0,0,24,0],"v":{"t":[0,0]}},{"k":[25,0,0,25,0],"v":{"t":[0,0]}},{"k":[24,0,0,26,0],"v":{"t":[0,0]}},{"k":[23,0,0,27,0],"v":{"t":[0,0]}},{"k":[22,0,0,28,0],"v":{"t":[0,0]}},{"k":[21,0,0,29,0],"v":{"t":[0,0]}},{"k":[20,0,0,30,0],"v":{"t":[0,0]}},{"k":[19,0,0,31,0],"v":{"t":[0,0]}},{"k":[19,6,0,25,0],"v":{"t":[0,0]}},{"k":[28,6,0,16,0],"v":{"t":[0,0]}},{"k":[23,6,0,21,0],"v":{"t":[0,0]}},{"k":[22,6,0,22,0],"v":{"t":[0,0]}},{"k":[21,6,0,23,0],"v":{"t":[0,0]}},{"k":[20,6,0,24,0],"v":{"t":[0,0]}},{"k":[25,6,0,19,0],"v":{"t":[0,0]}},{"k":[27,6,0,17,0],"v":{"t":[0,0]}},{"k":[26,6,0,18,0],"v":{"t":[0,0]}},{"k":[24,6,0,20,0],"v":{"t":[0,0]}},{"k":[31,0,0,24,0],"v":{"t":[0,0]}},{"k":[30,0,0,25,0],"v":{"t":[0,0]}},{"k":[29,0,0,26,0],"v":{"t":[0,0]}},{"k":[28,0,0,27,0],"v":{"t":[0,0]}},{"k":[27,0,0,28,0],"v":{"t":[0,0]}},{"k":[26,0,0,29,0],"v":{"t":[0,0]}},{"k":[25,0,0,30,0],"v":{"t":[0,0]}},{"k":[24,0,0,31,0],"v":{"t":[0,0]}},{"k":[19,6,0,30,0],"v":{"t":[0,0]}},{"k":[29,6,0,20,0],"v":{"t":[0,0]}},{"k":[28,6,0,21,0],"v":{"t":[0,0]}},{"k":[23,6,0,26,0],"v":{"t":[0,0]}},{"k":[22,6,0,27,0],"v":{"t":[0,0]}},{"k":[21,6,0,28,0],"v":{"t":[0,0]}},{"k":[20,6,0,29,0],"v":{"t":[0,0]}},{"k":[25,6,0,24,0],"v":{"t":[0,0]}},{"k":[27,6,0,22,0],"v":{"t":[0,0]}},{"k":[26,6,0,23,0],"v":{"t":[0,0]}},{"k":[24,6,0,25,0],"v":{"t":[0,0]}},{"k":[31,0,0,25,0],"v":{"t":[0,0]}},{"k":[30,0,0,26,0],"v":{"t":[0,0]}},{"k":[29,0,0,27,0],"v":{"t":[0,0]}},{"k":[28,0,0,28,0],"v":{"t":[0,0]}},{"k":[27,0,0,29,0],"v":{"t":[0,0]}},{"k":[26,0,0,30,0],"v":{"t":[0,0]}},{"k":[25,0,0,31,0],"v":{"t":[0,0]}},{"k":[19,6,0,31,0],"v":{"t":[0,0]}},{"k":[29,6,0,21,0],"v":{"t":[0,0]}},{"k":[28,6,0,22,0],"v":{"t":[0,0]}},{"k":[23,6,0,27,0],"v":{"t":[0,0]}},{"k":[22,6,0,28,0],"v":{"t":[0,0]}},{"k":[21,6,0,29,0],"v":{"t":[0,0]}},{"k":[20,6,0,30,0],"v":{"t":[0,0]}},{"k":[25,6,0,25,0],"v":{"t":[0,0]}},{"k":[27,6,0,23,0],"v":{"t":[0,0]}},{"k":[26,6,0,24,0],"v":{"t":[0,0]}},{"k":[24,6,0,26,0],"v":{"t":[0,0]}},{"k":[31,0,0,22,0],"v":{"t":[0,0]}},{"k":[30,0,0,23,0],"v":{"t":[0,0]}},{"k":[29,0,0,24,0],"v":{"t":[0,0]}},{"k":[28,0,0,25,0],"v":{"t":[0,0]}},{"k":[27,0,0,26,0],"v":{"t":[0,0]}},{"k":[26,0,0,27,0],"v":{"t":[0,0]}},{"k":[25,0,0,28,0],"v":{"t":[0,0]}},{"k":[24,0,0,29,0],"v":{"t":[0,0]}},{"k":[23,0,0,30,0],"v":{"t":[0,0]}},{"k":[22,0,0,31,0],"v":{"t":[0,0]}},{"k":[19,6,0,28,0],"v":{"t":[0,0]}},{"k":[29,6,0,18,0],"v":{"t":[0,0]}},{"k":[28,6,0,19,0],"v":{"t":[0,0]}},{"k":[23,6,0,24,0],"v":{"t":[0,0]}},{"k":[22,6,0,25,0],"v":{"t":[0,0]}},{"k":[21,6,0,26,0],"v":{"t":[0,0]}},{"k":[20,6,0,27,0],"v":{"t":[0,0]}},{"k":[25,6,0,22,0],"v":{"t":[0,0]}},{"k":[27,6,0,20,0],"v":{"t":[0,0]}},{"k":[26,6,0,21,0],"v":{"t":[0,0]}},{"k":[24,6,0,23,0],"v":{"t":[0,0]}},{"k":[31,0,0,23,0],"v":{"t":[0,0]}},{"k":[30,0,0,24,0],"v":{"t":[0,0]}},{"k":[29,0,0,25,0],"v":{"t":[0,0]}},{"k":[28,0,0,26,0],"v":{"t":[0,0]}},{"k":[27,0,0,27,0],"v":{"t":[0,0]}},{"k":[26,0,0,28,0],"v":{"t":[0,0]}},{"k":[25,0,0,29,0],"v":{"t":[0,0]}},{"k":[24,0,0,30,0],"v":{"t":[0,0]}},{"k":[23,0,0,31,0],"v":{"t":[0,0]}},{"k":[19,6,0,29,0],"v":{"t":[0,0]}},{"k":[29,6,0,19,0],"v":{"t":[0,0]}},{"k":[28,6,0,20,0],"v":{"t":[0,0]}},{"k":[23,6,0,25,0],"v":{"t":[0,0]}},{"k":[22,6,0,26,0],"v":{"t":[0,0]}},{"k":[21,6,0,27,0],"v":{"t":[0,0]}},{"k":[20,6,0,28,0],"v":{"t":[0,0]}},{"k":[25,6,0,23,0],"v":{"t":[0,0]}},{"k":[27,6,0,21,0],"v":{"t":[0,0]}},{"k":[26,6,0,22,0],"v":{"t":[0,0]}},{"k":[24,6,0,24,0],"v":{"t":[0,0]}},{"k":[24,0,0,19,0],"v":{"t":[0,0]}},{"k":[23,0,0,20,0],"v":{"t":[0,0]}},{"k":[25,0,0,18,0],"v":{"t":[0,0]}},{"k":[22,0,0,21,0],"v":{"t":[0,0]}},{"k":[26,0,0,17,0],"v":{"t":[0,0]}},{"k":[21,0,0,22,0],"v":{"t":[0,0]}},{"k":[27,0,0,16,0],"v":{"t":[0,0]}},{"k":[20,0,0,23,0],"v":{"t":[0,0]}},{"k":[19,0,0,24,0],"v":{"t":[0,0]}},{"k":[18,0,0,25,0],"v":{"t":[0,0]}},{"k":[17,0,0,26,0],"v":{"t":[0,0]}},{"k":[16,0,0,27,0],"v":{"t":[0,0]}},{"k":[19,6,0,18,0],"v":{"t":[0,0]}},{"k":[21,6,0,16,0],"v":{"t":[0,0]}},{"k":[20,6,0,17,0],"v":{"t":[0,0]}},{"k":[25,0,0,19,0],"v":{"t":[0,0]}},{"k":[24,0,0,20,0],"v":{"t":[0,0]}},{"k":[23,0,0,21,0],"v":{"t":[0,0]}},{"k":[26,0,0,18,0],"v":{"t":[0,0]}},{"k":[22,0,0,22,0],"v":{"t":[0,0]}},{"k":[27,0,0,17,0],"v":{"t":[0,0]}},{"k":[21,0,0,23,0],"v":{"t":[0,0]}},{"k":[28,0,0,16,0],"v":{"t":[0,0]}},{"k":[20,0,0,24,0],"v":{"t":[0,0]}},{"k":[19,0,0,25,0],"v":{"t":[0,0]}},{"k":[18,0,0,26,0],"v":{"t":[0,0]}},{"k":[17,0,0,27,0],"v":{"t":[0,0]}},{"k":[16,0,0,28,0],"v":{"t":[0,0]}},{"k":[19,6,0,19,0],"v":{"t":[0,0]}},{"k":[22,6,0,16,0],"v":{"t":[0,0]}},{"k":[21,6,0,17,0],"v":{"t":[0,0]}},{"k":[20,6,0,18,0],"v":{"t":[0,0]}},{"k":[22,0,0,19,0],"v":{"t":[0,0]}},{"k":[23,0,0,18,0],"v":{"t":[0,0]}},{"k":[24,0,0,17,0],"v":{"t":[0,0]}},{"k":[21,0,0,20,0],"v":{"t":[0,0]}},{"k":[25,0,0,16,0],"v":{"t":[0,0]}},{"k":[20,0,0,21,0],"v":{"t":[0,0]}},{"k":[19,0,0,22,0],"v":{"t":[0,0]}},{"k":[18,0,0,23,0],"v":{"t":[0,0]}},{"k":[17,0,0,24,0],"v":{"t":[0,0]}},{"k":[16,0,0,25,0],"v":{"t":[0,0]}},{"k":[19,6,0,16,0],"v":{"t":[0,0]}},{"k":[23,0,0,19,0],"v":{"t":[0,0]}},{"k":[24,0,0,18,0],"v":{"t":[0,0]}},{"k":[22,0,0,20,0],"v":{"t":[0,0]}},{"k":[25,0,0,17,0],"v":{"t":[0,0]}},{"k":[21,0,0,21,0],"v":{"t":[0,0]}},{"k":[26,0,0,16,0],"v":{"t":[0,0]}},{"k":[20,0,0,22,0],"v":{"t":[0,0]}},{"k":[19,0,0,23,0],"v":{"t":[0,0]}},{"k":[18,0,0,24,0],"v":{"t":[0,0]}},{"k":[17,0,0,25,0],"v":{"t":[0,0]}},{"k":[16,0,0,26,0],"v":{"t":[0,0]}},{"k":[19,6,0,17,0],"v":{"t":[0,0]}},{"k":[20,6,0,16,0],"v":{"t":[0,0]}},{"k":[28,0,0,19,0],"v":{"t":[0,0]}},{"k":[27,0,0,20,0],"v":{"t":[0,0]}},{"k":[26,0,0,21,0],"v":{"t":[0,0]}},{"k":[25,0,0,22,0],"v":{"t":[0,0]}},{"k":[24,0,0,23,0],"v":{"t":[0,0]}},{"k":[23,0,0,24,0],"v":{"t":[0,0]}},{"k":[29,0,0,18,0],"v":{"t":[0,0]}},{"k":[22,0,0,25,0],"v":{"t":[0,0]}},{"k":[30,0,0,17,0],"v":{"t":[0,0]}},{"k":[21,0,0,26,0],"v":{"t":[0,0]}},{"k":[31,0,0,16,0],"v":{"t":[0,0]}},{"k":[20,0,0,27,0],"v":{"t":[0,0]}},{"k":[19,0,0,28,0],"v":{"t":[0,0]}},{"k":[18,0,0,29,0],"v":{"t":[0,0]}},{"k":[17,0,0,30,0],"v":{"t":[0,0]}},{"k":[16,0,0,31,0],"v":{"t":[0,0]}},{"k":[19,6,0,22,0],"v":{"t":[0,0]}},{"k":[23,6,0,18,0],"v":{"t":[0,0]}},{"k":[22,6,0,19,0],"v":{"t":[0,0]}},{"k":[21,6,0,20,0],"v":{"t":[0,0]}},{"k":[20,6,0,21,0],"v":{"t":[0,0]}},{"k":[25,6,0,16,0],"v":{"t":[0,0]}},{"k":[24,6,0,17,0],"v":{"t":[0,0]}},{"k":[29,0,0,19,0],"v":{"t":[0,0]}},{"k":[28,0,0,20,0],"v":{"t":[0,0]}},{"k":[27,0,0,21,0],"v":{"t":[0,0]}},{"k":[26,0,0,22,0],"v":{"t":[0,0]}},{"k":[25,0,0,23,0],"v":{"t":[0,0]}},{"k":[24,0,0,24,0],"v":{"t":[0,0]}},{"k":[23,0,0,25,0],"v":{"t":[0,0]}},{"k":[30,0,0,18,0],"v":{"t":[0,0]}},{"k":[22,0,0,26,0],"v":{"t":[0,0]}},{"k":[31,0,0,17,0],"v":{"t":[0,0]}},{"k":[21,0,0,27,0],"v":{"t":[0,0]}},{"k":[20,0,0,28,0],"v":{"t":[0,0]}},{"k":[19,0,0,29,0],"v":{"t":[0,0]}},{"k":[18,0,0,30,0],"v":{"t":[0,0]}},{"k":[17,0,0,31,0],"v":{"t":[0,0]}},{"k":[19,6,0,23,0],"v":{"t":[0,0]}},{"k":[23,6,0,19,0],"v":{"t":[0,0]}},{"k":[22,6,0,20,0],"v":{"t":[0,0]}},{"k":[21,6,0,21,0],"v":{"t":[0,0]}},{"k":[20,6,0,22,0],"v":{"t":[0,0]}},{"k":[25,6,0,17,0],"v":{"t":[0,0]}},{"k":[26,6,0,16,0],"v":{"t":[0,0]}},{"k":[24,6,0,18,0],"v":{"t":[0,0]}},{"k":[26,0,0,19,0],"v":{"t":[0,0]}},{"k":[25,0,0,20,0],"v":{"t":[0,0]}},{"k":[24,0,0,21,0],"v":{"t":[0,0]}},{"k":[23,0,0,22,0],"v":{"t":[0,0]}},{"k":[27,0,0,18,0],"v":{"t":[0,0]}},{"k":[22,0,0,23,0],"v":{"t":[0,0]}},{"k":[28,0,0,17,0],"v":{"t":[0,0]}},{"k":[21,0,0,24,0],"v":{"t":[0,0]}},{"k":[29,0,0,16,0],"v":{"t":[0,0]}},{"k":[20,0,0,25,0],"v":{"t":[0,0]}},{"k":[19,0,0,26,0],"v":{"t":[0,0]}},{"k":[18,0,0,27,0],"v":{"t":[0,0]}},{"k":[17,0,0,28,0],"v":{"t":[0,0]}},{"k":[16,0,0,29,0],"v":{"t":[0,0]}},{"k":[19,6,0,20,0],"v":{"t":[0,0]}},{"k":[23,6,0,16,0],"v":{"t":[0,0]}},{"k":[22,6,0,17,0],"v":{"t":[0,0]}},{"k":[21,6,0,18,0],"v":{"t":[0,0]}},{"k":[20,6,0,19,0],"v":{"t":[0,0]}},{"k":[27,0,0,19,0],"v":{"t":[0,0]}},{"k":[26,0,0,20,0],"v":{"t":[0,0]}},{"k":[25,0,0,21,0],"v":{"t":[0,0]}},{"k":[24,0,0,22,0],"v":{"t":[0,0]}},{"k":[23,0,0,23,0],"v":{"t":[0,0]}},{"k":[28,0,0,18,0],"v":{"t":[0,0]}},{"k":[22,0,0,24,0],"v":{"t":[0,0]}},{"k":[29,0,0,17,0],"v":{"t":[0,0]}},{"k":[21,0,0,25,0],"v":{"t":[0,0]}},{"k":[30,0,0,16,0],"v":{"t":[0,0]}},{"k":[20,0,0,26,0],"v":{"t":[0,0]}},{"k":[19,0,0,27,0],"v":{"t":[0,0]}},{"k":[18,0,0,28,0],"v":{"t":[0,0]}},{"k":[17,0,0,29,0],"v":{"t":[0,0]}},{"k":[16,0,0,30,0],"v":{"t":[0,0]}},{"k":[19,6,0,21,0],"v":{"t":[0,0]}},{"k":[23,6,0,17,0],"v":{"t":[0,0]}},{"k":[22,6,0,18,0],"v":{"t":[0,0]}},{"k":[21,6,0,19,0],"v":{"t":[0,0]}},{"k":[20,6,0,20,0],"v":{"t":[0,0]}},{"k":[24,6,0,16,0],"v":{"t":[0,0]}},{"k":[16,0,0,19,0],"v":{"t":[0,0]}},{"k":[17,0,0,18,0],"v":{"t":[0,0]}},{"k":[18,0,0,17,0],"v":{"t":[0,0]}},{"k":[19,0,0,16,0],"v":{"t":[0,0]}},{"k":[17,0,0,19,0],"v":{"t":[0,0]}},{"k":[18,0,0,18,0],"v":{"t":[0,0]}},{"k":[19,0,0,17,0],"v":{"t":[0,0]}},{"k":[20,0,0,16,0],"v":{"t":[0,0]}},{"k":[16,0,0,20,0],"v":{"t":[0,0]}},{"k":[16,0,0,17,0],"v":{"t":[0,0]}},{"k":[17,0,0,16,0],"v":{"t":[0,0]}},{"k":[16,0,0,18,0],"v":{"t":[0,0]}},{"k":[17,0,0,17,0],"v":{"t":[0,0]}},{"k":[18,0,0,16,0],"v":{"t":[0,0]}},{"k":[20,0,0,19,0],"v":{"t":[0,0]}},{"k":[21,0,0,18,0],"v":{"t":[0,0]}},{"k":[22,0,0,17,0],"v":{"t":[0,0]}},{"k":[23,0,0,16,0],"v":{"t":[0,0]}},{"k":[19,0,0,20,0],"v":{"t":[0,0]}},{"k":[18,0,0,21,0],"v":{"t":[0,0]}},{"k":[17,0,0,22,0],"v":{"t":[0,0]}},{"k":[16,0,0,23,0],"v":{"t":[0,0]}},{"k":[21,0,0,19,0],"v":{"t":[0,0]}},{"k":[22,0,0,18,0],"v":{"t":[0,0]}},{"k":[23,0,0,17,0],"v":{"t":[0,0]}},{"k":[24,0,0,16,0],"v":{"t":[0,0]}},{"k":[20,0,0,20,0],"v":{"t":[0,0]}},{"k":[19,0,0,21,0],"v":{"t":[0,0]}},{"k":[18,0,0,22,0],"v":{"t":[0,0]}},{"k":[17,0,0,23,0],"v":{"t":[0,0]}},{"k":[16,0,0,24,0],"v":{"t":[0,0]}},{"k":[18,0,0,19,0],"v":{"t":[0,0]}},{"k":[19,0,0,18,0],"v":{"t":[0,0]}},{"k":[20,0,0,17,0],"v":{"t":[0,0]}},{"k":[21,0,0,16,0],"v":{"t":[0,0]}},{"k":[17,0,0,20,0],"v":{"t":[0,0]}},{"k":[16,0,0,21,0],"v":{"t":[0,0]}},{"k":[19,0,0,19,0],"v":{"t":[0,0]}},{"k":[20,0,0,18,0],"v":{"t":[0,0]}},{"k":[21,0,0,17,0],"v":{"t":[0,0]}},{"k":[22,0,0,16,0],"v":{"t":[0,0]}},{"k":[18,0,0,20,0],"v":{"t":[0,0]}},{"k":[17,0,0,21,0],"v":{"t":[0,0]}},{"k":[16,0,0,22,0],"v":{"t":[0,0]}},{"k":[16,0,0,16,0],"v":{"t":[0,0]}}]},"moun":{"a":[{"k":[29,0,0,30,0],"v":{"b":true,"hs":6,"l":true,"sid":5,"t":true,"wp":31.25}},{"k":[28,0,0,31,0],"v":{"b":true,"hs":6,"l":true,"r":true,"sid":5,"t":true,"wp":31.25}},{"k":[29,0,0,31,0],"v":{"b":true,"hs":6,"l":true,"sid":5,"t":true,"wp":31.25}},{"k":[29,0,0,28,0],"v":{"b":true,"hs":6,"l":true,"sid":5,"t":true,"wp":31.25}},{"k":[28,0,0,29,0],"v":{"b":true,"hs":6,"l":true,"r":true,"sid":5,"t":true,"wp":31.25}},{"k":[27,0,0,30,0],"v":{"b":true,"hs":6,"l":true,"r":true,"sid":5,"t":true,"wp":31.25}},{"k":[26,0,0,31,0],"v":{"b":true,"hs":6,"l":true,"r":true,"sid":5,"t":true,"wp":31.25}},{"k":[29,0,0,29,0],"v":{"b":true,"hs":6,"l":true,"sid":5,"t":true,"wp":31.25}},{"k":[28,0,0,30,0],"v":{"b":true,"hs":6,"l":true,"r":true,"sid":5,"t":true,"wp":31.25}},{"k":[27,0,0,31,0],"v":{"b":true,"hs":6,"l":true,"r":true,"sid":5,"t":true,"wp":31.25}},{"k":[29,0,0,22,0],"v":{"b":true,"hs":6,"l":true,"sid":5,"t":true,"wp":31.25}},{"k":[28,0,0,23,0],"v":{"b":true,"hs":6,"l":true,"r":true,"sid":5,"t":true,"wp":31.25}},{"k":[23,0,0,28,0],"v":{"b":true,"hs":6,"l":true,"r":true,"sid":5,"t":true,"wp":31.25}},{"k":[22,0,0,29,0],"v":{"b":true,"hs":6,"l":true,"r":true,"sid":5,"t":true,"wp":31.25}},{"k":[21,0,0,30,0],"v":{"b":true,"hs":6,"l":true,"r":true,"sid":5,"t":true,"wp":31.25}},{"k":[20,0,0,31,0],"v":{"b":true,"hs":6,"l":true,"r":true,"sid":5,"t":true,"wp":31.25}},{"k":[25,0,0,26,0],"v":{"b":true,"hs":6,"l":true,"r":true,"sid":5,"t":true,"wp":31.25}},{"k":[27,0,0,24,0],"v":{"b":true,"hs":6,"l":true,"r":true,"sid":5,"t":true,"wp":31.25}},{"k":[26,0,0,25,0],"v":{"b":true,"hs":6,"l":true,"r":true,"sid":5,"t":true,"wp":31.25}},{"k":[24,0,0,27,0],"v":{"b":true,"hs":6,"l":true,"r":true,"sid":5,"t":true,"wp":31.25}},{"k":[29,0,0,23,0],"v":{"b":true,"hs":6,"l":true,"sid":5,"t":true,"wp":31.25}},{"k":[28,0,0,24,0],"v":{"b":true,"hs":6,"l":true,"r":true,"sid":5,"t":true,"wp":31.25}},{"k":[23,0,0,29,0],"v":{"b":true,"hs":6,"l":true,"r":true,"sid":5,"t":true,"wp":31.25}},{"k":[22,0,0,30,0],"v":{"b":true,"hs":6,"l":true,"r":true,"sid":5,"t":true,"wp":31.25}},{"k":[21,0,0,31,0],"v":{"b":true,"hs":6,"l":true,"r":true,"sid":5,"t":true,"wp":31.25}},{"k":[25,0,0,27,0],"v":{"b":true,"hs":6,"l":true,"r":true,"sid":5,"t":true,"wp":31.25}},{"k":[27,0,0,25,0],"v":{"b":true,"hs":6,"l":true,"r":true,"sid":5,"t":true,"wp":31.25}},{"k":[26,0,0,26,0],"v":{"b":true,"hs":6,"l":true,"r":true,"sid":5,"t":true,"wp":31.25}},{"k":[24,0,0,28,0],"v":{"b":true,"hs":6,"l":true,"r":true,"sid":5,"t":true,"wp":31.25}},{"k":[19,0,0,30,0],"v":{"b":true,"hs":6,"r":true,"sid":5,"t":true,"wp":31.25}},{"k":[29,0,0,20,0],"v":{"b":true,"hs":6,"l":true,"sid":5,"t":true,"wp":31.25}},{"k":[28,0,0,21,0],"v":{"b":true,"hs":6,"l":true,"r":true,"sid":5,"t":true,"wp":31.25}},{"k":[23,0,0,26,0],"v":{"b":true,"hs":6,"l":true,"r":true,"sid":5,"t":true,"wp":31.25}},{"k":[22,0,0,27,0],"v":{"b":true,"hs":6,"l":true,"r":true,"sid":5,"t":true,"wp":31.25}},{"k":[21,0,0,28,0],"v":{"b":true,"hs":6,"l":true,"r":true,"sid":5,"t":true,"wp":31.25}},{"k":[20,0,0,29,0],"v":{"b":true,"hs":6,"l":true,"r":true,"sid":5,"t":true,"wp":31.25}},{"k":[25,0,0,24,0],"v":{"b":true,"hs":6,"l":true,"r":true,"sid":5,"t":true,"wp":31.25}},{"k":[27,0,0,22,0],"v":{"b":true,"hs":6,"l":true,"r":true,"sid":5,"t":true,"wp":31.25}},{"k":[26,0,0,23,0],"v":{"b":true,"hs":6,"l":true,"r":true,"sid":5,"t":true,"wp":31.25}},{"k":[24,0,0,25,0],"v":{"b":true,"hs":6,"l":true,"r":true,"sid":5,"t":true,"wp":31.25}},{"k":[19,0,0,31,0],"v":{"b":true,"hs":6,"r":true,"sid":5,"t":true,"wp":31.25}},{"k":[29,0,0,21,0],"v":{"b":true,"hs":6,"l":true,"sid":5,"t":true,"wp":31.25}},{"k":[28,0,0,22,0],"v":{"b":true,"hs":6,"l":true,"r":true,"sid":5,"t":true,"wp":31.25}},{"k":[23,0,0,27,0],"v":{"b":true,"hs":6,"l":true,"r":true,"sid":5,"t":true,"wp":31.25}},{"k":[22,0,0,28,0],"v":{"b":true,"hs":6,"l":true,"r":true,"sid":5,"t":true,"wp":31.25}},{"k":[21,0,0,29,0],"v":{"b":true,"hs":6,"l":true,"r":true,"sid":5,"t":true,"wp":31.25}},{"k":[20,0,0,30,0],"v":{"b":true,"hs":6,"l":true,"r":true,"sid":5,"t":true,"wp":31.25}},{"k":[25,0,0,25,0],"v":{"b":true,"hs":6,"l":true,"r":true,"sid":5,"t":true,"wp":31.25}},{"k":[27,0,0,23,0],"v":{"b":true,"hs":6,"l":true,"r":true,"sid":5,"t":true,"wp":31.25}},{"k":[26,0,0,24,0],"v":{"b":true,"hs":6,"l":true,"r":true,"sid":5,"t":true,"wp":31.25}},{"k":[24,0,0,26,0],"v":{"b":true,"hs":6,"l":true,"r":true,"sid":5,"t":true,"wp":31.25}},{"k":[29,0,0,26,0],"v":{"b":true,"hs":6,"l":true,"sid":5,"t":true,"wp":31.25}},{"k":[28,0,0,27,0],"v":{"b":true,"hs":6,"l":true,"r":true,"sid":5,"t":true,"wp":31.25}},{"k":[24,0,0,31,0],"v":{"b":true,"hs":6,"l":true,"r":true,"sid":5,"t":true,"wp":31.25}},{"k":[25,0,0,30,0],"v":{"b":true,"hs":6,"l":true,"r":true,"sid":5,"t":true,"wp":31.25}},{"k":[27,0,0,28,0],"v":{"b":true,"hs":6,"l":true,"r":true,"sid":5,"t":true,"wp":31.25}},{"k":[26,0,0,29,0],"v":{"b":true,"hs":6,"l":true,"r":true,"sid":5,"t":true,"wp":31.25}},{"k":[29,0,0,27,0],"v":{"b":true,"hs":6,"l":true,"sid":5,"t":true,"wp":31.25}},{"k":[28,0,0,28,0],"v":{"b":true,"hs":6,"l":true,"r":true,"sid":5,"t":true,"wp":31.25}},{"k":[25,0,0,31,0],"v":{"b":true,"hs":6,"l":true,"r":true,"sid":5,"t":true,"wp":31.25}},{"k":[27,0,0,29,0],"v":{"b":true,"hs":6,"l":true,"r":true,"sid":5,"t":true,"wp":31.25}},{"k":[26,0,0,30,0],"v":{"b":true,"hs":6,"l":true,"r":true,"sid":5,"t":true,"wp":31.25}},{"k":[29,0,0,24,0],"v":{"b":true,"hs":6,"l":true,"sid":5,"t":true,"wp":31.25}},{"k":[28,0,0,25,0],"v":{"b":true,"hs":6,"l":true,"r":true,"sid":5,"t":true,"wp":31.25}},{"k":[23,0,0,30,0],"v":{"b":true,"hs":6,"l":true,"r":true,"sid":5,"t":true,"wp":31.25}},{"k":[22,0,0,31,0],"v":{"b":true,"hs":6,"l":true,"r":true,"sid":5,"t":true,"wp":31.25}},{"k":[24,0,0,29,0],"v":{"b":true,"hs":6,"l":true,"r":true,"sid":5,"t":true,"wp":31.25}},{"k":[25,0,0,28,0],"v":{"b":true,"hs":6,"l":true,"r":true,"sid":5,"t":true,"wp":31.25}},{"k":[27,0,0,26,0],"v":{"b":true,"hs":6,"l":true,"r":true,"sid":5,"t":true,"wp":31.25}},{"k":[26,0,0,27,0],"v":{"b":true,"hs":6,"l":true,"r":true,"sid":5,"t":true,"wp":31.25}},{"k":[29,0,0,25,0],"v":{"b":true,"hs":6,"l":true,"sid":5,"t":true,"wp":31.25}},{"k":[28,0,0,26,0],"v":{"b":true,"hs":6,"l":true,"r":true,"sid":5,"t":true,"wp":31.25}},{"k":[23,0,0,31,0],"v":{"b":true,"hs":6,"l":true,"r":true,"sid":5,"t":true,"wp":31.25}},{"k":[24,0,0,30,0],"v":{"b":true,"hs":6,"l":true,"r":true,"sid":5,"t":true,"wp":31.25}},{"k":[25,0,0,29,0],"v":{"b":true,"hs":6,"l":true,"r":true,"sid":5,"t":true,"wp":31.25}},{"k":[27,0,0,27,0],"v":{"b":true,"hs":6,"l":true,"r":true,"sid":5,"t":true,"wp":31.25}},{"k":[26,0,0,28,0],"v":{"b":true,"hs":6,"l":true,"r":true,"sid":5,"t":true,"wp":31.25}},{"k":[19,0,0,24,0],"v":{"b":true,"hs":6,"r":true,"sid":5,"t":true,"wp":31.25}},{"k":[23,0,0,20,0],"v":{"b":true,"hs":6,"l":true,"r":true,"sid":5,"t":true,"wp":31.25}},{"k":[22,0,0,21,0],"v":{"b":true,"hs":6,"l":true,"r":true,"sid":5,"t":true,"wp":31.25}},{"k":[21,0,0,22,0],"v":{"b":true,"hs":6,"l":true,"r":true,"sid":5,"t":true,"wp":31.25}},{"k":[20,0,0,23,0],"v":{"b":true,"hs":6,"l":true,"r":true,"sid":5,"t":true,"wp":31.25}},{"k":[25,0,0,18,0],"v":{"b":true,"hs":6,"l":true,"r":true,"sid":5,"t":true,"wp":31.25}},{"k":[27,0,0,16,0],"v":{"b":true,"hs":6,"l":true,"r":true,"sid":5,"t":true,"wp":31.25}},{"k":[26,0,0,17,0],"v":{"b":true,"hs":6,"l":true,"r":true,"sid":5,"t":true,"wp":31.25}},{"k":[24,0,0,19,0],"v":{"b":true,"hs":6,"l":true,"r":true,"sid":5,"t":true,"wp":31.25}},{"k":[19,0,0,25,0],"v":{"b":true,"hs":6,"r":true,"sid":5,"t":true,"wp":31.25}},{"k":[28,0,0,16,0],"v":{"b":true,"hs":6,"l":true,"r":true,"sid":5,"t":true,"wp":31.25}},{"k":[23,0,0,21,0],"v":{"b":true,"hs":6,"l":true,"r":true,"sid":5,"t":true,"wp":31.25}},{"k":[22,0,0,22,0],"v":{"b":true,"hs":6,"l":true,"r":true,"sid":5,"t":true,"wp":31.25}},{"k":[21,0,0,23,0],"v":{"b":true,"hs":6,"l":true,"r":true,"sid":5,"t":true,"wp":31.25}},{"k":[20,0,0,24,0],"v":{"b":true,"hs":6,"l":true,"r":true,"sid":5,"t":true,"wp":31.25}},{"k":[25,0,0,19,0],"v":{"b":true,"hs":6,"l":true,"r":true,"sid":5,"t":true,"wp":31.25}},{"k":[27,0,0,17,0],"v":{"b":true,"hs":6,"l":true,"r":true,"sid":5,"t":true,"wp":31.25}},{"k":[26,0,0,18,0],"v":{"b":true,"hs":6,"l":true,"r":true,"sid":5,"t":true,"wp":31.25}},{"k":[24,0,0,20,0],"v":{"b":true,"hs":6,"l":true,"r":true,"sid":5,"t":true,"wp":31.25}},{"k":[19,0,0,22,0],"v":{"b":true,"hs":6,"r":true,"sid":5,"t":true,"wp":31.25}},{"k":[23,0,0,18,0],"v":{"b":true,"hs":6,"l":true,"r":true,"sid":5,"t":true,"wp":31.25}},{"k":[22,0,0,19,0],"v":{"b":true,"hs":6,"l":true,"r":true,"sid":5,"t":true,"wp":31.25}},{"k":[21,0,0,20,0],"v":{"b":true,"hs":6,"l":true,"r":true,"sid":5,"t":true,"wp":31.25}},{"k":[20,0,0,21,0],"v":{"b":true,"hs":6,"l":true,"r":true,"sid":5,"t":true,"wp":31.25}},{"k":[25,0,0,16,0],"v":{"b":true,"hs":6,"l":true,"r":true,"sid":5,"t":true,"wp":31.25}},{"k":[24,0,0,17,0],"v":{"b":true,"hs":6,"l":true,"r":true,"sid":5,"t":true,"wp":31.25}},{"k":[19,0,0,23,0],"v":{"b":true,"hs":6,"r":true,"sid":5,"t":true,"wp":31.25}},{"k":[23,0,0,19,0],"v":{"b":true,"hs":6,"l":true,"r":true,"sid":5,"t":true,"wp":31.25}},{"k":[22,0,0,20,0],"v":{"b":true,"hs":6,"l":true,"r":true,"sid":5,"t":true,"wp":31.25}},{"k":[21,0,0,21,0],"v":{"b":true,"hs":6,"l":true,"r":true,"sid":5,"t":true,"wp":31.25}},{"k":[20,0,0,22,0],"v":{"b":true,"hs":6,"l":true,"r":true,"sid":5,"t":true,"wp":31.25}},{"k":[25,0,0,17,0],"v":{"b":true,"hs":6,"l":true,"r":true,"sid":5,"t":true,"wp":31.25}},{"k":[26,0,0,16,0],"v":{"b":true,"hs":6,"l":true,"r":true,"sid":5,"t":true,"wp":31.25}},{"k":[24,0,0,18,0],"v":{"b":true,"hs":6,"l":true,"r":true,"sid":5,"t":true,"wp":31.25}},{"k":[19,0,0,28,0],"v":{"b":true,"hs":6,"r":true,"sid":5,"t":true,"wp":31.25}},{"k":[29,0,0,18,0],"v":{"b":true,"hs":6,"l":true,"sid":5,"t":true,"wp":31.25}},{"k":[28,0,0,19,0],"v":{"b":true,"hs":6,"l":true,"r":true,"sid":5,"t":true,"wp":31.25}},{"k":[23,0,0,24,0],"v":{"b":true,"hs":6,"l":true,"r":true,"sid":5,"t":true,"wp":31.25}},{"k":[22,0,0,25,0],"v":{"b":true,"hs":6,"l":true,"r":true,"sid":5,"t":true,"wp":31.25}},{"k":[21,0,0,26,0],"v":{"b":true,"hs":6,"l":true,"r":true,"sid":5,"t":true,"wp":31.25}},{"k":[20,0,0,27,0],"v":{"b":true,"hs":6,"l":true,"r":true,"sid":5,"t":true,"wp":31.25}},{"k":[25,0,0,22,0],"v":{"b":true,"hs":6,"l":true,"r":true,"sid":5,"t":true,"wp":31.25}},{"k":[27,0,0,20,0],"v":{"b":true,"hs":6,"l":true,"r":true,"sid":5,"t":true,"wp":31.25}},{"k":[26,0,0,21,0],"v":{"b":true,"hs":6,"l":true,"r":true,"sid":5,"t":true,"wp":31.25}},{"k":[24,0,0,23,0],"v":{"b":true,"hs":6,"l":true,"r":true,"sid":5,"t":true,"wp":31.25}},{"k":[19,0,0,29,0],"v":{"b":true,"hs":6,"r":true,"sid":5,"t":true,"wp":31.25}},{"k":[29,0,0,19,0],"v":{"b":true,"hs":6,"l":true,"sid":5,"t":true,"wp":31.25}},{"k":[28,0,0,20,0],"v":{"b":true,"hs":6,"l":true,"r":true,"sid":5,"t":true,"wp":31.25}},{"k":[23,0,0,25,0],"v":{"b":true,"hs":6,"l":true,"r":true,"sid":5,"t":true,"wp":31.25}},{"k":[22,0,0,26,0],"v":{"b":true,"hs":6,"l":true,"r":true,"sid":5,"t":true,"wp":31.25}},{"k":[21,0,0,27,0],"v":{"b":true,"hs":6,"l":true,"r":true,"sid":5,"t":true,"wp":31.25}},{"k":[20,0,0,28,0],"v":{"b":true,"hs":6,"l":true,"r":true,"sid":5,"t":true,"wp":31.25}},{"k":[25,0,0,23,0],"v":{"b":true,"hs":6,"l":true,"r":true,"sid":5,"t":true,"wp":31.25}},{"k":[27,0,0,21,0],"v":{"b":true,"hs":6,"l":true,"r":true,"sid":5,"t":true,"wp":31.25}},{"k":[26,0,0,22,0],"v":{"b":true,"hs":6,"l":true,"r":true,"sid":5,"t":true,"wp":31.25}},{"k":[24,0,0,24,0],"v":{"b":true,"hs":6,"l":true,"r":true,"sid":5,"t":true,"wp":31.25}},{"k":[19,0,0,26,0],"v":{"b":true,"hs":6,"r":true,"sid":5,"t":true,"wp":31.25}},{"k":[29,0,0,16,0],"v":{"b":true,"hs":6,"l":true,"sid":5,"t":true,"wp":31.25}},{"k":[28,0,0,17,0],"v":{"b":true,"hs":6,"l":true,"r":true,"sid":5,"t":true,"wp":31.25}},{"k":[23,0,0,22,0],"v":{"b":true,"hs":6,"l":true,"r":true,"sid":5,"t":true,"wp":31.25}},{"k":[22,0,0,23,0],"v":{"b":true,"hs":6,"l":true,"r":true,"sid":5,"t":true,"wp":31.25}},{"k":[21,0,0,24,0],"v":{"b":true,"hs":6,"l":true,"r":true,"sid":5,"t":true,"wp":31.25}},{"k":[20,0,0,25,0],"v":{"b":true,"hs":6,"l":true,"r":true,"sid":5,"t":true,"wp":31.25}},{"k":[25,0,0,20,0],"v":{"b":true,"hs":6,"l":true,"r":true,"sid":5,"t":true,"wp":31.25}},{"k":[27,0,0,18,0],"v":{"b":true,"hs":6,"l":true,"r":true,"sid":5,"t":true,"wp":31.25}},{"k":[26,0,0,19,0],"v":{"b":true,"hs":6,"l":true,"r":true,"sid":5,"t":true,"wp":31.25}},{"k":[24,0,0,21,0],"v":{"b":true,"hs":6,"l":true,"r":true,"sid":5,"t":true,"wp":31.25}},{"k":[19,0,0,27,0],"v":{"b":true,"hs":6,"r":true,"sid":5,"t":true,"wp":31.25}},{"k":[29,0,0,17,0],"v":{"b":true,"hs":6,"l":true,"sid":5,"t":true,"wp":31.25}},{"k":[28,0,0,18,0],"v":{"b":true,"hs":6,"l":true,"r":true,"sid":5,"t":true,"wp":31.25}},{"k":[23,0,0,23,0],"v":{"b":true,"hs":6,"l":true,"r":true,"sid":5,"t":true,"wp":31.25}},{"k":[22,0,0,24,0],"v":{"b":true,"hs":6,"l":true,"r":true,"sid":5,"t":true,"wp":31.25}},{"k":[21,0,0,25,0],"v":{"b":true,"hs":6,"l":true,"r":true,"sid":5,"t":true,"wp":31.25}},{"k":[20,0,0,26,0],"v":{"b":true,"hs":6,"l":true,"r":true,"sid":5,"t":true,"wp":31.25}},{"k":[25,0,0,21,0],"v":{"b":true,"hs":6,"l":true,"r":true,"sid":5,"t":true,"wp":31.25}},{"k":[27,0,0,19,0],"v":{"b":true,"hs":6,"l":true,"r":true,"sid":5,"t":true,"wp":31.25}},{"k":[26,0,0,20,0],"v":{"b":true,"hs":6,"l":true,"r":true,"sid":5,"t":true,"wp":31.25}},{"k":[24,0,0,22,0],"v":{"b":true,"hs":6,"l":true,"r":true,"sid":5,"t":true,"wp":31.25}},{"k":[19,0,0,16,0],"v":{"b":true,"hs":6,"r":true,"sid":5,"t":true,"wp":31.25}},{"k":[19,0,0,17,0],"v":{"b":true,"hs":6,"r":true,"sid":5,"t":true,"wp":31.25}},{"k":[20,0,0,16,0],"v":{"b":true,"hs":6,"l":true,"r":true,"sid":5,"t":true,"wp":31.25}},{"k":[19,0,0,20,0],"v":{"b":true,"hs":6,"r":true,"sid":5,"t":true,"wp":31.25}},{"k":[23,0,0,16,0],"v":{"b":true,"hs":6,"l":true,"r":true,"sid":5,"t":true,"wp":31.25}},{"k":[22,0,0,17,0],"v":{"b":true,"hs":6,"l":true,"r":true,"sid":5,"t":true,"wp":31.25}},{"k":[21,0,0,18,0],"v":{"b":true,"hs":6,"l":true,"r":true,"sid":5,"t":true,"wp":31.25}},{"k":[20,0,0,19,0],"v":{"b":true,"hs":6,"l":true,"r":true,"sid":5,"t":true,"wp":31.25}},{"k":[19,0,0,21,0],"v":{"b":true,"hs":6,"r":true,"sid":5,"t":true,"wp":31.25}},{"k":[23,0,0,17,0],"v":{"b":true,"hs":6,"l":true,"r":true,"sid":5,"t":true,"wp":31.25}},{"k":[22,0,0,18,0],"v":{"b":true,"hs":6,"l":true,"r":true,"sid":5,"t":true,"wp":31.25}},{"k":[21,0,0,19,0],"v":{"b":true,"hs":6,"l":true,"r":true,"sid":5,"t":true,"wp":31.25}},{"k":[20,0,0,20,0],"v":{"b":true,"hs":6,"l":true,"r":true,"sid":5,"t":true,"wp":31.25}},{"k":[24,0,0,16,0],"v":{"b":true,"hs":6,"l":true,"r":true,"sid":5,"t":true,"wp":31.25}},{"k":[19,0,0,18,0],"v":{"b":true,"hs":6,"r":true,"sid":5,"t":true,"wp":31.25}},{"k":[21,0,0,16,0],"v":{"b":true,"hs":6,"l":true,"r":true,"sid":5,"t":true,"wp":31.25}},{"k":[20,0,0,17,0],"v":{"b":true,"hs":6,"l":true,"r":true,"sid":5,"t":true,"wp":31.25}},{"k":[19,0,0,19,0],"v":{"b":true,"hs":6,"r":true,"sid":5,"t":true,"wp":31.25}},{"k":[22,0,0,16,0],"v":{"b":true,"hs":6,"l":true,"r":true,"sid":5,"t":true,"wp":31.25}},{"k":[21,0,0,17,0],"v":{"b":true,"hs":6,"l":true,"r":true,"sid":5,"t":true,"wp":31.25}},{"k":[20,0,0,18,0],"v":{"b":true,"hs":6,"l":true,"r":true,"sid":5,"t":true,"wp":31.25}}],"o":[[19,0,0,32,0],[20,0,0,32,0],[23,0,0,32,0],[24,0,0,32,0],[21,0,0,32,0],[22,0,0,32,0],[28,0,0,15,0],[29,0,0,15,0],[26,0,0,15,0],[27,0,0,15,0],[20,0,0,15,0],[21,0,0,15,0],[19,0,0,15,0],[24,0,0,15,0],[25,0,0,15,0],[22,0,0,15,0],[23,0,0,15,0],[27,0,0,32,0],[28,0,0,32,0],[25,0,0,32,0],[26,0,0,32,0],[29,0,0,32,0]]},"objs":{"list":[{"k":[17,0,0,23,0],"v":{"events":[{"id":2,"name":"Hero touch","p":[],"r":{"1":{"bh":true,"c":[{"command":[7,0,0,6,31,0,0,23,0,0,0],"kind":20}]}},"sys":false}],"hId":-1,"id":2,"name":"OBJ0002","ooepf":false,"states":[{"cam":true,"climb":false,"dir":false,"gid":-1,"gk":0,"id":1,"move":true,"name":"State 1","pix":true,"pos":false,"stop":false,"sx":{"k":12,"v":1},"sy":{"k":12,"v":1},"sz":{"k":12,"v":1},"through":false,"x":0,"y":0}]}},{"k":[17,0,0,24,0],"v":{"events":[{"id":2,"name":"Hero touch","p":[],"r":{"1":{"bh":true,"c":[{"command":[7,0,0,6,31,0,0,23,0,0,0],"kind":20}]}},"sys":false}],"hId":-1,"id":3,"name":"OBJ0002","ooepf":false,"states":[{"cam":true,"climb":false,"dir":false,"gid":-1,"gk":0,"id":1,"move":true,"name":"State 1","pix":true,"pos":false,"stop":false,"sx":{"k":12,"v":1},"sy":{"k":12,"v":1},"sz":{"k":12,"v":1},"through":false,"x":0,"y":0}]}},{"k":[17,0,0,25,0],"v":{"events":[{"id":2,"name":"Hero touch","p":[],"r":{"1":{"bh":true,"c":[{"command":[7,0,0,6,31,0,0,23,0,0,0],"kind":20}]}},"sys":false}],"hId":-1,"id":4,"name":"OBJ0002","ooepf":false,"states":[{"cam":true,"climb":false,"dir":false,"gid":-1,"gk":0,"id":1,"move":true,"name":"State 1","pix":true,"pos":false,"stop":false,"sx":{"k":12,"v":1},"sy":{"k":12,"v":1},"sz":{"k":12,"v":1},"through":false,"x":0,"y":0}]}}]},"objs3d":{"a":[],"o":[]},"sprites":{"list":[{"k":[18,0,0,24,0],"v":{"k":4,"t":[0,2,3,2]}}],"overflow":[],"walls":[]}}