{"lands":{"autotiles":[{"k":[47,5,0,31,0],"v":{"id":1,"t":[4,0],"tid":318}},{"k":[46,5,0,30,0],"v":{"id":1,"t":[4,0],"tid":318}},{"k":[47,5,0,29,0],"v":{"id":1,"t":[4,0],"tid":318}},{"k":[45,5,0,31,0],"v":{"id":1,"t":[4,0],"tid":318}},{"k":[47,5,0,30,0],"v":{"id":1,"t":[4,0],"tid":318}},{"k":[46,5,0,31,0],"v":{"id":1,"t":[4,0],"tid":318}},{"k":[44,5,0,26,0],"v":{"id":1,"t":[4,0],"tid":318}},{"k":[42,5,0,28,0],"v":{"id":1,"t":[4,0],"tid":318}},{"k":[47,5,0,23,0],"v":{"id":1,"t":[4,0],"tid":318}},{"k":[46,5,0,24,0],"v":{"id":1,"t":[4,0],"tid":318}},{"k":[43,5,0,27,0],"v":{"id":1,"t":[4,0],"tid":318}},{"k":[45,5,0,25,0],"v":{"id":1,"t":[4,0],"tid":318}},{"k":[41,5,0,29,0],"v":{"id":1,"t":[4,0],"tid":318}},{"k":[40,5,0,30,0],"v":{"id":1,"t":[4,0],"tid":318}},{"k":[39,5,0,31,0],"v":{"id":1,"t":[4,0],"tid":318}},{"k":[45,5,0,26,0],"v":{"id":1,"t":[4,0],"tid":318}},{"k":[42,5,0,29,0],"v":{"id":1,"t":[4,0],"tid":318}},{"k":[47,5,0,24,0],"v":{"id":1,"t":[4,0],"tid":318}},{"k":[46,5,0,25,0],"v":{"id":1,"t":[4,0],"tid":318}},{"k":[43,5,0,28,0],"v":{"id":1,"t":[4,0],"tid":318}},{"k":[44,5,0,27,0],"v":{"id":1,"t":[4,0],"tid":318}},{"k":[40,5,0,31,0],"v":{"id":1,"t":[4,0],"tid":318}},{"k":[41,5,0,30,0],"v":{"id":1,"t":[4,0],"tid":318}},{"k":[42,5,0,26,0],"v":{"id":1,"t":[4,0],"tid":318}},{"k":[43,5,0,25,0],"v":{"id":1,"t":[4,0],"tid":318}},{"k":[38,5,0,30,0],"v":{"id":1,"t":[4,0],"tid":318}},{"k":[39,5,0,29,0],"v":{"id":1,"t":[4,0],"tid":318}},{"k":[37,5,0,31,0],"v":{"id":1,"t":[4,0],"tid":318}},{"k":[47,5,0,21,0],"v":{"id":1,"t":[4,0],"tid":318}},{"k":[46,5,0,22,0],"v":{"id":1,"t":[4,0],"tid":318}},{"k":[44,5,0,24,0],"v":{"id":1,"t":[4,0],"tid":318}},{"k":[45,5,0,23,0],"v":{"id":1,"t":[4,0],"tid":318}},{"k":[40,5,0,28,0],"v":{"id":1,"t":[4,0],"tid":318}},{"k":[41,5,0,27,0],"v":{"id":1,"t":[4,0],"tid":318}},{"k":[42,5,0,27,0],"v":{"id":1,"t":[4,0],"tid":318}},{"k":[39,5,0,30,0],"v":{"id":1,"t":[4,0],"tid":318}},{"k":[38,5,0,31,0],"v":{"id":1,"t":[4,0],"tid":318}},{"k":[47,5,0,22,0],"v":{"id":1,"t":[4,0],"tid":318}},{"k":[46,5,0,23,0],"v":{"id":1,"t":[4,0],"tid":318}},{"k":[43,5,0,26,0],"v":{"id":1,"t":[4,0],"tid":318}},{"k":[44,5,0,25,0],"v":{"id":1,"t":[4,0],"tid":318}},{"k":[45,5,0,24,0],"v":{"id":1,"t":[4,0],"tid":318}},{"k":[40,5,0,29,0],"v":{"id":1,"t":[4,0],"tid":318}},{"k":[41,5,0,28,0],"v":{"id":1,"t":[4,0],"tid":318}},{"k":[44,5,0,30,0],"v":{"id":1,"t":[4,0],"tid":318}},{"k":[45,5,0,29,0],"v":{"id":1,"t":[4,0],"tid":318}},{"k":[46,5,0,28,0],"v":{"id":1,"t":[4,0],"tid":318}},{"k":[47,5,0,27,0],"v":{"id":1,"t":[4,0],"tid":318}},{"k":[43,5,0,31,0],"v":{"id":1,"t":[4,0],"tid":318}},{"k":[46,5,0,29,0],"v":{"id":1,"t":[4,0],"tid":318}},{"k":[45,5,0,30,0],"v":{"id":1,"t":[4,0],"tid":318}},{"k":[47,5,0,28,0],"v":{"id":1,"t":[4,0],"tid":318}},{"k":[44,5,0,31,0],"v":{"id":1,"t":[4,0],"tid":318}},{"k":[45,5,0,27,0],"v":{"id":1,"t":[4,0],"tid":318}},{"k":[47,5,0,25,0],"v":{"id":1,"t":[4,0],"tid":318}},{"k":[46,5,0,26,0],"v":{"id":1,"t":[4,0],"tid":318}},{"k":[43,5,0,29,0],"v":{"id":1,"t":[4,0],"tid":318}},{"k":[44,5,0,28,0],"v":{"id":1,"t":[4,0],"tid":318}},{"k":[41,5,0,31,0],"v":{"id":1,"t":[4,0],"tid":318}},{"k":[42,5,0,30,0],"v":{"id":1,"t":[4,0],"tid":318}},{"k":[42,5,0,31,0],"v":{"id":1,"t":[4,0],"tid":318}},{"k":[46,5,0,27,0],"v":{"id":1,"t":[4,0],"tid":318}},{"k":[44,5,0,29,0],"v":{"id":1,"t":[4,0],"tid":318}},{"k":[45,5,0,28,0],"v":{"id":1,"t":[4,0],"tid":318}},{"k":[47,5,0,26,0],"v":{"id":1,"t":[4,0],"tid":318}},{"k":[43,5,0,30,0],"v":{"id":1,"t":[4,0],"tid":318}},{"k":[44,5,0,18,0],"v":{"id":1,"t":[4,0],"tid":318}},{"k":[46,5,0,16,0],"v":{"id":1,"t":[4,0],"tid":318}},{"k":[45,5,0,17,0],"v":{"id":1,"t":[4,0],"tid":318}},{"k":[32,5,0,30,0],"v":{"id":1,"t":[4,0],"tid":318}},{"k":[33,5,0,29,0],"v":{"id":1,"t":[4,0],"tid":318}},{"k":[36,5,0,26,0],"v":{"id":1,"t":[4,0],"tid":318}},{"k":[35,5,0,27,0],"v":{"id":1,"t":[4,0],"tid":318}},{"k":[34,5,0,28,0],"v":{"id":1,"t":[4,0],"tid":318}},{"k":[41,5,0,21,0],"v":{"id":1,"t":[4,0],"tid":318}},{"k":[40,5,0,22,0],"v":{"id":1,"t":[4,0],"tid":318}},{"k":[43,5,0,19,0],"v":{"id":1,"t":[4,0],"tid":318}},{"k":[42,5,0,20,0],"v":{"id":1,"t":[4,0],"tid":318}},{"k":[39,5,0,23,0],"v":{"id":1,"t":[4,0],"tid":318}},{"k":[38,5,0,24,0],"v":{"id":1,"t":[4,0],"tid":318}},{"k":[37,5,0,25,0],"v":{"id":1,"t":[4,0],"tid":318}},{"k":[47,5,0,16,0],"v":{"id":1,"t":[4,0],"tid":318}},{"k":[45,5,0,18,0],"v":{"id":1,"t":[4,0],"tid":318}},{"k":[46,5,0,17,0],"v":{"id":1,"t":[4,0],"tid":318}},{"k":[32,5,0,31,0],"v":{"id":1,"t":[4,0],"tid":318}},{"k":[34,5,0,29,0],"v":{"id":1,"t":[4,0],"tid":318}},{"k":[33,5,0,30,0],"v":{"id":1,"t":[4,0],"tid":318}},{"k":[36,5,0,27,0],"v":{"id":1,"t":[4,0],"tid":318}},{"k":[37,5,0,26,0],"v":{"id":1,"t":[4,0],"tid":318}},{"k":[35,5,0,28,0],"v":{"id":1,"t":[4,0],"tid":318}},{"k":[42,5,0,21,0],"v":{"id":1,"t":[4,0],"tid":318}},{"k":[44,5,0,19,0],"v":{"id":1,"t":[4,0],"tid":318}},{"k":[43,5,0,20,0],"v":{"id":1,"t":[4,0],"tid":318}},{"k":[41,5,0,22,0],"v":{"id":1,"t":[4,0],"tid":318}},{"k":[40,5,0,23,0],"v":{"id":1,"t":[4,0],"tid":318}},{"k":[39,5,0,24,0],"v":{"id":1,"t":[4,0],"tid":318}},{"k":[38,5,0,25,0],"v":{"id":1,"t":[4,0],"tid":318}},{"k":[38,5,0,22,0],"v":{"id":1,"t":[4,0],"tid":318}},{"k":[42,5,0,18,0],"v":{"id":1,"t":[4,0],"tid":318}},{"k":[41,5,0,19,0],"v":{"id":1,"t":[4,0],"tid":318}},{"k":[43,5,0,17,0],"v":{"id":1,"t":[4,0],"tid":318}},{"k":[44,5,0,16,0],"v":{"id":1,"t":[4,0],"tid":318}},{"k":[32,5,0,28,0],"v":{"id":1,"t":[4,0],"tid":318}},{"k":[36,5,0,24,0],"v":{"id":1,"t":[4,0],"tid":318}},{"k":[33,5,0,27,0],"v":{"id":1,"t":[4,0],"tid":318}},{"k":[35,5,0,25,0],"v":{"id":1,"t":[4,0],"tid":318}},{"k":[34,5,0,26,0],"v":{"id":1,"t":[4,0],"tid":318}},{"k":[40,5,0,20,0],"v":{"id":1,"t":[4,0],"tid":318}},{"k":[39,5,0,21,0],"v":{"id":1,"t":[4,0],"tid":318}},{"k":[37,5,0,23,0],"v":{"id":1,"t":[4,0],"tid":318}},{"k":[33,5,0,28,0],"v":{"id":1,"t":[4,0],"tid":318}},{"k":[39,5,0,22,0],"v":{"id":1,"t":[4,0],"tid":318}},{"k":[43,5,0,18,0],"v":{"id":1,"t":[4,0],"tid":318}},{"k":[45,5,0,16,0],"v":{"id":1,"t":[4,0],"tid":318}},{"k":[44,5,0,17,0],"v":{"id":1,"t":[4,0],"tid":318}},{"k":[32,5,0,29,0],"v":{"id":1,"t":[4,0],"tid":318}},{"k":[36,5,0,25,0],"v":{"id":1,"t":[4,0],"tid":318}},{"k":[35,5,0,26,0],"v":{"id":1,"t":[4,0],"tid":318}},{"k":[34,5,0,27,0],"v":{"id":1,"t":[4,0],"tid":318}},{"k":[42,5,0,19,0],"v":{"id":1,"t":[4,0],"tid":318}},{"k":[41,5,0,20,0],"v":{"id":1,"t":[4,0],"tid":318}},{"k":[40,5,0,21,0],"v":{"id":1,"t":[4,0],"tid":318}},{"k":[37,5,0,24,0],"v":{"id":1,"t":[4,0],"tid":318}},{"k":[38,5,0,23,0],"v":{"id":1,"t":[4,0],"tid":318}},{"k":[45,5,0,21,0],"v":{"id":1,"t":[4,0],"tid":318}},{"k":[41,5,0,25,0],"v":{"id":1,"t":[4,0],"tid":318}},{"k":[40,5,0,26,0],"v":{"id":1,"t":[4,0],"tid":318}},{"k":[35,5,0,31,0],"v":{"id":1,"t":[4,0],"tid":318}},{"k":[37,5,0,29,0],"v":{"id":1,"t":[4,0],"tid":318}},{"k":[38,5,0,28,0],"v":{"id":1,"t":[4,0],"tid":318}},{"k":[36,5,0,30,0],"v":{"id":1,"t":[4,0],"tid":318}},{"k":[47,5,0,19,0],"v":{"id":1,"t":[4,0],"tid":318}},{"k":[46,5,0,20,0],"v":{"id":1,"t":[4,0],"tid":318}},{"k":[44,5,0,22,0],"v":{"id":1,"t":[4,0],"tid":318}},{"k":[43,5,0,23,0],"v":{"id":1,"t":[4,0],"tid":318}},{"k":[42,5,0,24,0],"v":{"id":1,"t":[4,0],"tid":318}},{"k":[39,5,0,27,0],"v":{"id":1,"t":[4,0],"tid":318}},{"k":[36,5,0,31,0],"v":{"id":1,"t":[4,0],"tid":318}},{"k":[45,5,0,22,0],"v":{"id":1,"t":[4,0],"tid":318}},{"k":[42,5,0,25,0],"v":{"id":1,"t":[4,0],"tid":318}},{"k":[41,5,0,26,0],"v":{"id":1,"t":[4,0],"tid":318}},{"k":[37,5,0,30,0],"v":{"id":1,"t":[4,0],"tid":318}},{"k":[38,5,0,29,0],"v":{"id":1,"t":[4,0],"tid":318}},{"k":[46,5,0,21,0],"v":{"id":1,"t":[4,0],"tid":318}},{"k":[47,5,0,20,0],"v":{"id":1,"t":[4,0],"tid":318}},{"k":[43,5,0,24,0],"v":{"id":1,"t":[4,0],"tid":318}},{"k":[44,5,0,23,0],"v":{"id":1,"t":[4,0],"tid":318}},{"k":[39,5,0,28,0],"v":{"id":1,"t":[4,0],"tid":318}},{"k":[40,5,0,27,0],"v":{"id":1,"t":[4,0],"tid":318}},{"k":[47,5,0,17,0],"v":{"id":1,"t":[4,0],"tid":318}},{"k":[45,5,0,19,0],"v":{"id":1,"t":[4,0],"tid":318}},{"k":[46,5,0,18,0],"v":{"id":1,"t":[4,0],"tid":318}},{"k":[33,5,0,31,0],"v":{"id":1,"t":[4,0],"tid":318}},{"k":[34,5,0,30,0],"v":{"id":1,"t":[4,0],"tid":318}},{"k":[35,5,0,29,0],"v":{"id":1,"t":[4,0],"tid":318}},{"k":[37,5,0,27,0],"v":{"id":1,"t":[4,0],"tid":318}},{"k":[36,5,0,28,0],"v":{"id":1,"t":[4,0],"tid":318}},{"k":[43,5,0,21,0],"v":{"id":1,"t":[4,0],"tid":318}},{"k":[44,5,0,20,0],"v":{"id":1,"t":[4,0],"tid":318}},{"k":[42,5,0,22,0],"v":{"id":1,"t":[4,0],"tid":318}},{"k":[41,5,0,23,0],"v":{"id":1,"t":[4,0],"tid":318}},{"k":[40,5,0,24,0],"v":{"id":1,"t":[4,0],"tid":318}},{"k":[39,5,0,25,0],"v":{"id":1,"t":[4,0],"tid":318}},{"k":[38,5,0,26,0],"v":{"id":1,"t":[4,0],"tid":318}},{"k":[45,5,0,20,0],"v":{"id":1,"t":[4,0],"tid":318}},{"k":[47,5,0,18,0],"v":{"id":1,"t":[4,0],"tid":318}},{"k":[40,5,0,25,0],"v":{"id":1,"t":[4,0],"tid":318}},{"k":[37,5,0,28,0],"v":{"id":1,"t":[4,0],"tid":318}},{"k":[34,5,0,31,0],"v":{"id":1,"t":[4,0],"tid":318}},{"k":[35,5,0,30,0],"v":{"id":1,"t":[4,0],"tid":318}},{"k":[36,5,0,29,0],"v":{"id":1,"t":[4,0],"tid":318}},{"k":[46,5,0,19,0],"v":{"id":1,"t":[4,0],"tid":318}},{"k":[43,5,0,22,0],"v":{"id":1,"t":[4,0],"tid":318}},{"k":[44,5,0,21,0],"v":{"id":1,"t":[4,0],"tid":318}},{"k":[42,5,0,23,0],"v":{"id":1,"t":[4,0],"tid":318}},{"k":[41,5,0,24,0],"v":{"id":1,"t":[4,0],"tid":318}},{"k":[39,5,0,26,0],"v":{"id":1,"t":[4,0],"tid":318}},{"k":[38,5,0,27,0],"v":{"id":1,"t":[4,0],"tid":318}},{"k":[35,5,0,19,0],"v":{"id":1,"t":[4,0],"tid":318}},{"k":[37,5,0,17,0],"v":{"id":1,"t":[4,0],"tid":318}},{"k":[36,5,0,18,0],"v":{"id":1,"t":[4,0],"tid":318}},{"k":[38,5,0,16,0],"v":{"id":1,"t":[4,0],"tid":318}},{"k":[33,5,0,21,0],"v":{"id":1,"t":[4,0],"tid":318}},{"k":[32,5,0,22,0],"v":{"id":1,"t":[4,0],"tid":318}},{"k":[34,5,0,20,0],"v":{"id":1,"t":[4,0],"tid":318}},{"k":[36,5,0,19,0],"v":{"id":1,"t":[4,0],"tid":318}},{"k":[38,5,0,17,0],"v":{"id":1,"t":[4,0],"tid":318}},{"k":[37,5,0,18,0],"v":{"id":1,"t":[4,0],"tid":318}},{"k":[39,5,0,16,0],"v":{"id":1,"t":[4,0],"tid":318}},{"k":[33,5,0,22,0],"v":{"id":1,"t":[4,0],"tid":318}},{"k":[32,5,0,23,0],"v":{"id":1,"t":[4,0],"tid":318}},{"k":[34,5,0,21,0],"v":{"id":1,"t":[4,0],"tid":318}},{"k":[35,5,0,20,0],"v":{"id":1,"t":[4,0],"tid":318}},{"k":[34,5,0,18,0],"v":{"id":1,"t":[4,0],"tid":318}},{"k":[35,5,0,17,0],"v":{"id":1,"t":[4,0],"tid":318}},{"k":[36,5,0,16,0],"v":{"id":1,"t":[4,0],"tid":318}},{"k":[32,5,0,20,0],"v":{"id":1,"t":[4,0],"tid":318}},{"k":[33,5,0,19,0],"v":{"id":1,"t":[4,0],"tid":318}},{"k":[35,5,0,18,0],"v":{"id":1,"t":[4,0],"tid":318}},{"k":[36,5,0,17,0],"v":{"id":1,"t":[4,0],"tid":318}},{"k":[37,5,0,16,0],"v":{"id":1,"t":[4,0],"tid":318}},{"k":[34,5,0,19,0],"v":{"id":1,"t":[4,0],"tid":318}},{"k":[32,5,0,21,0],"v":{"id":1,"t":[4,0],"tid":318}},{"k":[33,5,0,20,0],"v":{"id":1,"t":[4,0],"tid":318}},{"k":[40,5,0,18,0],"v":{"id":1,"t":[4,0],"tid":318}},{"k":[39,5,0,19,0],"v":{"id":1,"t":[4,0],"tid":318}},{"k":[42,5,0,16,0],"v":{"id":1,"t":[4,0],"tid":318}},{"k":[41,5,0,17,0],"v":{"id":1,"t":[4,0],"tid":318}},{"k":[32,5,0,26,0],"v":{"id":1,"t":[4,0],"tid":318}},{"k":[36,5,0,22,0],"v":{"id":1,"t":[4,0],"tid":318}},{"k":[33,5,0,25,0],"v":{"id":1,"t":[4,0],"tid":318}},{"k":[34,5,0,24,0],"v":{"id":1,"t":[4,0],"tid":318}},{"k":[35,5,0,23,0],"v":{"id":1,"t":[4,0],"tid":318}},{"k":[38,5,0,20,0],"v":{"id":1,"t":[4,0],"tid":318}},{"k":[37,5,0,21,0],"v":{"id":1,"t":[4,0],"tid":318}},{"k":[37,5,0,22,0],"v":{"id":1,"t":[4,0],"tid":318}},{"k":[40,5,0,19,0],"v":{"id":1,"t":[4,0],"tid":318}},{"k":[42,5,0,17,0],"v":{"id":1,"t":[4,0],"tid":318}},{"k":[41,5,0,18,0],"v":{"id":1,"t":[4,0],"tid":318}},{"k":[43,5,0,16,0],"v":{"id":1,"t":[4,0],"tid":318}},{"k":[32,5,0,27,0],"v":{"id":1,"t":[4,0],"tid":318}},{"k":[36,5,0,23,0],"v":{"id":1,"t":[4,0],"tid":318}},{"k":[33,5,0,26,0],"v":{"id":1,"t":[4,0],"tid":318}},{"k":[34,5,0,25,0],"v":{"id":1,"t":[4,0],"tid":318}},{"k":[35,5,0,24,0],"v":{"id":1,"t":[4,0],"tid":318}},{"k":[39,5,0,20,0],"v":{"id":1,"t":[4,0],"tid":318}},{"k":[38,5,0,21,0],"v":{"id":1,"t":[4,0],"tid":318}},{"k":[37,5,0,19,0],"v":{"id":1,"t":[4,0],"tid":318}},{"k":[39,5,0,17,0],"v":{"id":1,"t":[4,0],"tid":318}},{"k":[38,5,0,18,0],"v":{"id":1,"t":[4,0],"tid":318}},{"k":[40,5,0,16,0],"v":{"id":1,"t":[4,0],"tid":318}},{"k":[33,5,0,23,0],"v":{"id":1,"t":[4,0],"tid":318}},{"k":[32,5,0,24,0],"v":{"id":1,"t":[4,0],"tid":318}},{"k":[34,5,0,22,0],"v":{"id":1,"t":[4,0],"tid":318}},{"k":[35,5,0,21,0],"v":{"id":1,"t":[4,0],"tid":318}},{"k":[36,5,0,20,0],"v":{"id":1,"t":[4,0],"tid":318}},{"k":[39,5,0,18,0],"v":{"id":1,"t":[4,0],"tid":318}},{"k":[38,5,0,19,0],"v":{"id":1,"t":[4,0],"tid":318}},{"k":[40,5,0,17,0],"v":{"id":1,"t":[4,0],"tid":318}},{"k":[41,5,0,16,0],"v":{"id":1,"t":[4,0],"tid":318}},{"k":[32,5,0,25,0],"v":{"id":1,"t":[4,0],"tid":318}},{"k":[36,5,0,21,0],"v":{"id":1,"t":[4,0],"tid":318}},{"k":[33,5,0,24,0],"v":{"id":1,"t":[4,0],"tid":318}},{"k":[34,5,0,23,0],"v":{"id":1,"t":[4,0],"tid":318}},{"k":[35,5,0,22,0],"v":{"id":1,"t":[4,0],"tid":318}},{"k":[37,5,0,20,0],"v":{"id":1,"t":[4,0],"tid":318}},{"k":[33,5,0,17,0],"v":{"id":1,"t":[4,0],"tid":318}},{"k":[34,5,0,16,0],"v":{"id":1,"t":[4,0],"tid":318}},{"k":[32,5,0,18,0],"v":{"id":1,"t":[4,0],"tid":318}},{"k":[34,5,0,17,0],"v":{"id":1,"t":[4,0],"tid":318}},{"k":[35,5,0,16,0],"v":{"id":1,"t":[4,0],"tid":318}},{"k":[32,5,0,19,0],"v":{"id":1,"t":[4,0],"tid":318}},{"k":[33,5,0,18,0],"v":{"id":1,"t":[4,0],"tid":318}},{"k":[32,5,0,16,0],"v":{"id":1,"t":[4,0],"tid":318}},{"k":[33,5,0,16,0],"v":{"id":1,"t":[4,0],"tid":318}},{"k":[32,5,0,17,0],"v":{"id":1,"t":[4,0],"tid":318}}],"floors":[{"k":[47,0,0,28,0],"v":{"t":[0,0]}},{"k":[46,0,0,29,0],"v":{"t":[0,0]}},{"k":[45,0,0,30,0],"v":{"t":[0,0]}},{"k":[44,0,0,31,0],"v":{"t":[0,0]}},{"k":[47,0,0,29,0],"v":{"t":[0,0]}},{"k":[46,0,0,30,0],"v":{"t":[0,0]}},{"k":[45,0,0,31,0],"v":{"t":[0,0]}},{"k":[47,0,0,26,0],"v":{"t":[0,0]}},{"k":[46,0,0,27,0],"v":{"t":[0,0]}},{"k":[45,0,0,28,0],"v":{"t":[0,0]}},{"k":[44,0,0,29,0],"v":{"t":[0,0]}},{"k":[43,0,0,30,0],"v":{"t":[0,0]}},{"k":[42,0,0,31,0],"v":{"t":[0,0]}},{"k":[47,0,0,27,0],"v":{"t":[0,0]}},{"k":[46,0,0,28,0],"v":{"t":[0,0]}},{"k":[45,0,0,29,0],"v":{"t":[0,0]}},{"k":[44,0,0,30,0],"v":{"t":[0,0]}},{"k":[43,0,0,31,0],"v":{"t":[0,0]}},{"k":[47,0,0,30,0],"v":{"t":[0,0]}},{"k":[46,0,0,31,0],"v":{"t":[0,0]}},{"k":[47,0,0,31,0],"v":{"t":[0,0]}},{"k":[47,0,0,20,0],"v":{"t":[0,0]}},{"k":[46,0,0,21,0],"v":{"t":[0,0]}},{"k":[45,0,0,22,0],"v":{"t":[0,0]}},{"k":[44,0,0,23,0],"v":{"t":[0,0]}},{"k":[43,0,0,24,0],"v":{"t":[0,0]}},{"k":[42,0,0,25,0],"v":{"t":[0,0]}},{"k":[41,0,0,26,0],"v":{"t":[0,0]}},{"k":[40,0,0,27,0],"v":{"t":[0,0]}},{"k":[39,0,0,28,0],"v":{"t":[0,0]}},{"k":[38,0,0,29,0],"v":{"t":[0,0]}},{"k":[37,0,0,30,0],"v":{"t":[0,0]}},{"k":[36,0,0,31,0],"v":{"t":[0,0]}},{"k":[47,0,0,21,0],"v":{"t":[0,0]}},{"k":[46,0,0,22,0],"v":{"t":[0,0]}},{"k":[45,0,0,23,0],"v":{"t":[0,0]}},{"k":[44,0,0,24,0],"v":{"t":[0,0]}},{"k":[43,0,0,25,0],"v":{"t":[0,0]}},{"k":[42,0,0,26,0],"v":{"t":[0,0]}},{"k":[41,0,0,27,0],"v":{"t":[0,0]}},{"k":[40,0,0,28,0],"v":{"t":[0,0]}},{"k":[39,0,0,29,0],"v":{"t":[0,0]}},{"k":[38,0,0,30,0],"v":{"t":[0,0]}},{"k":[37,0,0,31,0],"v":{"t":[0,0]}},{"k":[46,0,0,19,0],"v":{"t":[0,0]}},{"k":[45,0,0,20,0],"v":{"t":[0,0]}},{"k":[44,0,0,21,0],"v":{"t":[0,0]}},{"k":[43,0,0,22,0],"v":{"t":[0,0]}},{"k":[42,0,0,23,0],"v":{"t":[0,0]}},{"k":[41,0,0,24,0],"v":{"t":[0,0]}},{"k":[40,0,0,25,0],"v":{"t":[0,0]}},{"k":[39,0,0,26,0],"v":{"t":[0,0]}},{"k":[38,0,0,27,0],"v":{"t":[0,0]}},{"k":[37,0,0,28,0],"v":{"t":[0,0]}},{"k":[36,0,0,29,0],"v":{"t":[0,0]}},{"k":[35,0,0,30,0],"v":{"t":[0,0]}},{"k":[34,0,0,31,0],"v":{"t":[0,0]}},{"k":[47,0,0,18,0],"v":{"t":[0,0]}},{"k":[47,0,0,19,0],"v":{"t":[0,0]}},{"k":[46,0,0,20,0],"v":{"t":[0,0]}},{"k":[45,0,0,21,0],"v":{"t":[0,0]}},{"k":[44,0,0,22,0],"v":{"t":[0,0]}},{"k":[43,0,0,23,0],"v":{"t":[0,0]}},{"k":[42,0,0,24,0],"v":{"t":[0,0]}},{"k":[41,0,0,25,0],"v":{"t":[0,0]}},{"k":[40,0,0,26,0],"v":{"t":[0,0]}},{"k":[39,0,0,27,0],"v":{"t":[0,0]}},{"k":[38,0,0,28,0],"v":{"t":[0,0]}},{"k":[37,0,0,29,0],"v":{"t":[0,0]}},{"k":[36,0,0,30,0],"v":{"t":[0,0]}},{"k":[35,0,0,31,0],"v":{"t":[0,0]}},{"k":[47,0,0,24,0],"v":{"t":[0,0]}},{"k":[46,0,0,25,0],"v":{"t":[0,0]}},{"k":[45,0,0,26,0],"v":{"t":[0,0]}},{"k":[44,0,0,27,0],"v":{"t":[0,0]}},{"k":[43,0,0,28,0],"v":{"t":[0,0]}},{"k":[42,0,0,29,0],"v":{"t":[0,0]}},{"k":[41,0,0,30,0],"v":{"t":[0,0]}},{"k":[40,0,0,31,0],"v":{"t":[0,0]}},{"k":[47,0,0,25,0],"v":{"t":[0,0]}},{"k":[46,0,0,26,0],"v":{"t":[0,0]}},{"k":[45,0,0,27,0],"v":{"t":[0,0]}},{"k":[44,0,0,28,0],"v":{"t":[0,0]}},{"k":[43,0,0,29,0],"v":{"t":[0,0]}},{"k":[42,0,0,30,0],"v":{"t":[0,0]}},{"k":[41,0,0,31,0],"v":{"t":[0,0]}},{"k":[47,0,0,22,0],"v":{"t":[0,0]}},{"k":[46,0,0,23,0],"v":{"t":[0,0]}},{"k":[45,0,0,24,0],"v":{"t":[0,0]}},{"k":[44,0,0,25,0],"v":{"t":[0,0]}},{"k":[43,0,0,26,0],"v":{"t":[0,0]}},{"k":[42,0,0,27,0],"v":{"t":[0,0]}},{"k":[41,0,0,28,0],"v":{"t":[0,0]}},{"k":[40,0,0,29,0],"v":{"t":[0,0]}},{"k":[39,0,0,30,0],"v":{"t":[0,0]}},{"k":[38,0,0,31,0],"v":{"t":[0,0]}},{"k":[47,0,0,23,0],"v":{"t":[0,0]}},{"k":[46,0,0,24,0],"v":{"t":[0,0]}},{"k":[45,0,0,25,0],"v":{"t":[0,0]}},{"k":[44,0,0,26,0],"v":{"t":[0,0]}},{"k":[43,0,0,27,0],"v":{"t":[0,0]}},{"k":[42,0,0,28,0],"v":{"t":[0,0]}},{"k":[41,0,0,29,0],"v":{"t":[0,0]}},{"k":[40,0,0,30,0],"v":{"t":[0,0]}},{"k":[39,0,0,31,0],"v":{"t":[0,0]}},{"k":[40,0,0,19,0],"v":{"t":[0,0]}},{"k":[39,0,0,20,0],"v":{"t":[0,0]}},{"k":[38,0,0,21,0],"v":{"t":[0,0]}},{"k":[37,0,0,22,0],"v":{"t":[0,0]}},{"k":[36,0,0,23,0],"v":{"t":[0,0]}},{"k":[35,0,0,24,0],"v":{"t":[0,0]}},{"k":[34,0,0,25,0],"v":{"t":[0,0]}},{"k":[33,0,0,26,0],"v":{"t":[0,0]}},{"k":[32,0,0,27,0],"v":{"t":[0,0]}},{"k":[41,0,0,18,0],"v":{"t":[0,0]}},{"k":[42,0,0,17,0],"v":{"t":[0,0]}},{"k":[43,0,0,16,0],"v":{"t":[0,0]}},{"k":[41,0,0,19,0],"v":{"t":[0,0]}},{"k":[40,0,0,20,0],"v":{"t":[0,0]}},{"k":[39,0,0,21,0],"v":{"t":[0,0]}},{"k":[38,0,0,22,0],"v":{"t":[0,0]}},{"k":[37,0,0,23,0],"v":{"t":[0,0]}},{"k":[36,0,0,24,0],"v":{"t":[0,0]}},{"k":[35,0,0,25,0],"v":{"t":[0,0]}},{"k":[34,0,0,26,0],"v":{"t":[0,0]}},{"k":[33,0,0,27,0],"v":{"t":[0,0]}},{"k":[32,0,0,28,0],"v":{"t":[0,0]}},{"k":[42,0,0,18,0],"v":{"t":[0,0]}},{"k":[43,0,0,17,0],"v":{"t":[0,0]}},{"k":[44,0,0,16,0],"v":{"t":[0,0]}},{"k":[38,0,0,19,0],"v":{"t":[0,0]}},{"k":[37,0,0,20,0],"v":{"t":[0,0]}},{"k":[36,0,0,21,0],"v":{"t":[0,0]}},{"k":[35,0,0,22,0],"v":{"t":[0,0]}},{"k":[34,0,0,23,0],"v":{"t":[0,0]}},{"k":[33,0,0,24,0],"v":{"t":[0,0]}},{"k":[32,0,0,25,0],"v":{"t":[0,0]}},{"k":[39,0,0,18,0],"v":{"t":[0,0]}},{"k":[40,0,0,17,0],"v":{"t":[0,0]}},{"k":[41,0,0,16,0],"v":{"t":[0,0]}},{"k":[39,0,0,19,0],"v":{"t":[0,0]}},{"k":[38,0,0,20,0],"v":{"t":[0,0]}},{"k":[37,0,0,21,0],"v":{"t":[0,0]}},{"k":[36,0,0,22,0],"v":{"t":[0,0]}},{"k":[35,0,0,23,0],"v":{"t":[0,0]}},{"k":[34,0,0,24,0],"v":{"t":[0,0]}},{"k":[33,0,0,25,0],"v":{"t":[0,0]}},{"k":[32,0,0,26,0],"v":{"t":[0,0]}},{"k":[40,0,0,18,0],"v":{"t":[0,0]}},{"k":[41,0,0,17,0],"v":{"t":[0,0]}},{"k":[42,0,0,16,0],"v":{"t":[0,0]}},{"k":[44,0,0,19,0],"v":{"t":[0,0]}},{"k":[43,0,0,20,0],"v":{"t":[0,0]}},{"k":[42,0,0,21,0],"v":{"t":[0,0]}},{"k":[41,0,0,22,0],"v":{"t":[0,0]}},{"k":[40,0,0,23,0],"v":{"t":[0,0]}},{"k":[39,0,0,24,0],"v":{"t":[0,0]}},{"k":[38,0,0,25,0],"v":{"t":[0,0]}},{"k":[37,0,0,26,0],"v":{"t":[0,0]}},{"k":[36,0,0,27,0],"v":{"t":[0,0]}},{"k":[35,0,0,28,0],"v":{"t":[0,0]}},{"k":[34,0,0,29,0],"v":{"t":[0,0]}},{"k":[33,0,0,30,0],"v":{"t":[0,0]}},{"k":[32,0,0,31,0],"v":{"t":[0,0]}},{"k":[45,0,0,18,0],"v":{"t":[0,0]}},{"k":[46,0,0,17,0],"v":{"t":[0,0]}},{"k":[47,0,0,16,0],"v":{"t":[0,0]}},{"k":[45,0,0,19,0],"v":{"t":[0,0]}},{"k":[44,0,0,20,0],"v":{"t":[0,0]}},{"k":[43,0,0,21,0],"v":{"t":[0,0]}},{"k":[42,0,0,22,0],"v":{"t":[0,0]}},{"k":[41,0,0,23,0],"v":{"t":[0,0]}},{"k":[40,0,0,24,0],"v":{"t":[0,0]}},{"k":[39,0,0,25,0],"v":{"t":[0,0]}},{"k":[38,0,0,26,0],"v":{"t":[0,0]}},{"k":[37,0,0,27,0],"v":{"t":[0,0]}},{"k":[36,0,0,28,0],"v":{"t":[0,0]}},{"k":[35,0,0,29,0],"v":{"t":[0,0]}},{"k":[34,0,0,30,0],"v":{"t":[0,0]}},{"k":[33,0,0,31,0],"v":{"t":[0,0]}},{"k":[46,0,0,18,0],"v":{"t":[0,0]}},{"k":[47,0,0,17,0],"v":{"t":[0,0]}},{"k":[42,0,0,19,0],"v":{"t":[0,0]}},{"k":[41,0,0,20,0],"v":{"t":[0,0]}},{"k":[40,0,0,21,0],"v":{"t":[0,0]}},{"k":[39,0,0,22,0],"v":{"t":[0,0]}},{"k":[38,0,0,23,0],"v":{"t":[0,0]}},{"k":[37,0,0,24,0],"v":{"t":[0,0]}},{"k":[36,0,0,25,0],"v":{"t":[0,0]}},{"k":[35,0,0,26,0],"v":{"t":[0,0]}},{"k":[34,0,0,27,0],"v":{"t":[0,0]}},{"k":[33,0,0,28,0],"v":{"t":[0,0]}},{"k":[32,0,0,29,0],"v":{"t":[0,0]}},{"k":[43,0,0,18,0],"v":{"t":[0,0]}},{"k":[44,0,0,17,0],"v":{"t":[0,0]}},{"k":[45,0,0,16,0],"v":{"t":[0,0]}},{"k":[43,0,0,19,0],"v":{"t":[0,0]}},{"k":[42,0,0,20,0],"v":{"t":[0,0]}},{"k":[41,0,0,21,0],"v":{"t":[0,0]}},{"k":[40,0,0,22,0],"v":{"t":[0,0]}},{"k":[39,0,0,23,0],"v":{"t":[0,0]}},{"k":[38,0,0,24,0],"v":{"t":[0,0]}},{"k":[37,0,0,25,0],"v":{"t":[0,0]}},{"k":[36,0,0,26,0],"v":{"t":[0,0]}},{"k":[35,0,0,27,0],"v":{"t":[0,0]}},{"k":[34,0,0,28,0],"v":{"t":[0,0]}},{"k":[33,0,0,29,0],"v":{"t":[0,0]}},{"k":[32,0,0,30,0],"v":{"t":[0,0]}},{"k":[44,0,0,18,0],"v":{"t":[0,0]}},{"k":[45,0,0,17,0],"v":{"t":[0,0]}},{"k":[46,0,0,16,0],"v":{"t":[0,0]}},{"k":[32,0,0,19,0],"v":{"t":[0,0]}},{"k":[33,0,0,18,0],"v":{"t":[0,0]}},{"k":[34,0,0,17,0],"v":{"t":[0,0]}},{"k":[35,0,0,16,0],"v":{"t":[0,0]}},{"k":[33,0,0,19,0],"v":{"t":[0,0]}},{"k":[32,0,0,20,0],"v":{"t":[0,0]}},{"k":[34,0,0,18,0],"v":{"t":[0,0]}},{"k":[35,0,0,17,0],"v":{"t":[0,0]}},{"k":[36,0,0,16,0],"v":{"t":[0,0]}},{"k":[32,0,0,17,0],"v":{"t":[0,0]}},{"k":[33,0,0,16,0],"v":{"t":[0,0]}},{"k":[32,0,0,18,0],"v":{"t":[0,0]}},{"k":[33,0,0,17,0],"v":{"t":[0,0]}},{"k":[34,0,0,16,0],"v":{"t":[0,0]}},{"k":[36,0,0,19,0],"v":{"t":[0,0]}},{"k":[35,0,0,20,0],"v":{"t":[0,0]}},{"k":[34,0,0,21,0],"v":{"t":[0,0]}},{"k":[33,0,0,22,0],"v":{"t":[0,0]}},{"k":[32,0,0,23,0],"v":{"t":[0,0]}},{"k":[37,0,0,18,0],"v":{"t":[0,0]}},{"k":[38,0,0,17,0],"v":{"t":[0,0]}},{"k":[39,0,0,16,0],"v":{"t":[0,0]}},{"k":[37,0,0,19,0],"v":{"t":[0,0]}},{"k":[36,0,0,20,0],"v":{"t":[0,0]}},{"k":[35,0,0,21,0],"v":{"t":[0,0]}},{"k":[34,0,0,22,0],"v":{"t":[0,0]}},{"k":[33,0,0,23,0],"v":{"t":[0,0]}},{"k":[32,0,0,24,0],"v":{"t":[0,0]}},{"k":[38,0,0,18,0],"v":{"t":[0,0]}},{"k":[39,0,0,17,0],"v":{"t":[0,0]}},{"k":[40,0,0,16,0],"v":{"t":[0,0]}},{"k":[34,0,0,19,0],"v":{"t":[0,0]}},{"k":[33,0,0,20,0],"v":{"t":[0,0]}},{"k":[32,0,0,21,0],"v":{"t":[0,0]}},{"k":[35,0,0,18,0],"v":{"t":[0,0]}},{"k":[36,0,0,17,0],"v":{"t":[0,0]}},{"k":[37,0,0,16,0],"v":{"t":[0,0]}},{"k":[35,0,0,19,0],"v":{"t":[0,0]}},{"k":[34,0,0,20,0],"v":{"t":[0,0]}},{"k":[33,0,0,21,0],"v":{"t":[0,0]}},{"k":[32,0,0,22,0],"v":{"t":[0,0]}},{"k":[36,0,0,18,0],"v":{"t":[0,0]}},{"k":[37,0,0,17,0],"v":{"t":[0,0]}},{"k":[38,0,0,16,0],"v":{"t":[0,0]}},{"k":[32,0,0,16,0],"v":{"t":[0,0]}}]},"moun":{"a":[],"o":[]},"objs":{"list":[]},"objs3d":{"a":[],"o":[]},"sprites":{"list":[{"k":[40,4,0,22,0],"v":{"f":false,"k":4,"t":[4,5,1,2]}},{"k":[40,4,0,29,0],"v":{"f":false,"k":4,"t":[4,5,1,2]}},{"k":[40,0,0,23,0],"v":{"f":false,"k":4,"t":[2,15,1,1]}},{"k":[36,4,0,24,0],"v":{"f":false,"k":4,"t":[4,5,1,2]}}],"overflow":[],"walls":[]}}