{"lands":{"autotiles":[{"k":[36,5,0,48,0],"v":{"id":1,"t":[4,0],"tid":324}},{"k":[37,5,0,48,0],"v":{"id":1,"t":[4,0],"tid":324}},{"k":[42,5,0,48,0],"v":{"id":1,"t":[4,0],"tid":306}},{"k":[42,5,0,49,0],"v":{"id":1,"t":[4,0],"tid":618}},{"k":[43,5,0,48,0],"v":{"id":1,"t":[4,0],"tid":324}},{"k":[40,5,0,48,0],"v":{"id":1,"t":[4,0],"tid":324}},{"k":[41,5,0,48,0],"v":{"id":1,"t":[4,0],"tid":324}},{"k":[34,5,0,48,0],"v":{"id":1,"t":[4,0],"tid":324}},{"k":[35,5,0,48,0],"v":{"id":1,"t":[4,0],"tid":324}},{"k":[32,5,0,48,0],"v":{"id":1,"t":[4,0],"tid":324}},{"k":[33,5,0,48,0],"v":{"id":1,"t":[4,0],"tid":324}},{"k":[46,5,0,48,0],"v":{"id":1,"t":[4,0],"tid":308}},{"k":[46,5,0,49,0],"v":{"id":1,"t":[4,0],"tid":570}},{"k":[47,5,0,48,0],"v":{"id":1,"t":[4,0],"tid":316}},{"k":[44,5,0,48,0],"v":{"id":1,"t":[4,0],"tid":306}},{"k":[44,5,0,49,0],"v":{"id":1,"t":[4,0],"tid":618}},{"k":[45,5,0,48,0],"v":{"id":1,"t":[4,0],"tid":324}},{"k":[47,5,0,49,0],"v":{"id":1,"t":[4,0],"tid":372}},{"k":[38,5,0,48,0],"v":{"id":1,"t":[4,0],"tid":306}},{"k":[39,5,0,48,0],"v":{"id":1,"t":[4,0],"tid":324}},{"k":[38,5,0,49,0],"v":{"id":1,"t":[4,0],"tid":618}}],"floors":[{"k":[36,0,0,48,0],"v":{"t":[0,0]}},{"k":[35,0,0,49,0],"v":{"t":[0,0]}},{"k":[33,0,0,48,0],"v":{"t":[0,0]}},{"k":[32,0,0,49,0],"v":{"t":[0,0]}},{"k":[34,0,0,48,0],"v":{"t":[0,0]}},{"k":[33,0,0,49,0],"v":{"t":[0,0]}},{"k":[39,0,0,48,0],"v":{"t":[0,0]}},{"k":[38,0,0,49,0],"v":{"t":[0,0]}},{"k":[32,6,0,49,0],"v":{"t":[0,0]}},{"k":[40,0,0,48,0],"v":{"t":[0,0]}},{"k":[39,0,0,49,0],"v":{"t":[0,0]}},{"k":[33,6,0,49,0],"v":{"t":[0,0]}},{"k":[37,0,0,48,0],"v":{"t":[0,0]}},{"k":[36,0,0,49,0],"v":{"t":[0,0]}},{"k":[38,0,0,48,0],"v":{"t":[0,0]}},{"k":[37,0,0,49,0],"v":{"t":[0,0]}},{"k":[32,0,0,48,0],"v":{"t":[0,0]}},{"k":[44,6,0,49,0],"v":{"t":[0,0]}},{"k":[45,6,0,49,0],"v":{"t":[0,0]}},{"k":[42,6,0,49,0],"v":{"t":[0,0]}},{"k":[43,6,0,49,0],"v":{"t":[0,0]}},{"k":[46,6,0,49,0],"v":{"t":[0,0]}},{"k":[47,6,0,49,0],"v":{"t":[0,0]}},{"k":[43,0,0,48,0],"v":{"t":[0,0]}},{"k":[42,0,0,49,0],"v":{"t":[0,0]}},{"k":[36,6,0,49,0],"v":{"t":[0,0]}},{"k":[44,0,0,48,0],"v":{"t":[0,0]}},{"k":[43,0,0,49,0],"v":{"t":[0,0]}},{"k":[37,6,0,49,0],"v":{"t":[0,0]}},{"k":[41,0,0,48,0],"v":{"t":[0,0]}},{"k":[40,0,0,49,0],"v":{"t":[0,0]}},{"k":[34,6,0,49,0],"v":{"t":[0,0]}},{"k":[42,0,0,48,0],"v":{"t":[0,0]}},{"k":[41,0,0,49,0],"v":{"t":[0,0]}},{"k":[35,6,0,49,0],"v":{"t":[0,0]}},{"k":[47,0,0,48,0],"v":{"t":[0,0]}},{"k":[46,0,0,49,0],"v":{"t":[0,0]}},{"k":[40,6,0,49,0],"v":{"t":[0,0]}},{"k":[47,0,0,49,0],"v":{"t":[0,0]}},{"k":[41,6,0,49,0],"v":{"t":[0,0]}},{"k":[45,0,0,48,0],"v":{"t":[0,0]}},{"k":[44,0,0,49,0],"v":{"t":[0,0]}},{"k":[38,6,0,49,0],"v":{"t":[0,0]}},{"k":[46,0,0,48,0],"v":{"t":[0,0]}},{"k":[45,0,0,49,0],"v":{"t":[0,0]}},{"k":[39,6,0,49,0],"v":{"t":[0,0]}},{"k":[35,0,0,48,0],"v":{"t":[0,0]}},{"k":[34,0,0,49,0],"v":{"t":[0,0]}}]},"moun":{"a":[{"k":[35,0,0,49,0],"v":{"hs":6,"l":true,"r":true,"sid":5,"wp":31.25}},{"k":[32,0,0,49,0],"v":{"hs":6,"l":true,"r":true,"sid":5,"wp":31.25}},{"k":[33,0,0,49,0],"v":{"hs":6,"l":true,"r":true,"sid":5,"wp":31.25}},{"k":[38,0,0,49,0],"v":{"hs":6,"l":true,"r":true,"sid":5,"wp":31.25}},{"k":[39,0,0,49,0],"v":{"hs":6,"l":true,"r":true,"sid":5,"wp":31.25}},{"k":[36,0,0,49,0],"v":{"hs":6,"l":true,"r":true,"sid":5,"wp":31.25}},{"k":[37,0,0,49,0],"v":{"hs":6,"l":true,"r":true,"sid":5,"wp":31.25}},{"k":[42,0,0,49,0],"v":{"hs":6,"l":true,"r":true,"sid":5,"wp":31.25}},{"k":[43,0,0,49,0],"v":{"hs":6,"l":true,"r":true,"sid":5,"wp":31.25}},{"k":[40,0,0,49,0],"v":{"hs":6,"l":true,"r":true,"sid":5,"wp":31.25}},{"k":[41,0,0,49,0],"v":{"hs":6,"l":true,"r":true,"sid":5,"wp":31.25}},{"k":[46,0,0,49,0],"v":{"hs":6,"l":true,"r":true,"sid":5,"wp":31.25}},{"k":[47,0,0,49,0],"v":{"hs":6,"l":true,"r":true,"sid":5,"wp":31.25}},{"k":[44,0,0,49,0],"v":{"hs":6,"l":true,"r":true,"sid":5,"wp":31.25}},{"k":[45,0,0,49,0],"v":{"hs":6,"l":true,"r":true,"sid":5,"wp":31.25}},{"k":[34,0,0,49,0],"v":{"hs":6,"l":true,"r":true,"sid":5,"wp":31.25}}],"o":[]},"objs":{"list":[]},"objs3d":{"a":[],"o":[]},"sprites":{"list":[],"overflow":[],"walls":[]}}