{"lands":{"autotiles":[{"k":[47,5,0,47,0],"v":{"id":1,"t":[4,0],"tid":318}},{"k":[47,5,0,45,0],"v":{"id":1,"t":[4,0],"tid":318}},{"k":[45,5,0,47,0],"v":{"id":1,"t":[4,0],"tid":318}},{"k":[46,5,0,46,0],"v":{"id":1,"t":[4,0],"tid":318}},{"k":[46,5,0,47,0],"v":{"id":1,"t":[4,0],"tid":318}},{"k":[47,5,0,46,0],"v":{"id":1,"t":[4,0],"tid":318}},{"k":[42,5,0,44,0],"v":{"id":1,"t":[4,0],"tid":318}},{"k":[41,5,0,45,0],"v":{"id":1,"t":[4,0],"tid":318}},{"k":[40,5,0,46,0],"v":{"id":1,"t":[4,0],"tid":318}},{"k":[39,5,0,47,0],"v":{"id":1,"t":[4,0],"tid":318}},{"k":[43,5,0,43,0],"v":{"id":1,"t":[4,0],"tid":318}},{"k":[44,5,0,42,0],"v":{"id":1,"t":[4,0],"tid":318}},{"k":[45,5,0,41,0],"v":{"id":1,"t":[4,0],"tid":318}},{"k":[46,5,0,40,0],"v":{"id":1,"t":[4,0],"tid":318}},{"k":[47,5,0,39,0],"v":{"id":1,"t":[4,0],"tid":318}},{"k":[46,5,0,41,0],"v":{"id":1,"t":[4,0],"tid":318}},{"k":[43,5,0,44,0],"v":{"id":1,"t":[4,0],"tid":318}},{"k":[42,5,0,45,0],"v":{"id":1,"t":[4,0],"tid":318}},{"k":[41,5,0,46,0],"v":{"id":1,"t":[4,0],"tid":318}},{"k":[40,5,0,47,0],"v":{"id":1,"t":[4,0],"tid":318}},{"k":[44,5,0,43,0],"v":{"id":1,"t":[4,0],"tid":318}},{"k":[45,5,0,42,0],"v":{"id":1,"t":[4,0],"tid":318}},{"k":[47,5,0,40,0],"v":{"id":1,"t":[4,0],"tid":318}},{"k":[39,5,0,45,0],"v":{"id":1,"t":[4,0],"tid":318}},{"k":[40,5,0,44,0],"v":{"id":1,"t":[4,0],"tid":318}},{"k":[37,5,0,47,0],"v":{"id":1,"t":[4,0],"tid":318}},{"k":[38,5,0,46,0],"v":{"id":1,"t":[4,0],"tid":318}},{"k":[42,5,0,42,0],"v":{"id":1,"t":[4,0],"tid":318}},{"k":[43,5,0,41,0],"v":{"id":1,"t":[4,0],"tid":318}},{"k":[41,5,0,43,0],"v":{"id":1,"t":[4,0],"tid":318}},{"k":[45,5,0,39,0],"v":{"id":1,"t":[4,0],"tid":318}},{"k":[44,5,0,40,0],"v":{"id":1,"t":[4,0],"tid":318}},{"k":[47,5,0,37,0],"v":{"id":1,"t":[4,0],"tid":318}},{"k":[46,5,0,38,0],"v":{"id":1,"t":[4,0],"tid":318}},{"k":[44,0,0,45,0],"v":{"id":5,"t":[0,0],"tid":372}},{"k":[39,5,0,46,0],"v":{"id":1,"t":[4,0],"tid":318}},{"k":[41,5,0,44,0],"v":{"id":1,"t":[4,0],"tid":318}},{"k":[40,5,0,45,0],"v":{"id":1,"t":[4,0],"tid":318}},{"k":[38,5,0,47,0],"v":{"id":1,"t":[4,0],"tid":318}},{"k":[43,5,0,42,0],"v":{"id":1,"t":[4,0],"tid":318}},{"k":[44,5,0,41,0],"v":{"id":1,"t":[4,0],"tid":318}},{"k":[42,5,0,43,0],"v":{"id":1,"t":[4,0],"tid":318}},{"k":[46,5,0,39,0],"v":{"id":1,"t":[4,0],"tid":318}},{"k":[45,5,0,40,0],"v":{"id":1,"t":[4,0],"tid":318}},{"k":[47,5,0,38,0],"v":{"id":1,"t":[4,0],"tid":318}},{"k":[43,5,0,47,0],"v":{"id":1,"t":[4,0],"tid":318}},{"k":[44,5,0,46,0],"v":{"id":1,"t":[4,0],"tid":318}},{"k":[46,5,0,44,0],"v":{"id":1,"t":[4,0],"tid":318}},{"k":[45,5,0,45,0],"v":{"id":1,"t":[4,0],"tid":318}},{"k":[47,5,0,43,0],"v":{"id":1,"t":[4,0],"tid":318}},{"k":[44,5,0,47,0],"v":{"id":1,"t":[4,0],"tid":318}},{"k":[45,5,0,46,0],"v":{"id":1,"t":[4,0],"tid":318}},{"k":[46,5,0,45,0],"v":{"id":1,"t":[4,0],"tid":318}},{"k":[47,5,0,44,0],"v":{"id":1,"t":[4,0],"tid":318}},{"k":[44,5,0,44,0],"v":{"id":1,"t":[4,0],"tid":318}},{"k":[43,5,0,45,0],"v":{"id":1,"t":[4,0],"tid":318}},{"k":[42,5,0,46,0],"v":{"id":1,"t":[4,0],"tid":318}},{"k":[41,5,0,47,0],"v":{"id":1,"t":[4,0],"tid":318}},{"k":[47,5,0,41,0],"v":{"id":1,"t":[4,0],"tid":318}},{"k":[45,5,0,43,0],"v":{"id":1,"t":[4,0],"tid":318}},{"k":[46,5,0,42,0],"v":{"id":1,"t":[4,0],"tid":318}},{"k":[44,5,0,45,0],"v":{"id":1,"t":[4,0],"tid":318}},{"k":[43,5,0,46,0],"v":{"id":1,"t":[4,0],"tid":318}},{"k":[42,5,0,47,0],"v":{"id":1,"t":[4,0],"tid":318}},{"k":[47,5,0,42,0],"v":{"id":1,"t":[4,0],"tid":318}},{"k":[45,5,0,44,0],"v":{"id":1,"t":[4,0],"tid":318}},{"k":[46,5,0,43,0],"v":{"id":1,"t":[4,0],"tid":318}},{"k":[32,5,0,46,0],"v":{"id":1,"t":[4,0],"tid":318}},{"k":[34,5,0,44,0],"v":{"id":1,"t":[4,0],"tid":318}},{"k":[33,5,0,45,0],"v":{"id":1,"t":[4,0],"tid":318}},{"k":[35,5,0,43,0],"v":{"id":1,"t":[4,0],"tid":318}},{"k":[36,5,0,42,0],"v":{"id":1,"t":[4,0],"tid":318}},{"k":[39,5,0,39,0],"v":{"id":1,"t":[4,0],"tid":318}},{"k":[38,5,0,40,0],"v":{"id":1,"t":[4,0],"tid":318}},{"k":[37,5,0,41,0],"v":{"id":1,"t":[4,0],"tid":318}},{"k":[40,5,0,38,0],"v":{"id":1,"t":[4,0],"tid":318}},{"k":[42,5,0,36,0],"v":{"id":1,"t":[4,0],"tid":318}},{"k":[41,5,0,37,0],"v":{"id":1,"t":[4,0],"tid":318}},{"k":[43,5,0,35,0],"v":{"id":1,"t":[4,0],"tid":318}},{"k":[44,5,0,34,0],"v":{"id":1,"t":[4,0],"tid":318}},{"k":[45,5,0,33,0],"v":{"id":1,"t":[4,0],"tid":318}},{"k":[46,5,0,32,0],"v":{"id":1,"t":[4,0],"tid":318}},{"k":[39,0,0,44,0],"v":{"id":5,"t":[0,0],"tid":477}},{"k":[42,0,0,41,0],"v":{"id":5,"t":[0,0],"tid":225}},{"k":[40,0,0,43,0],"v":{"id":5,"t":[0,0],"tid":225}},{"k":[41,0,0,42,0],"v":{"id":5,"t":[0,0],"tid":225}},{"k":[32,5,0,47,0],"v":{"id":1,"t":[4,0],"tid":318}},{"k":[35,5,0,44,0],"v":{"id":1,"t":[4,0],"tid":318}},{"k":[33,5,0,46,0],"v":{"id":1,"t":[4,0],"tid":318}},{"k":[34,5,0,45,0],"v":{"id":1,"t":[4,0],"tid":318}},{"k":[36,5,0,43,0],"v":{"id":1,"t":[4,0],"tid":318}},{"k":[37,5,0,42,0],"v":{"id":1,"t":[4,0],"tid":318}},{"k":[40,5,0,39,0],"v":{"id":1,"t":[4,0],"tid":318}},{"k":[39,5,0,40,0],"v":{"id":1,"t":[4,0],"tid":318}},{"k":[38,5,0,41,0],"v":{"id":1,"t":[4,0],"tid":318}},{"k":[41,5,0,38,0],"v":{"id":1,"t":[4,0],"tid":318}},{"k":[42,5,0,37,0],"v":{"id":1,"t":[4,0],"tid":318}},{"k":[43,5,0,36,0],"v":{"id":1,"t":[4,0],"tid":318}},{"k":[44,5,0,35,0],"v":{"id":1,"t":[4,0],"tid":318}},{"k":[45,5,0,34,0],"v":{"id":1,"t":[4,0],"tid":318}},{"k":[47,5,0,32,0],"v":{"id":1,"t":[4,0],"tid":318}},{"k":[46,5,0,33,0],"v":{"id":1,"t":[4,0],"tid":318}},{"k":[40,0,0,44,0],"v":{"id":5,"t":[0,0],"tid":52}},{"k":[43,0,0,41,0],"v":{"id":5,"t":[0,0],"tid":471}},{"k":[42,0,0,42,0],"v":{"id":5,"t":[0,0],"tid":60}},{"k":[41,0,0,43,0],"v":{"id":5,"t":[0,0],"tid":62}},{"k":[41,5,0,35,0],"v":{"id":1,"t":[4,0],"tid":318}},{"k":[33,5,0,43,0],"v":{"id":1,"t":[4,0],"tid":318}},{"k":[36,5,0,40,0],"v":{"id":1,"t":[4,0],"tid":318}},{"k":[32,5,0,44,0],"v":{"id":1,"t":[4,0],"tid":318}},{"k":[34,5,0,42,0],"v":{"id":1,"t":[4,0],"tid":318}},{"k":[38,5,0,38,0],"v":{"id":1,"t":[4,0],"tid":318}},{"k":[37,5,0,39,0],"v":{"id":1,"t":[4,0],"tid":318}},{"k":[35,5,0,41,0],"v":{"id":1,"t":[4,0],"tid":318}},{"k":[39,5,0,37,0],"v":{"id":1,"t":[4,0],"tid":318}},{"k":[40,5,0,36,0],"v":{"id":1,"t":[4,0],"tid":318}},{"k":[42,5,0,34,0],"v":{"id":1,"t":[4,0],"tid":318}},{"k":[43,5,0,33,0],"v":{"id":1,"t":[4,0],"tid":318}},{"k":[44,5,0,32,0],"v":{"id":1,"t":[4,0],"tid":318}},{"k":[37,0,0,44,0],"v":{"id":5,"t":[0,0],"tid":477}},{"k":[34,5,0,43,0],"v":{"id":1,"t":[4,0],"tid":318}},{"k":[33,5,0,44,0],"v":{"id":1,"t":[4,0],"tid":318}},{"k":[32,5,0,45,0],"v":{"id":1,"t":[4,0],"tid":318}},{"k":[35,5,0,42,0],"v":{"id":1,"t":[4,0],"tid":318}},{"k":[38,5,0,39,0],"v":{"id":1,"t":[4,0],"tid":318}},{"k":[37,5,0,40,0],"v":{"id":1,"t":[4,0],"tid":318}},{"k":[36,5,0,41,0],"v":{"id":1,"t":[4,0],"tid":318}},{"k":[39,5,0,38,0],"v":{"id":1,"t":[4,0],"tid":318}},{"k":[40,5,0,37,0],"v":{"id":1,"t":[4,0],"tid":318}},{"k":[41,5,0,36,0],"v":{"id":1,"t":[4,0],"tid":318}},{"k":[42,5,0,35,0],"v":{"id":1,"t":[4,0],"tid":318}},{"k":[43,5,0,34,0],"v":{"id":1,"t":[4,0],"tid":318}},{"k":[44,5,0,33,0],"v":{"id":1,"t":[4,0],"tid":318}},{"k":[45,5,0,32,0],"v":{"id":1,"t":[4,0],"tid":318}},{"k":[38,0,0,44,0],"v":{"id":5,"t":[0,0],"tid":477}},{"k":[42,5,0,40,0],"v":{"id":1,"t":[4,0],"tid":318}},{"k":[38,5,0,44,0],"v":{"id":1,"t":[4,0],"tid":318}},{"k":[35,5,0,47,0],"v":{"id":1,"t":[4,0],"tid":318}},{"k":[36,5,0,46,0],"v":{"id":1,"t":[4,0],"tid":318}},{"k":[37,5,0,45,0],"v":{"id":1,"t":[4,0],"tid":318}},{"k":[41,5,0,41,0],"v":{"id":1,"t":[4,0],"tid":318}},{"k":[40,5,0,42,0],"v":{"id":1,"t":[4,0],"tid":318}},{"k":[39,5,0,43,0],"v":{"id":1,"t":[4,0],"tid":318}},{"k":[43,5,0,39,0],"v":{"id":1,"t":[4,0],"tid":318}},{"k":[44,5,0,38,0],"v":{"id":1,"t":[4,0],"tid":318}},{"k":[45,5,0,37,0],"v":{"id":1,"t":[4,0],"tid":318}},{"k":[46,5,0,36,0],"v":{"id":1,"t":[4,0],"tid":318}},{"k":[47,5,0,35,0],"v":{"id":1,"t":[4,0],"tid":318}},{"k":[46,0,0,41,0],"v":{"id":5,"t":[0,0],"tid":316}},{"k":[43,0,0,44,0],"v":{"id":5,"t":[0,0],"tid":471}},{"k":[44,0,0,43,0],"v":{"id":5,"t":[0,0],"tid":582}},{"k":[42,0,0,45,0],"v":{"id":5,"t":[0,0],"tid":324}},{"k":[45,0,0,42,0],"v":{"id":5,"t":[0,0],"tid":316}},{"k":[47,0,0,40,0],"v":{"id":5,"t":[0,0],"tid":471}},{"k":[43,5,0,40,0],"v":{"id":1,"t":[4,0],"tid":318}},{"k":[39,5,0,44,0],"v":{"id":1,"t":[4,0],"tid":318}},{"k":[36,5,0,47,0],"v":{"id":1,"t":[4,0],"tid":318}},{"k":[38,5,0,45,0],"v":{"id":1,"t":[4,0],"tid":318}},{"k":[37,5,0,46,0],"v":{"id":1,"t":[4,0],"tid":318}},{"k":[42,5,0,41,0],"v":{"id":1,"t":[4,0],"tid":318}},{"k":[41,5,0,42,0],"v":{"id":1,"t":[4,0],"tid":318}},{"k":[40,5,0,43,0],"v":{"id":1,"t":[4,0],"tid":318}},{"k":[44,5,0,39,0],"v":{"id":1,"t":[4,0],"tid":318}},{"k":[45,5,0,38,0],"v":{"id":1,"t":[4,0],"tid":318}},{"k":[46,5,0,37,0],"v":{"id":1,"t":[4,0],"tid":318}},{"k":[47,5,0,36,0],"v":{"id":1,"t":[4,0],"tid":318}},{"k":[47,0,0,41,0],"v":{"id":5,"t":[0,0],"tid":324}},{"k":[44,0,0,44,0],"v":{"id":5,"t":[0,0],"tid":114}},{"k":[43,0,0,45,0],"v":{"id":5,"t":[0,0],"tid":324}},{"k":[46,0,0,42,0],"v":{"id":5,"t":[0,0],"tid":372}},{"k":[45,0,0,43,0],"v":{"id":5,"t":[0,0],"tid":372}},{"k":[33,5,0,47,0],"v":{"id":1,"t":[4,0],"tid":318}},{"k":[40,5,0,40,0],"v":{"id":1,"t":[4,0],"tid":318}},{"k":[36,5,0,44,0],"v":{"id":1,"t":[4,0],"tid":318}},{"k":[34,5,0,46,0],"v":{"id":1,"t":[4,0],"tid":318}},{"k":[35,5,0,45,0],"v":{"id":1,"t":[4,0],"tid":318}},{"k":[37,5,0,43,0],"v":{"id":1,"t":[4,0],"tid":318}},{"k":[41,5,0,39,0],"v":{"id":1,"t":[4,0],"tid":318}},{"k":[39,5,0,41,0],"v":{"id":1,"t":[4,0],"tid":318}},{"k":[38,5,0,42,0],"v":{"id":1,"t":[4,0],"tid":318}},{"k":[42,5,0,38,0],"v":{"id":1,"t":[4,0],"tid":318}},{"k":[43,5,0,37,0],"v":{"id":1,"t":[4,0],"tid":318}},{"k":[44,5,0,36,0],"v":{"id":1,"t":[4,0],"tid":318}},{"k":[45,5,0,35,0],"v":{"id":1,"t":[4,0],"tid":318}},{"k":[46,5,0,34,0],"v":{"id":1,"t":[4,0],"tid":318}},{"k":[47,5,0,33,0],"v":{"id":1,"t":[4,0],"tid":318}},{"k":[44,0,0,41,0],"v":{"id":5,"t":[0,0],"tid":471}},{"k":[41,0,0,44,0],"v":{"id":5,"t":[0,0],"tid":318}},{"k":[43,0,0,42,0],"v":{"id":5,"t":[0,0],"tid":324}},{"k":[42,0,0,43,0],"v":{"id":5,"t":[0,0],"tid":370}},{"k":[40,0,0,45,0],"v":{"id":5,"t":[0,0],"tid":570}},{"k":[45,0,0,40,0],"v":{"id":5,"t":[0,0],"tid":225}},{"k":[41,5,0,40,0],"v":{"id":1,"t":[4,0],"tid":318}},{"k":[37,5,0,44,0],"v":{"id":1,"t":[4,0],"tid":318}},{"k":[34,5,0,47,0],"v":{"id":1,"t":[4,0],"tid":318}},{"k":[35,5,0,46,0],"v":{"id":1,"t":[4,0],"tid":318}},{"k":[36,5,0,45,0],"v":{"id":1,"t":[4,0],"tid":318}},{"k":[40,5,0,41,0],"v":{"id":1,"t":[4,0],"tid":318}},{"k":[38,5,0,43,0],"v":{"id":1,"t":[4,0],"tid":318}},{"k":[42,5,0,39,0],"v":{"id":1,"t":[4,0],"tid":318}},{"k":[39,5,0,42,0],"v":{"id":1,"t":[4,0],"tid":318}},{"k":[43,5,0,38,0],"v":{"id":1,"t":[4,0],"tid":318}},{"k":[44,5,0,37,0],"v":{"id":1,"t":[4,0],"tid":318}},{"k":[45,5,0,36,0],"v":{"id":1,"t":[4,0],"tid":318}},{"k":[46,5,0,35,0],"v":{"id":1,"t":[4,0],"tid":318}},{"k":[47,5,0,34,0],"v":{"id":1,"t":[4,0],"tid":318}},{"k":[45,0,0,41,0],"v":{"id":5,"t":[0,0],"tid":62}},{"k":[42,0,0,44,0],"v":{"id":5,"t":[0,0],"tid":268}},{"k":[44,0,0,42,0],"v":{"id":5,"t":[0,0],"tid":308}},{"k":[41,0,0,45,0],"v":{"id":5,"t":[0,0],"tid":324}},{"k":[46,0,0,40,0],"v":{"id":5,"t":[0,0],"tid":471}},{"k":[32,5,0,38,0],"v":{"id":1,"t":[4,0],"tid":318}},{"k":[38,5,0,32,0],"v":{"id":1,"t":[4,0],"tid":318}},{"k":[37,5,0,33,0],"v":{"id":1,"t":[4,0],"tid":318}},{"k":[33,5,0,37,0],"v":{"id":1,"t":[4,0],"tid":318}},{"k":[34,5,0,36,0],"v":{"id":1,"t":[4,0],"tid":318}},{"k":[35,5,0,35,0],"v":{"id":1,"t":[4,0],"tid":318}},{"k":[36,5,0,34,0],"v":{"id":1,"t":[4,0],"tid":318}},{"k":[32,5,0,39,0],"v":{"id":1,"t":[4,0],"tid":318}},{"k":[34,5,0,37,0],"v":{"id":1,"t":[4,0],"tid":318}},{"k":[33,5,0,38,0],"v":{"id":1,"t":[4,0],"tid":318}},{"k":[35,5,0,36,0],"v":{"id":1,"t":[4,0],"tid":318}},{"k":[36,5,0,35,0],"v":{"id":1,"t":[4,0],"tid":318}},{"k":[38,5,0,33,0],"v":{"id":1,"t":[4,0],"tid":318}},{"k":[37,5,0,34,0],"v":{"id":1,"t":[4,0],"tid":318}},{"k":[39,5,0,32,0],"v":{"id":1,"t":[4,0],"tid":318}},{"k":[32,0,0,44,0],"v":{"id":5,"t":[0,0],"tid":477}},{"k":[32,5,0,36,0],"v":{"id":1,"t":[4,0],"tid":318}},{"k":[33,5,0,35,0],"v":{"id":1,"t":[4,0],"tid":318}},{"k":[34,5,0,34,0],"v":{"id":1,"t":[4,0],"tid":318}},{"k":[35,5,0,33,0],"v":{"id":1,"t":[4,0],"tid":318}},{"k":[36,5,0,32,0],"v":{"id":1,"t":[4,0],"tid":318}},{"k":[33,5,0,36,0],"v":{"id":1,"t":[4,0],"tid":318}},{"k":[32,5,0,37,0],"v":{"id":1,"t":[4,0],"tid":318}},{"k":[34,5,0,35,0],"v":{"id":1,"t":[4,0],"tid":318}},{"k":[35,5,0,34,0],"v":{"id":1,"t":[4,0],"tid":318}},{"k":[36,5,0,33,0],"v":{"id":1,"t":[4,0],"tid":318}},{"k":[37,5,0,32,0],"v":{"id":1,"t":[4,0],"tid":318}},{"k":[38,5,0,36,0],"v":{"id":1,"t":[4,0],"tid":318}},{"k":[32,5,0,42,0],"v":{"id":1,"t":[4,0],"tid":318}},{"k":[33,5,0,41,0],"v":{"id":1,"t":[4,0],"tid":318}},{"k":[35,5,0,39,0],"v":{"id":1,"t":[4,0],"tid":318}},{"k":[34,5,0,40,0],"v":{"id":1,"t":[4,0],"tid":318}},{"k":[36,5,0,38,0],"v":{"id":1,"t":[4,0],"tid":318}},{"k":[37,5,0,37,0],"v":{"id":1,"t":[4,0],"tid":318}},{"k":[39,5,0,35,0],"v":{"id":1,"t":[4,0],"tid":318}},{"k":[40,5,0,34,0],"v":{"id":1,"t":[4,0],"tid":318}},{"k":[42,5,0,32,0],"v":{"id":1,"t":[4,0],"tid":318}},{"k":[41,5,0,33,0],"v":{"id":1,"t":[4,0],"tid":318}},{"k":[35,0,0,44,0],"v":{"id":5,"t":[0,0],"tid":477}},{"k":[35,5,0,40,0],"v":{"id":1,"t":[4,0],"tid":318}},{"k":[32,5,0,43,0],"v":{"id":1,"t":[4,0],"tid":318}},{"k":[33,5,0,42,0],"v":{"id":1,"t":[4,0],"tid":318}},{"k":[34,5,0,41,0],"v":{"id":1,"t":[4,0],"tid":318}},{"k":[38,5,0,37,0],"v":{"id":1,"t":[4,0],"tid":318}},{"k":[37,5,0,38,0],"v":{"id":1,"t":[4,0],"tid":318}},{"k":[36,5,0,39,0],"v":{"id":1,"t":[4,0],"tid":318}},{"k":[40,5,0,35,0],"v":{"id":1,"t":[4,0],"tid":318}},{"k":[39,5,0,36,0],"v":{"id":1,"t":[4,0],"tid":318}},{"k":[41,5,0,34,0],"v":{"id":1,"t":[4,0],"tid":318}},{"k":[42,5,0,33,0],"v":{"id":1,"t":[4,0],"tid":318}},{"k":[43,5,0,32,0],"v":{"id":1,"t":[4,0],"tid":318}},{"k":[36,0,0,44,0],"v":{"id":5,"t":[0,0],"tid":477}},{"k":[32,5,0,40,0],"v":{"id":1,"t":[4,0],"tid":318}},{"k":[37,5,0,35,0],"v":{"id":1,"t":[4,0],"tid":318}},{"k":[34,5,0,38,0],"v":{"id":1,"t":[4,0],"tid":318}},{"k":[33,5,0,39,0],"v":{"id":1,"t":[4,0],"tid":318}},{"k":[35,5,0,37,0],"v":{"id":1,"t":[4,0],"tid":318}},{"k":[36,5,0,36,0],"v":{"id":1,"t":[4,0],"tid":318}},{"k":[38,5,0,34,0],"v":{"id":1,"t":[4,0],"tid":318}},{"k":[39,5,0,33,0],"v":{"id":1,"t":[4,0],"tid":318}},{"k":[40,5,0,32,0],"v":{"id":1,"t":[4,0],"tid":318}},{"k":[33,0,0,44,0],"v":{"id":5,"t":[0,0],"tid":477}},{"k":[38,5,0,35,0],"v":{"id":1,"t":[4,0],"tid":318}},{"k":[32,5,0,41,0],"v":{"id":1,"t":[4,0],"tid":318}},{"k":[34,5,0,39,0],"v":{"id":1,"t":[4,0],"tid":318}},{"k":[33,5,0,40,0],"v":{"id":1,"t":[4,0],"tid":318}},{"k":[35,5,0,38,0],"v":{"id":1,"t":[4,0],"tid":318}},{"k":[36,5,0,37,0],"v":{"id":1,"t":[4,0],"tid":318}},{"k":[37,5,0,36,0],"v":{"id":1,"t":[4,0],"tid":318}},{"k":[39,5,0,34,0],"v":{"id":1,"t":[4,0],"tid":318}},{"k":[40,5,0,33,0],"v":{"id":1,"t":[4,0],"tid":318}},{"k":[41,5,0,32,0],"v":{"id":1,"t":[4,0],"tid":318}},{"k":[34,0,0,44,0],"v":{"id":5,"t":[0,0],"tid":477}},{"k":[32,5,0,34,0],"v":{"id":1,"t":[4,0],"tid":318}},{"k":[33,5,0,33,0],"v":{"id":1,"t":[4,0],"tid":318}},{"k":[34,5,0,32,0],"v":{"id":1,"t":[4,0],"tid":318}},{"k":[32,5,0,35,0],"v":{"id":1,"t":[4,0],"tid":318}},{"k":[33,5,0,34,0],"v":{"id":1,"t":[4,0],"tid":318}},{"k":[34,5,0,33,0],"v":{"id":1,"t":[4,0],"tid":318}},{"k":[35,5,0,32,0],"v":{"id":1,"t":[4,0],"tid":318}},{"k":[32,5,0,32,0],"v":{"id":1,"t":[4,0],"tid":318}},{"k":[32,5,0,33,0],"v":{"id":1,"t":[4,0],"tid":318}},{"k":[33,5,0,32,0],"v":{"id":1,"t":[4,0],"tid":318}}],"floors":[{"k":[47,0,0,44,0],"v":{"t":[0,0]}},{"k":[46,0,0,45,0],"v":{"t":[0,0]}},{"k":[45,0,0,46,0],"v":{"t":[0,0]}},{"k":[44,0,0,47,0],"v":{"t":[0,0]}},{"k":[47,0,0,45,0],"v":{"t":[0,0]}},{"k":[46,0,0,46,0],"v":{"t":[0,0]}},{"k":[45,0,0,47,0],"v":{"t":[0,0]}},{"k":[47,0,0,42,0],"v":{"t":[0,0]}},{"k":[46,0,0,43,0],"v":{"t":[0,0]}},{"k":[45,0,0,44,0],"v":{"t":[0,0]}},{"k":[43,0,0,46,0],"v":{"t":[0,0]}},{"k":[42,0,0,47,0],"v":{"t":[0,0]}},{"k":[47,0,0,43,0],"v":{"t":[0,0]}},{"k":[46,0,0,44,0],"v":{"t":[0,0]}},{"k":[45,0,0,45,0],"v":{"t":[0,0]}},{"k":[44,0,0,46,0],"v":{"t":[0,0]}},{"k":[43,0,0,47,0],"v":{"t":[0,0]}},{"k":[47,0,0,46,0],"v":{"t":[0,0]}},{"k":[46,0,0,47,0],"v":{"t":[0,0]}},{"k":[47,0,0,47,0],"v":{"t":[0,0]}},{"k":[47,0,0,36,0],"v":{"t":[0,0]}},{"k":[46,0,0,37,0],"v":{"t":[0,0]}},{"k":[45,0,0,38,0],"v":{"t":[0,0]}},{"k":[44,0,0,39,0],"v":{"t":[0,0]}},{"k":[43,0,0,40,0],"v":{"t":[0,0]}},{"k":[38,0,0,45,0],"v":{"t":[0,0]}},{"k":[37,0,0,46,0],"v":{"t":[0,0]}},{"k":[36,0,0,47,0],"v":{"t":[0,0]}},{"k":[47,0,0,37,0],"v":{"t":[0,0]}},{"k":[46,0,0,38,0],"v":{"t":[0,0]}},{"k":[45,0,0,39,0],"v":{"t":[0,0]}},{"k":[44,0,0,40,0],"v":{"t":[0,0]}},{"k":[39,0,0,45,0],"v":{"t":[0,0]}},{"k":[38,0,0,46,0],"v":{"t":[0,0]}},{"k":[37,0,0,47,0],"v":{"t":[0,0]}},{"k":[47,0,0,34,0],"v":{"t":[0,0]}},{"k":[46,0,0,35,0],"v":{"t":[0,0]}},{"k":[45,0,0,36,0],"v":{"t":[0,0]}},{"k":[44,0,0,37,0],"v":{"t":[0,0]}},{"k":[43,0,0,38,0],"v":{"t":[0,0]}},{"k":[42,0,0,39,0],"v":{"t":[0,0]}},{"k":[41,0,0,40,0],"v":{"t":[0,0]}},{"k":[40,0,0,41,0],"v":{"t":[0,0]}},{"k":[39,0,0,42,0],"v":{"t":[0,0]}},{"k":[38,0,0,43,0],"v":{"t":[0,0]}},{"k":[36,0,0,45,0],"v":{"t":[0,0]}},{"k":[35,0,0,46,0],"v":{"t":[0,0]}},{"k":[34,0,0,47,0],"v":{"t":[0,0]}},{"k":[47,0,0,35,0],"v":{"t":[0,0]}},{"k":[46,0,0,36,0],"v":{"t":[0,0]}},{"k":[45,0,0,37,0],"v":{"t":[0,0]}},{"k":[44,0,0,38,0],"v":{"t":[0,0]}},{"k":[43,0,0,39,0],"v":{"t":[0,0]}},{"k":[42,0,0,40,0],"v":{"t":[0,0]}},{"k":[41,0,0,41,0],"v":{"t":[0,0]}},{"k":[40,0,0,42,0],"v":{"t":[0,0]}},{"k":[39,0,0,43,0],"v":{"t":[0,0]}},{"k":[37,0,0,45,0],"v":{"t":[0,0]}},{"k":[36,0,0,46,0],"v":{"t":[0,0]}},{"k":[35,0,0,47,0],"v":{"t":[0,0]}},{"k":[41,0,0,46,0],"v":{"t":[0,0]}},{"k":[40,0,0,47,0],"v":{"t":[0,0]}},{"k":[42,0,0,46,0],"v":{"t":[0,0]}},{"k":[41,0,0,47,0],"v":{"t":[0,0]}},{"k":[47,0,0,38,0],"v":{"t":[0,0]}},{"k":[46,0,0,39,0],"v":{"t":[0,0]}},{"k":[39,0,0,46,0],"v":{"t":[0,0]}},{"k":[38,0,0,47,0],"v":{"t":[0,0]}},{"k":[47,0,0,39,0],"v":{"t":[0,0]}},{"k":[40,0,0,46,0],"v":{"t":[0,0]}},{"k":[39,0,0,47,0],"v":{"t":[0,0]}},{"k":[43,0,0,43,0],"v":{"t":[0,0]}},{"k":[43,0,0,32,0],"v":{"t":[0,0]}},{"k":[42,0,0,33,0],"v":{"t":[0,0]}},{"k":[41,0,0,34,0],"v":{"t":[0,0]}},{"k":[40,0,0,35,0],"v":{"t":[0,0]}},{"k":[39,0,0,36,0],"v":{"t":[0,0]}},{"k":[38,0,0,37,0],"v":{"t":[0,0]}},{"k":[37,0,0,38,0],"v":{"t":[0,0]}},{"k":[36,0,0,39,0],"v":{"t":[0,0]}},{"k":[35,0,0,40,0],"v":{"t":[0,0]}},{"k":[34,0,0,41,0],"v":{"t":[0,0]}},{"k":[33,0,0,42,0],"v":{"t":[0,0]}},{"k":[32,0,0,43,0],"v":{"t":[0,0]}},{"k":[44,0,0,32,0],"v":{"t":[0,0]}},{"k":[43,0,0,33,0],"v":{"t":[0,0]}},{"k":[42,0,0,34,0],"v":{"t":[0,0]}},{"k":[41,0,0,35,0],"v":{"t":[0,0]}},{"k":[40,0,0,36,0],"v":{"t":[0,0]}},{"k":[39,0,0,37,0],"v":{"t":[0,0]}},{"k":[38,0,0,38,0],"v":{"t":[0,0]}},{"k":[37,0,0,39,0],"v":{"t":[0,0]}},{"k":[36,0,0,40,0],"v":{"t":[0,0]}},{"k":[35,0,0,41,0],"v":{"t":[0,0]}},{"k":[34,0,0,42,0],"v":{"t":[0,0]}},{"k":[33,0,0,43,0],"v":{"t":[0,0]}},{"k":[41,0,0,32,0],"v":{"t":[0,0]}},{"k":[40,0,0,33,0],"v":{"t":[0,0]}},{"k":[39,0,0,34,0],"v":{"t":[0,0]}},{"k":[38,0,0,35,0],"v":{"t":[0,0]}},{"k":[37,0,0,36,0],"v":{"t":[0,0]}},{"k":[36,0,0,37,0],"v":{"t":[0,0]}},{"k":[35,0,0,38,0],"v":{"t":[0,0]}},{"k":[34,0,0,39,0],"v":{"t":[0,0]}},{"k":[33,0,0,40,0],"v":{"t":[0,0]}},{"k":[32,0,0,41,0],"v":{"t":[0,0]}},{"k":[42,0,0,32,0],"v":{"t":[0,0]}},{"k":[41,0,0,33,0],"v":{"t":[0,0]}},{"k":[40,0,0,34,0],"v":{"t":[0,0]}},{"k":[39,0,0,35,0],"v":{"t":[0,0]}},{"k":[38,0,0,36,0],"v":{"t":[0,0]}},{"k":[37,0,0,37,0],"v":{"t":[0,0]}},{"k":[36,0,0,38,0],"v":{"t":[0,0]}},{"k":[35,0,0,39,0],"v":{"t":[0,0]}},{"k":[34,0,0,40,0],"v":{"t":[0,0]}},{"k":[33,0,0,41,0],"v":{"t":[0,0]}},{"k":[32,0,0,42,0],"v":{"t":[0,0]}},{"k":[47,0,0,32,0],"v":{"t":[0,0]}},{"k":[46,0,0,33,0],"v":{"t":[0,0]}},{"k":[45,0,0,34,0],"v":{"t":[0,0]}},{"k":[44,0,0,35,0],"v":{"t":[0,0]}},{"k":[43,0,0,36,0],"v":{"t":[0,0]}},{"k":[42,0,0,37,0],"v":{"t":[0,0]}},{"k":[41,0,0,38,0],"v":{"t":[0,0]}},{"k":[40,0,0,39,0],"v":{"t":[0,0]}},{"k":[39,0,0,40,0],"v":{"t":[0,0]}},{"k":[38,0,0,41,0],"v":{"t":[0,0]}},{"k":[37,0,0,42,0],"v":{"t":[0,0]}},{"k":[36,0,0,43,0],"v":{"t":[0,0]}},{"k":[34,0,0,45,0],"v":{"t":[0,0]}},{"k":[33,0,0,46,0],"v":{"t":[0,0]}},{"k":[32,0,0,47,0],"v":{"t":[0,0]}},{"k":[47,0,0,33,0],"v":{"t":[0,0]}},{"k":[46,0,0,34,0],"v":{"t":[0,0]}},{"k":[45,0,0,35,0],"v":{"t":[0,0]}},{"k":[44,0,0,36,0],"v":{"t":[0,0]}},{"k":[43,0,0,37,0],"v":{"t":[0,0]}},{"k":[42,0,0,38,0],"v":{"t":[0,0]}},{"k":[41,0,0,39,0],"v":{"t":[0,0]}},{"k":[40,0,0,40,0],"v":{"t":[0,0]}},{"k":[39,0,0,41,0],"v":{"t":[0,0]}},{"k":[38,0,0,42,0],"v":{"t":[0,0]}},{"k":[37,0,0,43,0],"v":{"t":[0,0]}},{"k":[35,0,0,45,0],"v":{"t":[0,0]}},{"k":[34,0,0,46,0],"v":{"t":[0,0]}},{"k":[33,0,0,47,0],"v":{"t":[0,0]}},{"k":[45,0,0,32,0],"v":{"t":[0,0]}},{"k":[44,0,0,33,0],"v":{"t":[0,0]}},{"k":[43,0,0,34,0],"v":{"t":[0,0]}},{"k":[42,0,0,35,0],"v":{"t":[0,0]}},{"k":[41,0,0,36,0],"v":{"t":[0,0]}},{"k":[40,0,0,37,0],"v":{"t":[0,0]}},{"k":[39,0,0,38,0],"v":{"t":[0,0]}},{"k":[38,0,0,39,0],"v":{"t":[0,0]}},{"k":[37,0,0,40,0],"v":{"t":[0,0]}},{"k":[36,0,0,41,0],"v":{"t":[0,0]}},{"k":[35,0,0,42,0],"v":{"t":[0,0]}},{"k":[34,0,0,43,0],"v":{"t":[0,0]}},{"k":[32,0,0,45,0],"v":{"t":[0,0]}},{"k":[46,0,0,32,0],"v":{"t":[0,0]}},{"k":[45,0,0,33,0],"v":{"t":[0,0]}},{"k":[44,0,0,34,0],"v":{"t":[0,0]}},{"k":[43,0,0,35,0],"v":{"t":[0,0]}},{"k":[42,0,0,36,0],"v":{"t":[0,0]}},{"k":[41,0,0,37,0],"v":{"t":[0,0]}},{"k":[40,0,0,38,0],"v":{"t":[0,0]}},{"k":[39,0,0,39,0],"v":{"t":[0,0]}},{"k":[38,0,0,40,0],"v":{"t":[0,0]}},{"k":[37,0,0,41,0],"v":{"t":[0,0]}},{"k":[36,0,0,42,0],"v":{"t":[0,0]}},{"k":[35,0,0,43,0],"v":{"t":[0,0]}},{"k":[33,0,0,45,0],"v":{"t":[0,0]}},{"k":[32,0,0,46,0],"v":{"t":[0,0]}},{"k":[35,0,0,32,0],"v":{"t":[0,0]}},{"k":[34,0,0,33,0],"v":{"t":[0,0]}},{"k":[33,0,0,34,0],"v":{"t":[0,0]}},{"k":[32,0,0,35,0],"v":{"t":[0,0]}},{"k":[36,0,0,32,0],"v":{"t":[0,0]}},{"k":[35,0,0,33,0],"v":{"t":[0,0]}},{"k":[34,0,0,34,0],"v":{"t":[0,0]}},{"k":[33,0,0,35,0],"v":{"t":[0,0]}},{"k":[32,0,0,36,0],"v":{"t":[0,0]}},{"k":[33,0,0,32,0],"v":{"t":[0,0]}},{"k":[32,0,0,33,0],"v":{"t":[0,0]}},{"k":[34,0,0,32,0],"v":{"t":[0,0]}},{"k":[33,0,0,33,0],"v":{"t":[0,0]}},{"k":[32,0,0,34,0],"v":{"t":[0,0]}},{"k":[39,0,0,32,0],"v":{"t":[0,0]}},{"k":[38,0,0,33,0],"v":{"t":[0,0]}},{"k":[37,0,0,34,0],"v":{"t":[0,0]}},{"k":[36,0,0,35,0],"v":{"t":[0,0]}},{"k":[35,0,0,36,0],"v":{"t":[0,0]}},{"k":[34,0,0,37,0],"v":{"t":[0,0]}},{"k":[33,0,0,38,0],"v":{"t":[0,0]}},{"k":[32,0,0,39,0],"v":{"t":[0,0]}},{"k":[40,0,0,32,0],"v":{"t":[0,0]}},{"k":[39,0,0,33,0],"v":{"t":[0,0]}},{"k":[38,0,0,34,0],"v":{"t":[0,0]}},{"k":[37,0,0,35,0],"v":{"t":[0,0]}},{"k":[36,0,0,36,0],"v":{"t":[0,0]}},{"k":[35,0,0,37,0],"v":{"t":[0,0]}},{"k":[34,0,0,38,0],"v":{"t":[0,0]}},{"k":[33,0,0,39,0],"v":{"t":[0,0]}},{"k":[32,0,0,40,0],"v":{"t":[0,0]}},{"k":[37,0,0,32,0],"v":{"t":[0,0]}},{"k":[36,0,0,33,0],"v":{"t":[0,0]}},{"k":[35,0,0,34,0],"v":{"t":[0,0]}},{"k":[34,0,0,35,0],"v":{"t":[0,0]}},{"k":[33,0,0,36,0],"v":{"t":[0,0]}},{"k":[32,0,0,37,0],"v":{"t":[0,0]}},{"k":[38,0,0,32,0],"v":{"t":[0,0]}},{"k":[37,0,0,33,0],"v":{"t":[0,0]}},{"k":[36,0,0,34,0],"v":{"t":[0,0]}},{"k":[35,0,0,35,0],"v":{"t":[0,0]}},{"k":[34,0,0,36,0],"v":{"t":[0,0]}},{"k":[33,0,0,37,0],"v":{"t":[0,0]}},{"k":[32,0,0,38,0],"v":{"t":[0,0]}},{"k":[32,0,0,32,0],"v":{"t":[0,0]}}]},"moun":{"a":[],"o":[]},"objs":{"list":[]},"objs3d":{"a":[],"o":[]},"sprites":{"list":[{"k":[45,0,0,36,0],"v":{"k":4,"t":[2,15,1,1]}},{"k":[35,4,0,42,0],"v":{"f":false,"k":4,"t":[4,5,1,2]}},{"k":[32,0,0,34,0],"v":{"k":4,"t":[2,5,1,2]}},{"k":[38,0,0,44,0],"v":{"f":false,"k":4,"t":[2,15,1,1]}},{"k":[34,4,0,33,0],"v":{"f":false,"k":4,"t":[4,5,1,2]}},{"k":[41,0,0,46,0],"v":{"f":false,"k":4,"t":[2,5,1,2]}},{"k":[36,0,0,34,0],"v":{"f":false,"k":4,"t":[2,15,1,1]}},{"k":[45,4,0,36,0],"v":{"f":false,"k":4,"t":[4,5,1,2]}},{"k":[43,0,0,43,0],"v":{"f":false,"k":4,"t":[2,15,1,1]}},{"k":[47,0,0,42,0],"v":{"f":false,"k":4,"t":[2,15,1,1]}},{"k":[33,0,0,45,0],"v":{"f":false,"k":4,"t":[2,15,1,1]}},{"k":[39,0,0,39,0],"v":{"f":false,"k":4,"t":[2,15,1,1]}}],"overflow":[],"walls":[]}}