{"lands":{"autotiles":[{"k":[47,5,0,15,0],"v":{"id":1,"t":[4,0],"tid":318}},{"k":[47,5,0,13,0],"v":{"id":1,"t":[4,0],"tid":318}},{"k":[45,5,0,15,0],"v":{"id":1,"t":[4,0],"tid":318}},{"k":[46,5,0,14,0],"v":{"id":1,"t":[4,0],"tid":318}},{"k":[46,5,0,15,0],"v":{"id":1,"t":[4,0],"tid":318}},{"k":[47,5,0,14,0],"v":{"id":1,"t":[4,0],"tid":318}},{"k":[46,5,0,8,0],"v":{"id":1,"t":[4,0],"tid":318}},{"k":[47,5,0,7,0],"v":{"id":1,"t":[4,0],"tid":318}},{"k":[43,5,0,11,0],"v":{"id":1,"t":[4,0],"tid":318}},{"k":[45,5,0,9,0],"v":{"id":1,"t":[4,0],"tid":318}},{"k":[44,5,0,10,0],"v":{"id":1,"t":[4,0],"tid":318}},{"k":[42,5,0,12,0],"v":{"id":1,"t":[4,0],"tid":318}},{"k":[41,5,0,13,0],"v":{"id":1,"t":[4,0],"tid":318}},{"k":[39,5,0,15,0],"v":{"id":1,"t":[4,0],"tid":318}},{"k":[40,5,0,14,0],"v":{"id":1,"t":[4,0],"tid":318}},{"k":[44,5,0,11,0],"v":{"id":1,"t":[4,0],"tid":318}},{"k":[47,5,0,8,0],"v":{"id":1,"t":[4,0],"tid":318}},{"k":[46,5,0,9,0],"v":{"id":1,"t":[4,0],"tid":318}},{"k":[45,5,0,10,0],"v":{"id":1,"t":[4,0],"tid":318}},{"k":[43,5,0,12,0],"v":{"id":1,"t":[4,0],"tid":318}},{"k":[42,5,0,13,0],"v":{"id":1,"t":[4,0],"tid":318}},{"k":[40,5,0,15,0],"v":{"id":1,"t":[4,0],"tid":318}},{"k":[41,5,0,14,0],"v":{"id":1,"t":[4,0],"tid":318}},{"k":[47,5,0,5,0],"v":{"id":1,"t":[4,0],"tid":318}},{"k":[46,5,0,6,0],"v":{"id":1,"t":[4,0],"tid":318}},{"k":[44,5,0,8,0],"v":{"id":1,"t":[4,0],"tid":318}},{"k":[45,5,0,7,0],"v":{"id":1,"t":[4,0],"tid":318}},{"k":[41,5,0,11,0],"v":{"id":1,"t":[4,0],"tid":318}},{"k":[43,5,0,9,0],"v":{"id":1,"t":[4,0],"tid":318}},{"k":[42,5,0,10,0],"v":{"id":1,"t":[4,0],"tid":318}},{"k":[40,5,0,12,0],"v":{"id":1,"t":[4,0],"tid":318}},{"k":[39,5,0,13,0],"v":{"id":1,"t":[4,0],"tid":318}},{"k":[37,5,0,15,0],"v":{"id":1,"t":[4,0],"tid":318}},{"k":[38,5,0,14,0],"v":{"id":1,"t":[4,0],"tid":318}},{"k":[47,5,0,6,0],"v":{"id":1,"t":[4,0],"tid":318}},{"k":[45,5,0,8,0],"v":{"id":1,"t":[4,0],"tid":318}},{"k":[46,5,0,7,0],"v":{"id":1,"t":[4,0],"tid":318}},{"k":[42,5,0,11,0],"v":{"id":1,"t":[4,0],"tid":318}},{"k":[44,5,0,9,0],"v":{"id":1,"t":[4,0],"tid":318}},{"k":[43,5,0,10,0],"v":{"id":1,"t":[4,0],"tid":318}},{"k":[41,5,0,12,0],"v":{"id":1,"t":[4,0],"tid":318}},{"k":[40,5,0,13,0],"v":{"id":1,"t":[4,0],"tid":318}},{"k":[38,5,0,15,0],"v":{"id":1,"t":[4,0],"tid":318}},{"k":[39,5,0,14,0],"v":{"id":1,"t":[4,0],"tid":318}},{"k":[43,5,0,15,0],"v":{"id":1,"t":[4,0],"tid":318}},{"k":[49,5,0,9,0],"v":{"id":1,"t":[4,0],"tid":159}},{"k":[47,5,0,11,0],"v":{"id":1,"t":[4,0],"tid":318}},{"k":[46,5,0,12,0],"v":{"id":1,"t":[4,0],"tid":318}},{"k":[45,5,0,13,0],"v":{"id":1,"t":[4,0],"tid":318}},{"k":[44,5,0,14,0],"v":{"id":1,"t":[4,0],"tid":318}},{"k":[47,5,0,12,0],"v":{"id":1,"t":[4,0],"tid":318}},{"k":[46,5,0,13,0],"v":{"id":1,"t":[4,0],"tid":318}},{"k":[45,5,0,14,0],"v":{"id":1,"t":[4,0],"tid":318}},{"k":[44,5,0,15,0],"v":{"id":1,"t":[4,0],"tid":318}},{"k":[46,5,0,10,0],"v":{"id":1,"t":[4,0],"tid":318}},{"k":[47,5,0,9,0],"v":{"id":1,"t":[4,0],"tid":318}},{"k":[44,5,0,12,0],"v":{"id":1,"t":[4,0],"tid":318}},{"k":[45,5,0,11,0],"v":{"id":1,"t":[4,0],"tid":318}},{"k":[43,5,0,13,0],"v":{"id":1,"t":[4,0],"tid":318}},{"k":[42,5,0,14,0],"v":{"id":1,"t":[4,0],"tid":318}},{"k":[41,5,0,15,0],"v":{"id":1,"t":[4,0],"tid":318}},{"k":[47,5,0,10,0],"v":{"id":1,"t":[4,0],"tid":318}},{"k":[45,5,0,12,0],"v":{"id":1,"t":[4,0],"tid":318}},{"k":[46,5,0,11,0],"v":{"id":1,"t":[4,0],"tid":318}},{"k":[44,5,0,13,0],"v":{"id":1,"t":[4,0],"tid":318}},{"k":[43,5,0,14,0],"v":{"id":1,"t":[4,0],"tid":318}},{"k":[42,5,0,15,0],"v":{"id":1,"t":[4,0],"tid":318}},{"k":[45,5,0,1,0],"v":{"id":1,"t":[4,0],"tid":471}},{"k":[43,5,0,3,0],"v":{"id":1,"t":[4,0],"tid":318}},{"k":[44,5,0,2,0],"v":{"id":1,"t":[4,0],"tid":318}},{"k":[42,5,0,4,0],"v":{"id":1,"t":[4,0],"tid":318}},{"k":[41,5,0,5,0],"v":{"id":1,"t":[4,0],"tid":318}},{"k":[38,5,0,8,0],"v":{"id":1,"t":[4,0],"tid":318}},{"k":[39,5,0,7,0],"v":{"id":1,"t":[4,0],"tid":318}},{"k":[40,5,0,6,0],"v":{"id":1,"t":[4,0],"tid":318}},{"k":[36,5,0,10,0],"v":{"id":1,"t":[4,0],"tid":318}},{"k":[37,5,0,9,0],"v":{"id":1,"t":[4,0],"tid":318}},{"k":[35,5,0,11,0],"v":{"id":1,"t":[4,0],"tid":318}},{"k":[34,5,0,12,0],"v":{"id":1,"t":[4,0],"tid":318}},{"k":[32,5,0,14,0],"v":{"id":1,"t":[4,0],"tid":318}},{"k":[33,5,0,13,0],"v":{"id":1,"t":[4,0],"tid":318}},{"k":[47,0,0,4,0],"v":{"id":5,"t":[0,0],"tid":477}},{"k":[46,5,0,1,0],"v":{"id":1,"t":[4,0],"tid":471}},{"k":[44,5,0,3,0],"v":{"id":1,"t":[4,0],"tid":318}},{"k":[45,5,0,2,0],"v":{"id":1,"t":[4,0],"tid":318}},{"k":[43,5,0,4,0],"v":{"id":1,"t":[4,0],"tid":318}},{"k":[42,5,0,5,0],"v":{"id":1,"t":[4,0],"tid":318}},{"k":[39,5,0,8,0],"v":{"id":1,"t":[4,0],"tid":318}},{"k":[40,5,0,7,0],"v":{"id":1,"t":[4,0],"tid":318}},{"k":[41,5,0,6,0],"v":{"id":1,"t":[4,0],"tid":318}},{"k":[37,5,0,10,0],"v":{"id":1,"t":[4,0],"tid":318}},{"k":[38,5,0,9,0],"v":{"id":1,"t":[4,0],"tid":318}},{"k":[36,5,0,11,0],"v":{"id":1,"t":[4,0],"tid":318}},{"k":[35,5,0,12,0],"v":{"id":1,"t":[4,0],"tid":318}},{"k":[34,5,0,13,0],"v":{"id":1,"t":[4,0],"tid":318}},{"k":[33,5,0,14,0],"v":{"id":1,"t":[4,0],"tid":318}},{"k":[32,5,0,15,0],"v":{"id":1,"t":[4,0],"tid":318}},{"k":[43,5,0,1,0],"v":{"id":1,"t":[4,0],"tid":471}},{"k":[32,5,0,12,0],"v":{"id":1,"t":[4,0],"tid":318}},{"k":[41,5,0,3,0],"v":{"id":1,"t":[4,0],"tid":318}},{"k":[42,5,0,2,0],"v":{"id":1,"t":[4,0],"tid":318}},{"k":[40,5,0,4,0],"v":{"id":1,"t":[4,0],"tid":318}},{"k":[39,5,0,5,0],"v":{"id":1,"t":[4,0],"tid":318}},{"k":[37,5,0,7,0],"v":{"id":1,"t":[4,0],"tid":318}},{"k":[38,5,0,6,0],"v":{"id":1,"t":[4,0],"tid":318}},{"k":[34,5,0,10,0],"v":{"id":1,"t":[4,0],"tid":318}},{"k":[36,5,0,8,0],"v":{"id":1,"t":[4,0],"tid":318}},{"k":[35,5,0,9,0],"v":{"id":1,"t":[4,0],"tid":318}},{"k":[33,5,0,11,0],"v":{"id":1,"t":[4,0],"tid":318}},{"k":[45,0,0,4,0],"v":{"id":5,"t":[0,0],"tid":18}},{"k":[44,0,0,5,0],"v":{"id":5,"t":[0,0],"tid":636}},{"k":[43,0,0,6,0],"v":{"id":5,"t":[0,0],"tid":469}},{"k":[42,0,0,7,0],"v":{"id":5,"t":[0,0],"tid":324}},{"k":[44,5,0,1,0],"v":{"id":1,"t":[4,0],"tid":471}},{"k":[32,5,0,13,0],"v":{"id":1,"t":[4,0],"tid":318}},{"k":[42,5,0,3,0],"v":{"id":1,"t":[4,0],"tid":318}},{"k":[43,5,0,2,0],"v":{"id":1,"t":[4,0],"tid":318}},{"k":[41,5,0,4,0],"v":{"id":1,"t":[4,0],"tid":318}},{"k":[40,5,0,5,0],"v":{"id":1,"t":[4,0],"tid":318}},{"k":[38,5,0,7,0],"v":{"id":1,"t":[4,0],"tid":318}},{"k":[39,5,0,6,0],"v":{"id":1,"t":[4,0],"tid":318}},{"k":[35,5,0,10,0],"v":{"id":1,"t":[4,0],"tid":318}},{"k":[37,5,0,8,0],"v":{"id":1,"t":[4,0],"tid":318}},{"k":[36,5,0,9,0],"v":{"id":1,"t":[4,0],"tid":318}},{"k":[34,5,0,11,0],"v":{"id":1,"t":[4,0],"tid":318}},{"k":[33,5,0,12,0],"v":{"id":1,"t":[4,0],"tid":318}},{"k":[46,0,0,4,0],"v":{"id":5,"t":[0,0],"tid":477}},{"k":[44,0,0,6,0],"v":{"id":5,"t":[0,0],"tid":116}},{"k":[43,0,0,7,0],"v":{"id":5,"t":[0,0],"tid":372}},{"k":[47,5,0,3,0],"v":{"id":1,"t":[4,0],"tid":318}},{"k":[46,5,0,4,0],"v":{"id":1,"t":[4,0],"tid":318}},{"k":[45,5,0,5,0],"v":{"id":1,"t":[4,0],"tid":318}},{"k":[44,5,0,6,0],"v":{"id":1,"t":[4,0],"tid":318}},{"k":[42,5,0,8,0],"v":{"id":1,"t":[4,0],"tid":318}},{"k":[43,5,0,7,0],"v":{"id":1,"t":[4,0],"tid":318}},{"k":[39,5,0,11,0],"v":{"id":1,"t":[4,0],"tid":318}},{"k":[40,5,0,10,0],"v":{"id":1,"t":[4,0],"tid":318}},{"k":[41,5,0,9,0],"v":{"id":1,"t":[4,0],"tid":318}},{"k":[38,5,0,12,0],"v":{"id":1,"t":[4,0],"tid":318}},{"k":[37,5,0,13,0],"v":{"id":1,"t":[4,0],"tid":318}},{"k":[36,5,0,14,0],"v":{"id":1,"t":[4,0],"tid":318}},{"k":[35,5,0,15,0],"v":{"id":1,"t":[4,0],"tid":318}},{"k":[37,5,0,14,0],"v":{"id":1,"t":[4,0],"tid":318}},{"k":[47,5,0,4,0],"v":{"id":1,"t":[4,0],"tid":318}},{"k":[46,5,0,5,0],"v":{"id":1,"t":[4,0],"tid":318}},{"k":[45,5,0,6,0],"v":{"id":1,"t":[4,0],"tid":318}},{"k":[43,5,0,8,0],"v":{"id":1,"t":[4,0],"tid":318}},{"k":[44,5,0,7,0],"v":{"id":1,"t":[4,0],"tid":318}},{"k":[40,5,0,11,0],"v":{"id":1,"t":[4,0],"tid":318}},{"k":[41,5,0,10,0],"v":{"id":1,"t":[4,0],"tid":318}},{"k":[42,5,0,9,0],"v":{"id":1,"t":[4,0],"tid":318}},{"k":[39,5,0,12,0],"v":{"id":1,"t":[4,0],"tid":318}},{"k":[38,5,0,13,0],"v":{"id":1,"t":[4,0],"tid":318}},{"k":[36,5,0,15,0],"v":{"id":1,"t":[4,0],"tid":318}},{"k":[47,5,0,1,0],"v":{"id":1,"t":[4,0],"tid":471}},{"k":[45,5,0,3,0],"v":{"id":1,"t":[4,0],"tid":318}},{"k":[46,5,0,2,0],"v":{"id":1,"t":[4,0],"tid":318}},{"k":[44,5,0,4,0],"v":{"id":1,"t":[4,0],"tid":318}},{"k":[43,5,0,5,0],"v":{"id":1,"t":[4,0],"tid":318}},{"k":[40,5,0,8,0],"v":{"id":1,"t":[4,0],"tid":318}},{"k":[41,5,0,7,0],"v":{"id":1,"t":[4,0],"tid":318}},{"k":[42,5,0,6,0],"v":{"id":1,"t":[4,0],"tid":318}},{"k":[38,5,0,10,0],"v":{"id":1,"t":[4,0],"tid":318}},{"k":[39,5,0,9,0],"v":{"id":1,"t":[4,0],"tid":318}},{"k":[36,5,0,12,0],"v":{"id":1,"t":[4,0],"tid":318}},{"k":[37,5,0,11,0],"v":{"id":1,"t":[4,0],"tid":318}},{"k":[34,5,0,14,0],"v":{"id":1,"t":[4,0],"tid":318}},{"k":[35,5,0,13,0],"v":{"id":1,"t":[4,0],"tid":318}},{"k":[33,5,0,15,0],"v":{"id":1,"t":[4,0],"tid":318}},{"k":[46,5,0,3,0],"v":{"id":1,"t":[4,0],"tid":318}},{"k":[47,5,0,2,0],"v":{"id":1,"t":[4,0],"tid":318}},{"k":[45,5,0,4,0],"v":{"id":1,"t":[4,0],"tid":318}},{"k":[44,5,0,5,0],"v":{"id":1,"t":[4,0],"tid":318}},{"k":[43,5,0,6,0],"v":{"id":1,"t":[4,0],"tid":318}},{"k":[41,5,0,8,0],"v":{"id":1,"t":[4,0],"tid":318}},{"k":[42,5,0,7,0],"v":{"id":1,"t":[4,0],"tid":318}},{"k":[39,5,0,10,0],"v":{"id":1,"t":[4,0],"tid":318}},{"k":[40,5,0,9,0],"v":{"id":1,"t":[4,0],"tid":318}},{"k":[36,5,0,13,0],"v":{"id":1,"t":[4,0],"tid":318}},{"k":[37,5,0,12,0],"v":{"id":1,"t":[4,0],"tid":318}},{"k":[38,5,0,11,0],"v":{"id":1,"t":[4,0],"tid":318}},{"k":[35,5,0,14,0],"v":{"id":1,"t":[4,0],"tid":318}},{"k":[34,5,0,15,0],"v":{"id":1,"t":[4,0],"tid":318}},{"k":[37,5,0,1,0],"v":{"id":1,"t":[4,0],"tid":471}},{"k":[36,5,0,2,0],"v":{"id":1,"t":[4,0],"tid":318}},{"k":[35,5,0,3,0],"v":{"id":1,"t":[4,0],"tid":318}},{"k":[32,5,0,6,0],"v":{"id":1,"t":[4,0],"tid":318}},{"k":[33,5,0,5,0],"v":{"id":1,"t":[4,0],"tid":318}},{"k":[34,5,0,4,0],"v":{"id":1,"t":[4,0],"tid":318}},{"k":[38,0,0,5,0],"v":{"id":5,"t":[0,0],"tid":18}},{"k":[38,5,0,1,0],"v":{"id":1,"t":[4,0],"tid":471}},{"k":[34,5,0,5,0],"v":{"id":1,"t":[4,0],"tid":318}},{"k":[32,5,0,7,0],"v":{"id":1,"t":[4,0],"tid":318}},{"k":[37,5,0,2,0],"v":{"id":1,"t":[4,0],"tid":318}},{"k":[36,5,0,3,0],"v":{"id":1,"t":[4,0],"tid":318}},{"k":[33,5,0,6,0],"v":{"id":1,"t":[4,0],"tid":318}},{"k":[35,5,0,4,0],"v":{"id":1,"t":[4,0],"tid":318}},{"k":[39,0,0,5,0],"v":{"id":5,"t":[0,0],"tid":477}},{"k":[35,5,0,1,0],"v":{"id":1,"t":[4,0],"tid":471}},{"k":[34,5,0,2,0],"v":{"id":1,"t":[4,0],"tid":318}},{"k":[33,5,0,3,0],"v":{"id":1,"t":[4,0],"tid":318}},{"k":[32,5,0,4,0],"v":{"id":1,"t":[4,0],"tid":318}},{"k":[35,0,0,6,0],"v":{"id":5,"t":[0,0],"tid":477}},{"k":[36,0,0,5,0],"v":{"id":5,"t":[0,0],"tid":223}},{"k":[36,5,0,1,0],"v":{"id":1,"t":[4,0],"tid":471}},{"k":[35,5,0,2,0],"v":{"id":1,"t":[4,0],"tid":318}},{"k":[34,5,0,3,0],"v":{"id":1,"t":[4,0],"tid":318}},{"k":[32,5,0,5,0],"v":{"id":1,"t":[4,0],"tid":318}},{"k":[33,5,0,4,0],"v":{"id":1,"t":[4,0],"tid":318}},{"k":[36,0,0,6,0],"v":{"id":5,"t":[0,0],"tid":116}},{"k":[37,0,0,5,0],"v":{"id":5,"t":[0,0],"tid":477}},{"k":[38,0,0,4,0],"v":{"id":5,"t":[0,0],"tid":177}},{"k":[41,5,0,1,0],"v":{"id":1,"t":[4,0],"tid":471}},{"k":[32,5,0,10,0],"v":{"id":1,"t":[4,0],"tid":318}},{"k":[40,5,0,2,0],"v":{"id":1,"t":[4,0],"tid":318}},{"k":[39,5,0,3,0],"v":{"id":1,"t":[4,0],"tid":318}},{"k":[38,5,0,4,0],"v":{"id":1,"t":[4,0],"tid":318}},{"k":[37,5,0,5,0],"v":{"id":1,"t":[4,0],"tid":318}},{"k":[36,5,0,6,0],"v":{"id":1,"t":[4,0],"tid":318}},{"k":[35,5,0,7,0],"v":{"id":1,"t":[4,0],"tid":318}},{"k":[33,5,0,9,0],"v":{"id":1,"t":[4,0],"tid":318}},{"k":[34,5,0,8,0],"v":{"id":1,"t":[4,0],"tid":318}},{"k":[40,0,0,7,0],"v":{"id":5,"t":[0,0],"tid":570}},{"k":[41,0,0,6,0],"v":{"id":5,"t":[0,0],"tid":318}},{"k":[42,0,0,5,0],"v":{"id":5,"t":[0,0],"tid":114}},{"k":[43,0,0,4,0],"v":{"id":5,"t":[0,0],"tid":477}},{"k":[42,5,0,1,0],"v":{"id":1,"t":[4,0],"tid":471}},{"k":[32,5,0,11,0],"v":{"id":1,"t":[4,0],"tid":318}},{"k":[40,5,0,3,0],"v":{"id":1,"t":[4,0],"tid":318}},{"k":[41,5,0,2,0],"v":{"id":1,"t":[4,0],"tid":318}},{"k":[39,5,0,4,0],"v":{"id":1,"t":[4,0],"tid":318}},{"k":[38,5,0,5,0],"v":{"id":1,"t":[4,0],"tid":318}},{"k":[36,5,0,7,0],"v":{"id":1,"t":[4,0],"tid":318}},{"k":[37,5,0,6,0],"v":{"id":1,"t":[4,0],"tid":318}},{"k":[33,5,0,10,0],"v":{"id":1,"t":[4,0],"tid":318}},{"k":[35,5,0,8,0],"v":{"id":1,"t":[4,0],"tid":318}},{"k":[34,5,0,9,0],"v":{"id":1,"t":[4,0],"tid":318}},{"k":[45,0,0,3,0],"v":{"id":5,"t":[0,0],"tid":177}},{"k":[41,0,0,7,0],"v":{"id":5,"t":[0,0],"tid":324}},{"k":[44,0,0,4,0],"v":{"id":5,"t":[0,0],"tid":459}},{"k":[42,0,0,6,0],"v":{"id":5,"t":[0,0],"tid":268}},{"k":[39,5,0,1,0],"v":{"id":1,"t":[4,0],"tid":471}},{"k":[32,5,0,8,0],"v":{"id":1,"t":[4,0],"tid":318}},{"k":[38,5,0,2,0],"v":{"id":1,"t":[4,0],"tid":318}},{"k":[37,5,0,3,0],"v":{"id":1,"t":[4,0],"tid":318}},{"k":[36,5,0,4,0],"v":{"id":1,"t":[4,0],"tid":318}},{"k":[35,5,0,5,0],"v":{"id":1,"t":[4,0],"tid":318}},{"k":[34,5,0,6,0],"v":{"id":1,"t":[4,0],"tid":318}},{"k":[33,5,0,7,0],"v":{"id":1,"t":[4,0],"tid":318}},{"k":[40,0,0,5,0],"v":{"id":5,"t":[0,0],"tid":461}},{"k":[40,5,0,1,0],"v":{"id":1,"t":[4,0],"tid":471}},{"k":[32,5,0,9,0],"v":{"id":1,"t":[4,0],"tid":318}},{"k":[39,5,0,2,0],"v":{"id":1,"t":[4,0],"tid":318}},{"k":[38,5,0,3,0],"v":{"id":1,"t":[4,0],"tid":318}},{"k":[37,5,0,4,0],"v":{"id":1,"t":[4,0],"tid":318}},{"k":[36,5,0,5,0],"v":{"id":1,"t":[4,0],"tid":318}},{"k":[35,5,0,6,0],"v":{"id":1,"t":[4,0],"tid":318}},{"k":[34,5,0,7,0],"v":{"id":1,"t":[4,0],"tid":318}},{"k":[33,5,0,8,0],"v":{"id":1,"t":[4,0],"tid":318}},{"k":[40,0,0,6,0],"v":{"id":5,"t":[0,0],"tid":584}},{"k":[41,0,0,5,0],"v":{"id":5,"t":[0,0],"tid":471}},{"k":[42,0,0,4,0],"v":{"id":5,"t":[0,0],"tid":223}},{"k":[33,5,0,1,0],"v":{"id":1,"t":[4,0],"tid":471}},{"k":[32,5,0,2,0],"v":{"id":1,"t":[4,0],"tid":318}},{"k":[34,0,0,5,0],"v":{"id":5,"t":[0,0],"tid":413}},{"k":[34,5,0,1,0],"v":{"id":1,"t":[4,0],"tid":471}},{"k":[33,5,0,2,0],"v":{"id":1,"t":[4,0],"tid":318}},{"k":[32,5,0,3,0],"v":{"id":1,"t":[4,0],"tid":318}},{"k":[34,0,0,6,0],"v":{"id":5,"t":[0,0],"tid":520}},{"k":[32,0,0,5,0],"v":{"id":5,"t":[0,0],"tid":477}},{"k":[32,5,0,1,0],"v":{"id":1,"t":[4,0],"tid":471}},{"k":[33,0,0,5,0],"v":{"id":5,"t":[0,0],"tid":477}}],"floors":[{"k":[44,0,0,15,0],"v":{"t":[0,0]}},{"k":[45,0,0,14,0],"v":{"t":[0,0]}},{"k":[46,0,0,13,0],"v":{"t":[0,0]}},{"k":[47,0,0,12,0],"v":{"t":[0,0]}},{"k":[45,0,0,15,0],"v":{"t":[0,0]}},{"k":[46,0,0,14,0],"v":{"t":[0,0]}},{"k":[47,0,0,13,0],"v":{"t":[0,0]}},{"k":[42,0,0,15,0],"v":{"t":[0,0]}},{"k":[43,0,0,14,0],"v":{"t":[0,0]}},{"k":[44,0,0,13,0],"v":{"t":[0,0]}},{"k":[45,0,0,12,0],"v":{"t":[0,0]}},{"k":[46,0,0,11,0],"v":{"t":[0,0]}},{"k":[47,0,0,10,0],"v":{"t":[0,0]}},{"k":[43,0,0,15,0],"v":{"t":[0,0]}},{"k":[44,0,0,14,0],"v":{"t":[0,0]}},{"k":[45,0,0,13,0],"v":{"t":[0,0]}},{"k":[46,0,0,12,0],"v":{"t":[0,0]}},{"k":[47,0,0,11,0],"v":{"t":[0,0]}},{"k":[46,0,0,15,0],"v":{"t":[0,0]}},{"k":[47,0,0,14,0],"v":{"t":[0,0]}},{"k":[47,0,0,15,0],"v":{"t":[0,0]}},{"k":[36,0,0,15,0],"v":{"t":[0,0]}},{"k":[37,0,0,14,0],"v":{"t":[0,0]}},{"k":[38,0,0,13,0],"v":{"t":[0,0]}},{"k":[39,0,0,12,0],"v":{"t":[0,0]}},{"k":[40,0,0,11,0],"v":{"t":[0,0]}},{"k":[41,0,0,10,0],"v":{"t":[0,0]}},{"k":[42,0,0,9,0],"v":{"t":[0,0]}},{"k":[43,0,0,8,0],"v":{"t":[0,0]}},{"k":[44,0,0,7,0],"v":{"t":[0,0]}},{"k":[45,0,0,6,0],"v":{"t":[0,0]}},{"k":[46,0,0,5,0],"v":{"t":[0,0]}},{"k":[45,6,0,0,0],"v":{"t":[0,0]}},{"k":[37,0,0,15,0],"v":{"t":[0,0]}},{"k":[38,0,0,14,0],"v":{"t":[0,0]}},{"k":[39,0,0,13,0],"v":{"t":[0,0]}},{"k":[40,0,0,12,0],"v":{"t":[0,0]}},{"k":[41,0,0,11,0],"v":{"t":[0,0]}},{"k":[42,0,0,10,0],"v":{"t":[0,0]}},{"k":[43,0,0,9,0],"v":{"t":[0,0]}},{"k":[44,0,0,8,0],"v":{"t":[0,0]}},{"k":[45,0,0,7,0],"v":{"t":[0,0]}},{"k":[46,0,0,6,0],"v":{"t":[0,0]}},{"k":[47,0,0,5,0],"v":{"t":[0,0]}},{"k":[46,6,0,0,0],"v":{"t":[0,0]}},{"k":[34,0,0,15,0],"v":{"t":[0,0]}},{"k":[35,0,0,14,0],"v":{"t":[0,0]}},{"k":[36,0,0,13,0],"v":{"t":[0,0]}},{"k":[37,0,0,12,0],"v":{"t":[0,0]}},{"k":[38,0,0,11,0],"v":{"t":[0,0]}},{"k":[39,0,0,10,0],"v":{"t":[0,0]}},{"k":[40,0,0,9,0],"v":{"t":[0,0]}},{"k":[41,0,0,8,0],"v":{"t":[0,0]}},{"k":[46,0,0,3,0],"v":{"t":[0,0]}},{"k":[47,0,0,2,0],"v":{"t":[0,0]}},{"k":[43,6,0,0,0],"v":{"t":[0,0]}},{"k":[35,0,0,15,0],"v":{"t":[0,0]}},{"k":[36,0,0,14,0],"v":{"t":[0,0]}},{"k":[37,0,0,13,0],"v":{"t":[0,0]}},{"k":[38,0,0,12,0],"v":{"t":[0,0]}},{"k":[39,0,0,11,0],"v":{"t":[0,0]}},{"k":[40,0,0,10,0],"v":{"t":[0,0]}},{"k":[41,0,0,9,0],"v":{"t":[0,0]}},{"k":[42,0,0,8,0],"v":{"t":[0,0]}},{"k":[45,0,0,5,0],"v":{"t":[0,0]}},{"k":[47,0,0,3,0],"v":{"t":[0,0]}},{"k":[44,6,0,0,0],"v":{"t":[0,0]}},{"k":[40,0,0,15,0],"v":{"t":[0,0]}},{"k":[41,0,0,14,0],"v":{"t":[0,0]}},{"k":[42,0,0,13,0],"v":{"t":[0,0]}},{"k":[43,0,0,12,0],"v":{"t":[0,0]}},{"k":[44,0,0,11,0],"v":{"t":[0,0]}},{"k":[45,0,0,10,0],"v":{"t":[0,0]}},{"k":[46,0,0,9,0],"v":{"t":[0,0]}},{"k":[47,0,0,8,0],"v":{"t":[0,0]}},{"k":[41,0,0,15,0],"v":{"t":[0,0]}},{"k":[42,0,0,14,0],"v":{"t":[0,0]}},{"k":[43,0,0,13,0],"v":{"t":[0,0]}},{"k":[44,0,0,12,0],"v":{"t":[0,0]}},{"k":[45,0,0,11,0],"v":{"t":[0,0]}},{"k":[46,0,0,10,0],"v":{"t":[0,0]}},{"k":[47,0,0,9,0],"v":{"t":[0,0]}},{"k":[38,0,0,15,0],"v":{"t":[0,0]}},{"k":[39,0,0,14,0],"v":{"t":[0,0]}},{"k":[40,0,0,13,0],"v":{"t":[0,0]}},{"k":[41,0,0,12,0],"v":{"t":[0,0]}},{"k":[42,0,0,11,0],"v":{"t":[0,0]}},{"k":[43,0,0,10,0],"v":{"t":[0,0]}},{"k":[44,0,0,9,0],"v":{"t":[0,0]}},{"k":[45,0,0,8,0],"v":{"t":[0,0]}},{"k":[46,0,0,7,0],"v":{"t":[0,0]}},{"k":[47,0,0,6,0],"v":{"t":[0,0]}},{"k":[47,6,0,0,0],"v":{"t":[0,0]}},{"k":[39,0,0,15,0],"v":{"t":[0,0]}},{"k":[40,0,0,14,0],"v":{"t":[0,0]}},{"k":[41,0,0,13,0],"v":{"t":[0,0]}},{"k":[42,0,0,12,0],"v":{"t":[0,0]}},{"k":[43,0,0,11,0],"v":{"t":[0,0]}},{"k":[44,0,0,10,0],"v":{"t":[0,0]}},{"k":[45,0,0,9,0],"v":{"t":[0,0]}},{"k":[46,0,0,8,0],"v":{"t":[0,0]}},{"k":[47,0,0,7,0],"v":{"t":[0,0]}},{"k":[32,0,0,11,0],"v":{"t":[0,0]}},{"k":[33,0,0,10,0],"v":{"t":[0,0]}},{"k":[34,0,0,9,0],"v":{"t":[0,0]}},{"k":[35,0,0,8,0],"v":{"t":[0,0]}},{"k":[36,0,0,7,0],"v":{"t":[0,0]}},{"k":[37,0,0,6,0],"v":{"t":[0,0]}},{"k":[39,0,0,4,0],"v":{"t":[0,0]}},{"k":[40,0,0,3,0],"v":{"t":[0,0]}},{"k":[41,0,0,2,0],"v":{"t":[0,0]}},{"k":[42,0,0,1,0],"v":{"t":[0,0]}},{"k":[43,0,0,0,0],"v":{"t":[0,0]}},{"k":[37,6,0,0,0],"v":{"t":[0,0]}},{"k":[32,0,0,12,0],"v":{"t":[0,0]}},{"k":[33,0,0,11,0],"v":{"t":[0,0]}},{"k":[34,0,0,10,0],"v":{"t":[0,0]}},{"k":[35,0,0,9,0],"v":{"t":[0,0]}},{"k":[36,0,0,8,0],"v":{"t":[0,0]}},{"k":[37,0,0,7,0],"v":{"t":[0,0]}},{"k":[38,0,0,6,0],"v":{"t":[0,0]}},{"k":[40,0,0,4,0],"v":{"t":[0,0]}},{"k":[41,0,0,3,0],"v":{"t":[0,0]}},{"k":[42,0,0,2,0],"v":{"t":[0,0]}},{"k":[43,0,0,1,0],"v":{"t":[0,0]}},{"k":[44,0,0,0,0],"v":{"t":[0,0]}},{"k":[38,6,0,0,0],"v":{"t":[0,0]}},{"k":[32,0,0,9,0],"v":{"t":[0,0]}},{"k":[33,0,0,8,0],"v":{"t":[0,0]}},{"k":[34,0,0,7,0],"v":{"t":[0,0]}},{"k":[37,0,0,4,0],"v":{"t":[0,0]}},{"k":[38,0,0,3,0],"v":{"t":[0,0]}},{"k":[39,0,0,2,0],"v":{"t":[0,0]}},{"k":[40,0,0,1,0],"v":{"t":[0,0]}},{"k":[41,0,0,0,0],"v":{"t":[0,0]}},{"k":[35,6,0,0,0],"v":{"t":[0,0]}},{"k":[32,0,0,10,0],"v":{"t":[0,0]}},{"k":[33,0,0,9,0],"v":{"t":[0,0]}},{"k":[34,0,0,8,0],"v":{"t":[0,0]}},{"k":[35,0,0,7,0],"v":{"t":[0,0]}},{"k":[39,0,0,3,0],"v":{"t":[0,0]}},{"k":[40,0,0,2,0],"v":{"t":[0,0]}},{"k":[41,0,0,1,0],"v":{"t":[0,0]}},{"k":[42,0,0,0,0],"v":{"t":[0,0]}},{"k":[36,6,0,0,0],"v":{"t":[0,0]}},{"k":[32,0,0,15,0],"v":{"t":[0,0]}},{"k":[33,0,0,14,0],"v":{"t":[0,0]}},{"k":[34,0,0,13,0],"v":{"t":[0,0]}},{"k":[35,0,0,12,0],"v":{"t":[0,0]}},{"k":[36,0,0,11,0],"v":{"t":[0,0]}},{"k":[37,0,0,10,0],"v":{"t":[0,0]}},{"k":[38,0,0,9,0],"v":{"t":[0,0]}},{"k":[39,0,0,8,0],"v":{"t":[0,0]}},{"k":[44,0,0,3,0],"v":{"t":[0,0]}},{"k":[45,0,0,2,0],"v":{"t":[0,0]}},{"k":[46,0,0,1,0],"v":{"t":[0,0]}},{"k":[47,0,0,0,0],"v":{"t":[0,0]}},{"k":[41,6,0,0,0],"v":{"t":[0,0]}},{"k":[33,0,0,15,0],"v":{"t":[0,0]}},{"k":[34,0,0,14,0],"v":{"t":[0,0]}},{"k":[35,0,0,13,0],"v":{"t":[0,0]}},{"k":[36,0,0,12,0],"v":{"t":[0,0]}},{"k":[37,0,0,11,0],"v":{"t":[0,0]}},{"k":[38,0,0,10,0],"v":{"t":[0,0]}},{"k":[39,0,0,9,0],"v":{"t":[0,0]}},{"k":[40,0,0,8,0],"v":{"t":[0,0]}},{"k":[43,0,0,5,0],"v":{"t":[0,0]}},{"k":[46,0,0,2,0],"v":{"t":[0,0]}},{"k":[47,0,0,1,0],"v":{"t":[0,0]}},{"k":[42,6,0,0,0],"v":{"t":[0,0]}},{"k":[32,0,0,13,0],"v":{"t":[0,0]}},{"k":[33,0,0,12,0],"v":{"t":[0,0]}},{"k":[34,0,0,11,0],"v":{"t":[0,0]}},{"k":[35,0,0,10,0],"v":{"t":[0,0]}},{"k":[36,0,0,9,0],"v":{"t":[0,0]}},{"k":[37,0,0,8,0],"v":{"t":[0,0]}},{"k":[38,0,0,7,0],"v":{"t":[0,0]}},{"k":[39,0,0,6,0],"v":{"t":[0,0]}},{"k":[41,0,0,4,0],"v":{"t":[0,0]}},{"k":[42,0,0,3,0],"v":{"t":[0,0]}},{"k":[43,0,0,2,0],"v":{"t":[0,0]}},{"k":[44,0,0,1,0],"v":{"t":[0,0]}},{"k":[45,0,0,0,0],"v":{"t":[0,0]}},{"k":[39,6,0,0,0],"v":{"t":[0,0]}},{"k":[32,0,0,14,0],"v":{"t":[0,0]}},{"k":[33,0,0,13,0],"v":{"t":[0,0]}},{"k":[34,0,0,12,0],"v":{"t":[0,0]}},{"k":[35,0,0,11,0],"v":{"t":[0,0]}},{"k":[36,0,0,10,0],"v":{"t":[0,0]}},{"k":[37,0,0,9,0],"v":{"t":[0,0]}},{"k":[38,0,0,8,0],"v":{"t":[0,0]}},{"k":[39,0,0,7,0],"v":{"t":[0,0]}},{"k":[43,0,0,3,0],"v":{"t":[0,0]}},{"k":[44,0,0,2,0],"v":{"t":[0,0]}},{"k":[45,0,0,1,0],"v":{"t":[0,0]}},{"k":[46,0,0,0,0],"v":{"t":[0,0]}},{"k":[40,6,0,0,0],"v":{"t":[0,0]}},{"k":[32,0,0,3,0],"v":{"t":[0,0]}},{"k":[33,0,0,2,0],"v":{"t":[0,0]}},{"k":[34,0,0,1,0],"v":{"t":[0,0]}},{"k":[35,0,0,0,0],"v":{"t":[0,0]}},{"k":[32,0,0,4,0],"v":{"t":[0,0]}},{"k":[33,0,0,3,0],"v":{"t":[0,0]}},{"k":[34,0,0,2,0],"v":{"t":[0,0]}},{"k":[35,0,0,1,0],"v":{"t":[0,0]}},{"k":[36,0,0,0,0],"v":{"t":[0,0]}},{"k":[32,0,0,1,0],"v":{"t":[0,0]}},{"k":[33,0,0,0,0],"v":{"t":[0,0]}},{"k":[32,0,0,2,0],"v":{"t":[0,0]}},{"k":[33,0,0,1,0],"v":{"t":[0,0]}},{"k":[34,0,0,0,0],"v":{"t":[0,0]}},{"k":[32,0,0,7,0],"v":{"t":[0,0]}},{"k":[33,0,0,6,0],"v":{"t":[0,0]}},{"k":[35,0,0,4,0],"v":{"t":[0,0]}},{"k":[36,0,0,3,0],"v":{"t":[0,0]}},{"k":[37,0,0,2,0],"v":{"t":[0,0]}},{"k":[38,0,0,1,0],"v":{"t":[0,0]}},{"k":[39,0,0,0,0],"v":{"t":[0,0]}},{"k":[33,6,0,0,0],"v":{"t":[0,0]}},{"k":[32,0,0,8,0],"v":{"t":[0,0]}},{"k":[33,0,0,7,0],"v":{"t":[0,0]}},{"k":[35,0,0,5,0],"v":{"t":[0,0]}},{"k":[36,0,0,4,0],"v":{"t":[0,0]}},{"k":[37,0,0,3,0],"v":{"t":[0,0]}},{"k":[38,0,0,2,0],"v":{"t":[0,0]}},{"k":[39,0,0,1,0],"v":{"t":[0,0]}},{"k":[40,0,0,0,0],"v":{"t":[0,0]}},{"k":[34,6,0,0,0],"v":{"t":[0,0]}},{"k":[33,0,0,4,0],"v":{"t":[0,0]}},{"k":[34,0,0,3,0],"v":{"t":[0,0]}},{"k":[35,0,0,2,0],"v":{"t":[0,0]}},{"k":[36,0,0,1,0],"v":{"t":[0,0]}},{"k":[37,0,0,0,0],"v":{"t":[0,0]}},{"k":[32,0,0,6,0],"v":{"t":[0,0]}},{"k":[34,0,0,4,0],"v":{"t":[0,0]}},{"k":[35,0,0,3,0],"v":{"t":[0,0]}},{"k":[36,0,0,2,0],"v":{"t":[0,0]}},{"k":[37,0,0,1,0],"v":{"t":[0,0]}},{"k":[38,0,0,0,0],"v":{"t":[0,0]}},{"k":[32,6,0,0,0],"v":{"t":[0,0]}},{"k":[32,0,0,0,0],"v":{"t":[0,0]}}]},"moun":{"a":[{"k":[39,0,0,0,0],"v":{"hs":6,"l":true,"r":true,"sid":5,"wp":31.25}},{"k":[40,0,0,0,0],"v":{"hs":6,"l":true,"r":true,"sid":5,"wp":31.25}},{"k":[37,0,0,0,0],"v":{"hs":6,"l":true,"r":true,"sid":5,"wp":31.25}},{"k":[38,0,0,0,0],"v":{"hs":6,"l":true,"r":true,"sid":5,"wp":31.25}},{"k":[43,0,0,0,0],"v":{"hs":6,"l":true,"r":true,"sid":5,"wp":31.25}},{"k":[44,0,0,0,0],"v":{"hs":6,"l":true,"r":true,"sid":5,"wp":31.25}},{"k":[41,0,0,0,0],"v":{"hs":6,"l":true,"r":true,"sid":5,"wp":31.25}},{"k":[42,0,0,0,0],"v":{"hs":6,"l":true,"r":true,"sid":5,"wp":31.25}},{"k":[47,0,0,0,0],"v":{"hs":6,"l":true,"r":true,"sid":5,"wp":31.25}},{"k":[32,0,0,0,0],"v":{"hs":6,"r":true,"sid":5,"wp":31.25}},{"k":[45,0,0,0,0],"v":{"hs":6,"l":true,"r":true,"sid":5,"wp":31.25}},{"k":[46,0,0,0,0],"v":{"hs":6,"l":true,"r":true,"sid":5,"wp":31.25}},{"k":[35,0,0,0,0],"v":{"hs":6,"l":true,"r":true,"sid":5,"wp":31.25}},{"k":[36,0,0,0,0],"v":{"hs":6,"l":true,"r":true,"sid":5,"wp":31.25}},{"k":[33,0,0,0,0],"v":{"hs":6,"l":true,"r":true,"sid":5,"wp":31.25}},{"k":[34,0,0,0,0],"v":{"hs":6,"l":true,"r":true,"sid":5,"wp":31.25}}],"o":[[31,0,0,0,0],[48,0,0,0,0]]},"objs":{"list":[]},"objs3d":{"a":[],"o":[]},"sprites":{"list":[{"k":[47,0,0,3,0],"v":{"k":4,"t":[2,5,1,2]}},{"k":[32,0,0,8,0],"v":{"k":4,"t":[2,15,1,1]}},{"k":[44,0,0,9,0],"v":{"k":4,"t":[2,15,1,1]}},{"k":[35,0,0,3,0],"v":{"k":4,"t":[2,15,1,1]}},{"k":[42,4,0,8,0],"v":{"k":4,"t":[4,5,1,2]}},{"k":[32,4,0,7,0],"v":{"k":4,"t":[4,5,1,2]}},{"k":[32,4,0,8,0],"v":{"k":4,"t":[4,5,1,2]}},{"k":[43,0,0,14,0],"v":{"k":4,"t":[2,15,1,1]}},{"k":[37,0,0,10,0],"v":{"k":4,"t":[2,5,1,2]}},{"k":[43,0,0,5,0],"v":{"k":4,"t":[2,15,1,1]}},{"k":[47,0,0,14,0],"v":{"k":4,"t":[2,5,1,2]}},{"k":[45,4,0,13,0],"v":{"f":false,"k":4,"t":[4,5,1,2]}}],"overflow":[],"walls":[]}}