{"lands":{"autotiles":[{"k":[50,5,0,48,0],"v":{"id":1,"t":[4,0],"tid":324}},{"k":[51,5,0,48,0],"v":{"id":1,"t":[4,0],"tid":324}},{"k":[48,5,0,48,0],"v":{"id":1,"t":[4,0],"tid":324}},{"k":[49,5,0,48,0],"v":{"id":1,"t":[4,0],"tid":324}},{"k":[54,5,0,48,0],"v":{"id":1,"t":[4,0],"tid":324}},{"k":[55,5,0,48,0],"v":{"id":1,"t":[4,0],"tid":308}},{"k":[52,5,0,48,0],"v":{"id":1,"t":[4,0],"tid":324}},{"k":[53,5,0,48,0],"v":{"id":1,"t":[4,0],"tid":324}},{"k":[58,5,0,48,0],"v":{"id":1,"t":[4,0],"tid":274}},{"k":[59,5,0,48,0],"v":{"id":1,"t":[4,0],"tid":425}},{"k":[56,5,0,48,0],"v":{"id":1,"t":[4,0],"tid":316}},{"k":[55,5,0,49,0],"v":{"id":1,"t":[4,0],"tid":570}},{"k":[57,5,0,48,0],"v":{"id":1,"t":[4,0],"tid":324}},{"k":[56,5,0,49,0],"v":{"id":1,"t":[4,0],"tid":372}}],"floors":[{"k":[48,0,0,48,0],"v":{"t":[0,0]}},{"k":[58,6,0,49,0],"v":{"t":[0,0]}},{"k":[59,6,0,48,0],"v":{"t":[0,0]}},{"k":[59,6,0,49,0],"v":{"t":[0,0]}},{"k":[59,0,0,48,0],"v":{"t":[0,0]}},{"k":[58,0,0,49,0],"v":{"t":[0,0]}},{"k":[52,6,0,49,0],"v":{"t":[0,0]}},{"k":[59,0,0,49,0],"v":{"t":[0,0]}},{"k":[53,6,0,49,0],"v":{"t":[0,0]}},{"k":[57,0,0,48,0],"v":{"t":[0,0]}},{"k":[56,0,0,49,0],"v":{"t":[0,0]}},{"k":[50,6,0,49,0],"v":{"t":[0,0]}},{"k":[58,0,0,48,0],"v":{"t":[0,0]}},{"k":[57,0,0,49,0],"v":{"t":[0,0]}},{"k":[51,6,0,49,0],"v":{"t":[0,0]}},{"k":[56,6,0,49,0],"v":{"t":[0,0]}},{"k":[57,6,0,49,0],"v":{"t":[0,0]}},{"k":[54,6,0,49,0],"v":{"t":[0,0]}},{"k":[55,6,0,49,0],"v":{"t":[0,0]}},{"k":[51,0,0,48,0],"v":{"t":[0,0]}},{"k":[50,0,0,49,0],"v":{"t":[0,0]}},{"k":[52,0,0,48,0],"v":{"t":[0,0]}},{"k":[51,0,0,49,0],"v":{"t":[0,0]}},{"k":[49,0,0,48,0],"v":{"t":[0,0]}},{"k":[48,0,0,49,0],"v":{"t":[0,0]}},{"k":[50,0,0,48,0],"v":{"t":[0,0]}},{"k":[49,0,0,49,0],"v":{"t":[0,0]}},{"k":[55,0,0,48,0],"v":{"t":[0,0]}},{"k":[54,0,0,49,0],"v":{"t":[0,0]}},{"k":[48,6,0,49,0],"v":{"t":[0,0]}},{"k":[56,0,0,48,0],"v":{"t":[0,0]}},{"k":[55,0,0,49,0],"v":{"t":[0,0]}},{"k":[49,6,0,49,0],"v":{"t":[0,0]}},{"k":[53,0,0,48,0],"v":{"t":[0,0]}},{"k":[52,0,0,49,0],"v":{"t":[0,0]}},{"k":[54,0,0,48,0],"v":{"t":[0,0]}},{"k":[53,0,0,49,0],"v":{"t":[0,0]}}]},"moun":{"a":[{"k":[50,0,0,49,0],"v":{"hs":6,"l":true,"r":true,"sid":5,"wp":31.25}},{"k":[51,0,0,49,0],"v":{"hs":6,"l":true,"r":true,"sid":5,"wp":31.25}},{"k":[48,0,0,49,0],"v":{"hs":6,"l":true,"r":true,"sid":5,"wp":31.25}},{"k":[49,0,0,49,0],"v":{"hs":6,"l":true,"r":true,"sid":5,"wp":31.25}},{"k":[54,0,0,49,0],"v":{"hs":6,"l":true,"r":true,"sid":5,"wp":31.25}},{"k":[55,0,0,49,0],"v":{"hs":6,"l":true,"r":true,"sid":5,"wp":31.25}},{"k":[52,0,0,49,0],"v":{"hs":6,"l":true,"r":true,"sid":5,"wp":31.25}},{"k":[53,0,0,49,0],"v":{"hs":6,"l":true,"r":true,"sid":5,"wp":31.25}},{"k":[58,0,0,49,0],"v":{"hs":6,"l":true,"r":true,"sid":5,"wp":31.25}},{"k":[59,0,0,48,0],"v":{"b":true,"hs":6,"sid":5,"t":true,"wp":31.25}},{"k":[59,0,0,49,0],"v":{"hs":6,"l":true,"sid":5,"t":true,"wp":31.25}},{"k":[56,0,0,49,0],"v":{"hs":6,"l":true,"r":true,"sid":5,"wp":31.25}},{"k":[57,0,0,49,0],"v":{"hs":6,"l":true,"r":true,"sid":5,"wp":31.25}}],"o":[]},"objs":{"list":[]},"objs3d":{"a":[],"o":[]},"sprites":{"list":[{"k":[58,2,0,48,0],"v":{"f":false,"k":4,"t":[7,3,1,1]}}],"overflow":[],"walls":[]}}