{"lands":{"autotiles":[{"k":[58,5,0,44,0],"v":{"id":1,"t":[4,0],"tid":370}},{"k":[56,5,0,46,0],"v":{"id":1,"t":[4,0],"tid":318}},{"k":[57,5,0,45,0],"v":{"id":1,"t":[4,0],"tid":318}},{"k":[59,5,0,43,0],"v":{"id":1,"t":[4,0],"tid":372}},{"k":[55,5,0,47,0],"v":{"id":1,"t":[4,0],"tid":318}},{"k":[56,5,0,47,0],"v":{"id":1,"t":[4,0],"tid":318}},{"k":[58,5,0,45,0],"v":{"id":1,"t":[4,0],"tid":370}},{"k":[57,5,0,46,0],"v":{"id":1,"t":[4,0],"tid":318}},{"k":[57,5,0,43,0],"v":{"id":1,"t":[4,0],"tid":318}},{"k":[58,5,0,42,0],"v":{"id":1,"t":[4,0],"tid":268}},{"k":[56,5,0,44,0],"v":{"id":1,"t":[4,0],"tid":318}},{"k":[53,5,0,47,0],"v":{"id":1,"t":[4,0],"tid":318}},{"k":[54,5,0,46,0],"v":{"id":1,"t":[4,0],"tid":318}},{"k":[55,5,0,45,0],"v":{"id":1,"t":[4,0],"tid":318}},{"k":[56,5,0,45,0],"v":{"id":1,"t":[4,0],"tid":318}},{"k":[59,5,0,42,0],"v":{"id":1,"t":[4,0],"tid":423}},{"k":[58,5,0,43,0],"v":{"id":1,"t":[4,0],"tid":316}},{"k":[57,5,0,44,0],"v":{"id":1,"t":[4,0],"tid":318}},{"k":[54,5,0,47,0],"v":{"id":1,"t":[4,0],"tid":318}},{"k":[55,5,0,46,0],"v":{"id":1,"t":[4,0],"tid":318}},{"k":[57,5,0,47,0],"v":{"id":1,"t":[4,0],"tid":318}},{"k":[58,5,0,46,0],"v":{"id":1,"t":[4,0],"tid":370}},{"k":[58,5,0,47,0],"v":{"id":1,"t":[4,0],"tid":370}},{"k":[58,5,0,36,0],"v":{"id":1,"t":[4,0],"tid":266}},{"k":[51,5,0,43,0],"v":{"id":1,"t":[4,0],"tid":318}},{"k":[54,5,0,40,0],"v":{"id":1,"t":[4,0],"tid":318}},{"k":[56,5,0,38,0],"v":{"id":1,"t":[4,0],"tid":318}},{"k":[57,5,0,37,0],"v":{"id":1,"t":[4,0],"tid":318}},{"k":[52,5,0,42,0],"v":{"id":1,"t":[4,0],"tid":318}},{"k":[50,5,0,44,0],"v":{"id":1,"t":[4,0],"tid":318}},{"k":[49,5,0,45,0],"v":{"id":1,"t":[4,0],"tid":318}},{"k":[48,5,0,46,0],"v":{"id":1,"t":[4,0],"tid":318}},{"k":[55,5,0,39,0],"v":{"id":1,"t":[4,0],"tid":318}},{"k":[53,5,0,41,0],"v":{"id":1,"t":[4,0],"tid":318}},{"k":[56,0,0,43,0],"v":{"id":5,"t":[0,0],"tid":471}},{"k":[55,0,0,44,0],"v":{"id":5,"t":[0,0],"tid":570}},{"k":[58,5,0,37,0],"v":{"id":1,"t":[4,0],"tid":370}},{"k":[59,5,0,36,0],"v":{"id":1,"t":[4,0],"tid":425}},{"k":[56,5,0,39,0],"v":{"id":1,"t":[4,0],"tid":318}},{"k":[57,5,0,38,0],"v":{"id":1,"t":[4,0],"tid":318}},{"k":[53,5,0,42,0],"v":{"id":1,"t":[4,0],"tid":318}},{"k":[52,5,0,43,0],"v":{"id":1,"t":[4,0],"tid":318}},{"k":[51,5,0,44,0],"v":{"id":1,"t":[4,0],"tid":318}},{"k":[50,5,0,45,0],"v":{"id":1,"t":[4,0],"tid":318}},{"k":[49,5,0,46,0],"v":{"id":1,"t":[4,0],"tid":318}},{"k":[48,5,0,47,0],"v":{"id":1,"t":[4,0],"tid":318}},{"k":[55,5,0,40,0],"v":{"id":1,"t":[4,0],"tid":318}},{"k":[54,5,0,41,0],"v":{"id":1,"t":[4,0],"tid":318}},{"k":[57,0,0,43,0],"v":{"id":5,"t":[0,0],"tid":423}},{"k":[56,0,0,44,0],"v":{"id":5,"t":[0,0],"tid":324}},{"k":[58,5,0,34,0],"v":{"id":1,"t":[4,0],"tid":370}},{"k":[57,5,0,35,0],"v":{"id":1,"t":[4,0],"tid":318}},{"k":[48,5,0,44,0],"v":{"id":1,"t":[4,0],"tid":318}},{"k":[56,5,0,36,0],"v":{"id":1,"t":[4,0],"tid":318}},{"k":[50,5,0,42,0],"v":{"id":1,"t":[4,0],"tid":318}},{"k":[55,5,0,37,0],"v":{"id":1,"t":[4,0],"tid":318}},{"k":[53,5,0,39,0],"v":{"id":1,"t":[4,0],"tid":318}},{"k":[54,5,0,38,0],"v":{"id":1,"t":[4,0],"tid":318}},{"k":[52,5,0,40,0],"v":{"id":1,"t":[4,0],"tid":318}},{"k":[51,5,0,41,0],"v":{"id":1,"t":[4,0],"tid":318}},{"k":[49,5,0,43,0],"v":{"id":1,"t":[4,0],"tid":318}},{"k":[54,0,0,43,0],"v":{"id":5,"t":[0,0],"tid":274}},{"k":[58,5,0,35,0],"v":{"id":1,"t":[4,0],"tid":370}},{"k":[56,5,0,37,0],"v":{"id":1,"t":[4,0],"tid":318}},{"k":[57,5,0,36,0],"v":{"id":1,"t":[4,0],"tid":318}},{"k":[49,5,0,44,0],"v":{"id":1,"t":[4,0],"tid":318}},{"k":[50,5,0,43,0],"v":{"id":1,"t":[4,0],"tid":318}},{"k":[48,5,0,45,0],"v":{"id":1,"t":[4,0],"tid":318}},{"k":[55,5,0,38,0],"v":{"id":1,"t":[4,0],"tid":318}},{"k":[54,5,0,39,0],"v":{"id":1,"t":[4,0],"tid":318}},{"k":[53,5,0,40,0],"v":{"id":1,"t":[4,0],"tid":318}},{"k":[52,5,0,41,0],"v":{"id":1,"t":[4,0],"tid":318}},{"k":[51,5,0,42,0],"v":{"id":1,"t":[4,0],"tid":318}},{"k":[55,0,0,43,0],"v":{"id":5,"t":[0,0],"tid":461}},{"k":[56,5,0,42,0],"v":{"id":1,"t":[4,0],"tid":318}},{"k":[57,5,0,41,0],"v":{"id":1,"t":[4,0],"tid":318}},{"k":[58,5,0,40,0],"v":{"id":1,"t":[4,0],"tid":370}},{"k":[55,5,0,43,0],"v":{"id":1,"t":[4,0],"tid":318}},{"k":[51,5,0,47,0],"v":{"id":1,"t":[4,0],"tid":318}},{"k":[52,5,0,46,0],"v":{"id":1,"t":[4,0],"tid":318}},{"k":[54,5,0,44,0],"v":{"id":1,"t":[4,0],"tid":318}},{"k":[53,5,0,45,0],"v":{"id":1,"t":[4,0],"tid":318}},{"k":[54,5,0,45,0],"v":{"id":1,"t":[4,0],"tid":318}},{"k":[57,5,0,42,0],"v":{"id":1,"t":[4,0],"tid":318}},{"k":[58,5,0,41,0],"v":{"id":1,"t":[4,0],"tid":370}},{"k":[56,5,0,43,0],"v":{"id":1,"t":[4,0],"tid":318}},{"k":[55,5,0,44,0],"v":{"id":1,"t":[4,0],"tid":318}},{"k":[52,5,0,47,0],"v":{"id":1,"t":[4,0],"tid":318}},{"k":[53,5,0,46,0],"v":{"id":1,"t":[4,0],"tid":318}},{"k":[58,5,0,38,0],"v":{"id":1,"t":[4,0],"tid":370}},{"k":[56,5,0,40,0],"v":{"id":1,"t":[4,0],"tid":318}},{"k":[57,5,0,39,0],"v":{"id":1,"t":[4,0],"tid":318}},{"k":[54,5,0,42,0],"v":{"id":1,"t":[4,0],"tid":318}},{"k":[53,5,0,43,0],"v":{"id":1,"t":[4,0],"tid":318}},{"k":[52,5,0,44,0],"v":{"id":1,"t":[4,0],"tid":318}},{"k":[51,5,0,45,0],"v":{"id":1,"t":[4,0],"tid":318}},{"k":[50,5,0,46,0],"v":{"id":1,"t":[4,0],"tid":318}},{"k":[49,5,0,47,0],"v":{"id":1,"t":[4,0],"tid":318}},{"k":[55,5,0,41,0],"v":{"id":1,"t":[4,0],"tid":318}},{"k":[57,0,0,44,0],"v":{"id":5,"t":[0,0],"tid":274}},{"k":[58,5,0,39,0],"v":{"id":1,"t":[4,0],"tid":370}},{"k":[56,5,0,41,0],"v":{"id":1,"t":[4,0],"tid":318}},{"k":[57,5,0,40,0],"v":{"id":1,"t":[4,0],"tid":318}},{"k":[54,5,0,43,0],"v":{"id":1,"t":[4,0],"tid":318}},{"k":[55,5,0,42,0],"v":{"id":1,"t":[4,0],"tid":318}},{"k":[51,5,0,46,0],"v":{"id":1,"t":[4,0],"tid":318}},{"k":[52,5,0,45,0],"v":{"id":1,"t":[4,0],"tid":318}},{"k":[53,5,0,44,0],"v":{"id":1,"t":[4,0],"tid":318}},{"k":[50,5,0,47,0],"v":{"id":1,"t":[4,0],"tid":318}},{"k":[58,0,0,44,0],"v":{"id":5,"t":[0,0],"tid":425}},{"k":[54,5,0,32,0],"v":{"id":1,"t":[4,0],"tid":318}},{"k":[53,5,0,33,0],"v":{"id":1,"t":[4,0],"tid":318}},{"k":[52,5,0,34,0],"v":{"id":1,"t":[4,0],"tid":318}},{"k":[49,5,0,37,0],"v":{"id":1,"t":[4,0],"tid":318}},{"k":[48,5,0,38,0],"v":{"id":1,"t":[4,0],"tid":318}},{"k":[51,5,0,35,0],"v":{"id":1,"t":[4,0],"tid":318}},{"k":[50,5,0,36,0],"v":{"id":1,"t":[4,0],"tid":318}},{"k":[49,0,0,42,0],"v":{"id":5,"t":[0,0],"tid":520}},{"k":[53,5,0,34,0],"v":{"id":1,"t":[4,0],"tid":318}},{"k":[55,5,0,32,0],"v":{"id":1,"t":[4,0],"tid":318}},{"k":[51,5,0,36,0],"v":{"id":1,"t":[4,0],"tid":318}},{"k":[50,5,0,37,0],"v":{"id":1,"t":[4,0],"tid":318}},{"k":[54,5,0,33,0],"v":{"id":1,"t":[4,0],"tid":318}},{"k":[49,5,0,38,0],"v":{"id":1,"t":[4,0],"tid":318}},{"k":[48,5,0,39,0],"v":{"id":1,"t":[4,0],"tid":318}},{"k":[52,5,0,35,0],"v":{"id":1,"t":[4,0],"tid":318}},{"k":[50,0,0,42,0],"v":{"id":5,"t":[0,0],"tid":477}},{"k":[52,5,0,32,0],"v":{"id":1,"t":[4,0],"tid":318}},{"k":[48,5,0,36,0],"v":{"id":1,"t":[4,0],"tid":318}},{"k":[49,5,0,35,0],"v":{"id":1,"t":[4,0],"tid":318}},{"k":[51,5,0,33,0],"v":{"id":1,"t":[4,0],"tid":318}},{"k":[50,5,0,34,0],"v":{"id":1,"t":[4,0],"tid":318}},{"k":[48,0,0,41,0],"v":{"id":5,"t":[0,0],"tid":274}},{"k":[53,5,0,32,0],"v":{"id":1,"t":[4,0],"tid":318}},{"k":[52,5,0,33,0],"v":{"id":1,"t":[4,0],"tid":318}},{"k":[49,5,0,36,0],"v":{"id":1,"t":[4,0],"tid":318}},{"k":[48,5,0,37,0],"v":{"id":1,"t":[4,0],"tid":318}},{"k":[50,5,0,35,0],"v":{"id":1,"t":[4,0],"tid":318}},{"k":[51,5,0,34,0],"v":{"id":1,"t":[4,0],"tid":318}},{"k":[49,0,0,41,0],"v":{"id":5,"t":[0,0],"tid":413}},{"k":[50,5,0,40,0],"v":{"id":1,"t":[4,0],"tid":318}},{"k":[48,5,0,42,0],"v":{"id":1,"t":[4,0],"tid":318}},{"k":[57,5,0,33,0],"v":{"id":1,"t":[4,0],"tid":318}},{"k":[58,5,0,32,0],"v":{"id":1,"t":[4,0],"tid":370}},{"k":[56,5,0,34,0],"v":{"id":1,"t":[4,0],"tid":318}},{"k":[49,5,0,41,0],"v":{"id":1,"t":[4,0],"tid":318}},{"k":[55,5,0,35,0],"v":{"id":1,"t":[4,0],"tid":318}},{"k":[54,5,0,36,0],"v":{"id":1,"t":[4,0],"tid":318}},{"k":[53,5,0,37,0],"v":{"id":1,"t":[4,0],"tid":318}},{"k":[52,5,0,38,0],"v":{"id":1,"t":[4,0],"tid":318}},{"k":[51,5,0,39,0],"v":{"id":1,"t":[4,0],"tid":318}},{"k":[53,0,0,42,0],"v":{"id":5,"t":[0,0],"tid":471}},{"k":[52,0,0,43,0],"v":{"id":5,"t":[0,0],"tid":324}},{"k":[58,5,0,33,0],"v":{"id":1,"t":[4,0],"tid":370}},{"k":[57,5,0,34,0],"v":{"id":1,"t":[4,0],"tid":318}},{"k":[56,5,0,35,0],"v":{"id":1,"t":[4,0],"tid":318}},{"k":[49,5,0,42,0],"v":{"id":1,"t":[4,0],"tid":318}},{"k":[50,5,0,41,0],"v":{"id":1,"t":[4,0],"tid":318}},{"k":[55,5,0,36,0],"v":{"id":1,"t":[4,0],"tid":318}},{"k":[54,5,0,37,0],"v":{"id":1,"t":[4,0],"tid":318}},{"k":[53,5,0,38,0],"v":{"id":1,"t":[4,0],"tid":318}},{"k":[52,5,0,39,0],"v":{"id":1,"t":[4,0],"tid":318}},{"k":[51,5,0,40,0],"v":{"id":1,"t":[4,0],"tid":318}},{"k":[48,5,0,43,0],"v":{"id":1,"t":[4,0],"tid":318}},{"k":[54,0,0,42,0],"v":{"id":5,"t":[0,0],"tid":423}},{"k":[53,0,0,43,0],"v":{"id":5,"t":[0,0],"tid":324}},{"k":[56,5,0,32,0],"v":{"id":1,"t":[4,0],"tid":318}},{"k":[55,5,0,33,0],"v":{"id":1,"t":[4,0],"tid":318}},{"k":[54,5,0,34,0],"v":{"id":1,"t":[4,0],"tid":318}},{"k":[52,5,0,36,0],"v":{"id":1,"t":[4,0],"tid":318}},{"k":[53,5,0,35,0],"v":{"id":1,"t":[4,0],"tid":318}},{"k":[50,5,0,38,0],"v":{"id":1,"t":[4,0],"tid":318}},{"k":[51,5,0,37,0],"v":{"id":1,"t":[4,0],"tid":318}},{"k":[48,5,0,40,0],"v":{"id":1,"t":[4,0],"tid":318}},{"k":[49,5,0,39,0],"v":{"id":1,"t":[4,0],"tid":318}},{"k":[51,0,0,42,0],"v":{"id":5,"t":[0,0],"tid":461}},{"k":[57,5,0,32,0],"v":{"id":1,"t":[4,0],"tid":318}},{"k":[56,5,0,33,0],"v":{"id":1,"t":[4,0],"tid":318}},{"k":[49,5,0,40,0],"v":{"id":1,"t":[4,0],"tid":318}},{"k":[48,5,0,41,0],"v":{"id":1,"t":[4,0],"tid":318}},{"k":[55,5,0,34,0],"v":{"id":1,"t":[4,0],"tid":318}},{"k":[53,5,0,36,0],"v":{"id":1,"t":[4,0],"tid":318}},{"k":[52,5,0,37,0],"v":{"id":1,"t":[4,0],"tid":318}},{"k":[54,5,0,35,0],"v":{"id":1,"t":[4,0],"tid":318}},{"k":[50,5,0,39,0],"v":{"id":1,"t":[4,0],"tid":318}},{"k":[51,5,0,38,0],"v":{"id":1,"t":[4,0],"tid":318}},{"k":[52,0,0,42,0],"v":{"id":5,"t":[0,0],"tid":471}},{"k":[51,0,0,43,0],"v":{"id":5,"t":[0,0],"tid":570}},{"k":[50,5,0,32,0],"v":{"id":1,"t":[4,0],"tid":318}},{"k":[49,5,0,33,0],"v":{"id":1,"t":[4,0],"tid":318}},{"k":[48,5,0,34,0],"v":{"id":1,"t":[4,0],"tid":318}},{"k":[51,5,0,32,0],"v":{"id":1,"t":[4,0],"tid":318}},{"k":[48,5,0,35,0],"v":{"id":1,"t":[4,0],"tid":318}},{"k":[50,5,0,33,0],"v":{"id":1,"t":[4,0],"tid":318}},{"k":[49,5,0,34,0],"v":{"id":1,"t":[4,0],"tid":318}},{"k":[48,0,0,40,0],"v":{"id":5,"t":[0,0],"tid":423}},{"k":[48,5,0,32,0],"v":{"id":1,"t":[4,0],"tid":318}},{"k":[48,5,0,33,0],"v":{"id":1,"t":[4,0],"tid":318}},{"k":[49,5,0,32,0],"v":{"id":1,"t":[4,0],"tid":318}}],"floors":[{"k":[59,6,0,42,0],"v":{"t":[0,0]}},{"k":[59,6,0,43,0],"v":{"t":[0,0]}},{"k":[59,0,0,46,0],"v":{"t":[0,0]}},{"k":[58,0,0,47,0],"v":{"t":[0,0]}},{"k":[59,6,0,40,0],"v":{"t":[0,0]}},{"k":[59,0,0,47,0],"v":{"t":[0,0]}},{"k":[59,6,0,41,0],"v":{"t":[0,0]}},{"k":[59,6,0,46,0],"v":{"t":[0,0]}},{"k":[59,6,0,47,0],"v":{"t":[0,0]}},{"k":[59,6,0,44,0],"v":{"t":[0,0]}},{"k":[59,6,0,45,0],"v":{"t":[0,0]}},{"k":[59,0,0,40,0],"v":{"t":[0,0]}},{"k":[58,0,0,41,0],"v":{"t":[0,0]}},{"k":[57,0,0,42,0],"v":{"t":[0,0]}},{"k":[54,0,0,45,0],"v":{"t":[0,0]}},{"k":[53,0,0,46,0],"v":{"t":[0,0]}},{"k":[52,0,0,47,0],"v":{"t":[0,0]}},{"k":[59,6,0,34,0],"v":{"t":[0,0]}},{"k":[59,0,0,41,0],"v":{"t":[0,0]}},{"k":[58,0,0,42,0],"v":{"t":[0,0]}},{"k":[55,0,0,45,0],"v":{"t":[0,0]}},{"k":[54,0,0,46,0],"v":{"t":[0,0]}},{"k":[53,0,0,47,0],"v":{"t":[0,0]}},{"k":[59,6,0,35,0],"v":{"t":[0,0]}},{"k":[59,0,0,38,0],"v":{"t":[0,0]}},{"k":[58,0,0,39,0],"v":{"t":[0,0]}},{"k":[57,0,0,40,0],"v":{"t":[0,0]}},{"k":[56,0,0,41,0],"v":{"t":[0,0]}},{"k":[55,0,0,42,0],"v":{"t":[0,0]}},{"k":[53,0,0,44,0],"v":{"t":[0,0]}},{"k":[52,0,0,45,0],"v":{"t":[0,0]}},{"k":[51,0,0,46,0],"v":{"t":[0,0]}},{"k":[50,0,0,47,0],"v":{"t":[0,0]}},{"k":[59,6,0,32,0],"v":{"t":[0,0]}},{"k":[59,0,0,39,0],"v":{"t":[0,0]}},{"k":[58,0,0,40,0],"v":{"t":[0,0]}},{"k":[57,0,0,41,0],"v":{"t":[0,0]}},{"k":[56,0,0,42,0],"v":{"t":[0,0]}},{"k":[54,0,0,44,0],"v":{"t":[0,0]}},{"k":[53,0,0,45,0],"v":{"t":[0,0]}},{"k":[52,0,0,46,0],"v":{"t":[0,0]}},{"k":[51,0,0,47,0],"v":{"t":[0,0]}},{"k":[59,6,0,33,0],"v":{"t":[0,0]}},{"k":[59,0,0,44,0],"v":{"t":[0,0]}},{"k":[58,0,0,45,0],"v":{"t":[0,0]}},{"k":[57,0,0,46,0],"v":{"t":[0,0]}},{"k":[56,0,0,47,0],"v":{"t":[0,0]}},{"k":[59,6,0,38,0],"v":{"t":[0,0]}},{"k":[59,0,0,45,0],"v":{"t":[0,0]}},{"k":[58,0,0,46,0],"v":{"t":[0,0]}},{"k":[57,0,0,47,0],"v":{"t":[0,0]}},{"k":[59,6,0,39,0],"v":{"t":[0,0]}},{"k":[59,0,0,42,0],"v":{"t":[0,0]}},{"k":[58,0,0,43,0],"v":{"t":[0,0]}},{"k":[56,0,0,45,0],"v":{"t":[0,0]}},{"k":[55,0,0,46,0],"v":{"t":[0,0]}},{"k":[54,0,0,47,0],"v":{"t":[0,0]}},{"k":[59,6,0,36,0],"v":{"t":[0,0]}},{"k":[59,0,0,43,0],"v":{"t":[0,0]}},{"k":[57,0,0,45,0],"v":{"t":[0,0]}},{"k":[56,0,0,46,0],"v":{"t":[0,0]}},{"k":[55,0,0,47,0],"v":{"t":[0,0]}},{"k":[59,6,0,37,0],"v":{"t":[0,0]}},{"k":[59,0,0,32,0],"v":{"t":[0,0]}},{"k":[58,0,0,33,0],"v":{"t":[0,0]}},{"k":[57,0,0,34,0],"v":{"t":[0,0]}},{"k":[56,0,0,35,0],"v":{"t":[0,0]}},{"k":[55,0,0,36,0],"v":{"t":[0,0]}},{"k":[54,0,0,37,0],"v":{"t":[0,0]}},{"k":[53,0,0,38,0],"v":{"t":[0,0]}},{"k":[52,0,0,39,0],"v":{"t":[0,0]}},{"k":[51,0,0,40,0],"v":{"t":[0,0]}},{"k":[50,0,0,41,0],"v":{"t":[0,0]}},{"k":[48,0,0,43,0],"v":{"t":[0,0]}},{"k":[59,0,0,33,0],"v":{"t":[0,0]}},{"k":[58,0,0,34,0],"v":{"t":[0,0]}},{"k":[57,0,0,35,0],"v":{"t":[0,0]}},{"k":[56,0,0,36,0],"v":{"t":[0,0]}},{"k":[55,0,0,37,0],"v":{"t":[0,0]}},{"k":[54,0,0,38,0],"v":{"t":[0,0]}},{"k":[53,0,0,39,0],"v":{"t":[0,0]}},{"k":[52,0,0,40,0],"v":{"t":[0,0]}},{"k":[51,0,0,41,0],"v":{"t":[0,0]}},{"k":[49,0,0,43,0],"v":{"t":[0,0]}},{"k":[48,0,0,44,0],"v":{"t":[0,0]}},{"k":[57,0,0,32,0],"v":{"t":[0,0]}},{"k":[56,0,0,33,0],"v":{"t":[0,0]}},{"k":[55,0,0,34,0],"v":{"t":[0,0]}},{"k":[54,0,0,35,0],"v":{"t":[0,0]}},{"k":[53,0,0,36,0],"v":{"t":[0,0]}},{"k":[52,0,0,37,0],"v":{"t":[0,0]}},{"k":[51,0,0,38,0],"v":{"t":[0,0]}},{"k":[50,0,0,39,0],"v":{"t":[0,0]}},{"k":[49,0,0,40,0],"v":{"t":[0,0]}},{"k":[58,0,0,32,0],"v":{"t":[0,0]}},{"k":[57,0,0,33,0],"v":{"t":[0,0]}},{"k":[56,0,0,34,0],"v":{"t":[0,0]}},{"k":[55,0,0,35,0],"v":{"t":[0,0]}},{"k":[54,0,0,36,0],"v":{"t":[0,0]}},{"k":[53,0,0,37,0],"v":{"t":[0,0]}},{"k":[52,0,0,38,0],"v":{"t":[0,0]}},{"k":[51,0,0,39,0],"v":{"t":[0,0]}},{"k":[50,0,0,40,0],"v":{"t":[0,0]}},{"k":[48,0,0,42,0],"v":{"t":[0,0]}},{"k":[59,0,0,36,0],"v":{"t":[0,0]}},{"k":[58,0,0,37,0],"v":{"t":[0,0]}},{"k":[57,0,0,38,0],"v":{"t":[0,0]}},{"k":[56,0,0,39,0],"v":{"t":[0,0]}},{"k":[55,0,0,40,0],"v":{"t":[0,0]}},{"k":[54,0,0,41,0],"v":{"t":[0,0]}},{"k":[51,0,0,44,0],"v":{"t":[0,0]}},{"k":[50,0,0,45,0],"v":{"t":[0,0]}},{"k":[49,0,0,46,0],"v":{"t":[0,0]}},{"k":[48,0,0,47,0],"v":{"t":[0,0]}},{"k":[59,0,0,37,0],"v":{"t":[0,0]}},{"k":[58,0,0,38,0],"v":{"t":[0,0]}},{"k":[57,0,0,39,0],"v":{"t":[0,0]}},{"k":[56,0,0,40,0],"v":{"t":[0,0]}},{"k":[55,0,0,41,0],"v":{"t":[0,0]}},{"k":[52,0,0,44,0],"v":{"t":[0,0]}},{"k":[51,0,0,45,0],"v":{"t":[0,0]}},{"k":[50,0,0,46,0],"v":{"t":[0,0]}},{"k":[49,0,0,47,0],"v":{"t":[0,0]}},{"k":[59,0,0,34,0],"v":{"t":[0,0]}},{"k":[58,0,0,35,0],"v":{"t":[0,0]}},{"k":[57,0,0,36,0],"v":{"t":[0,0]}},{"k":[56,0,0,37,0],"v":{"t":[0,0]}},{"k":[55,0,0,38,0],"v":{"t":[0,0]}},{"k":[54,0,0,39,0],"v":{"t":[0,0]}},{"k":[53,0,0,40,0],"v":{"t":[0,0]}},{"k":[52,0,0,41,0],"v":{"t":[0,0]}},{"k":[50,0,0,43,0],"v":{"t":[0,0]}},{"k":[49,0,0,44,0],"v":{"t":[0,0]}},{"k":[48,0,0,45,0],"v":{"t":[0,0]}},{"k":[59,0,0,35,0],"v":{"t":[0,0]}},{"k":[58,0,0,36,0],"v":{"t":[0,0]}},{"k":[57,0,0,37,0],"v":{"t":[0,0]}},{"k":[56,0,0,38,0],"v":{"t":[0,0]}},{"k":[55,0,0,39,0],"v":{"t":[0,0]}},{"k":[54,0,0,40,0],"v":{"t":[0,0]}},{"k":[53,0,0,41,0],"v":{"t":[0,0]}},{"k":[50,0,0,44,0],"v":{"t":[0,0]}},{"k":[49,0,0,45,0],"v":{"t":[0,0]}},{"k":[48,0,0,46,0],"v":{"t":[0,0]}},{"k":[51,0,0,32,0],"v":{"t":[0,0]}},{"k":[50,0,0,33,0],"v":{"t":[0,0]}},{"k":[49,0,0,34,0],"v":{"t":[0,0]}},{"k":[48,0,0,35,0],"v":{"t":[0,0]}},{"k":[52,0,0,32,0],"v":{"t":[0,0]}},{"k":[51,0,0,33,0],"v":{"t":[0,0]}},{"k":[50,0,0,34,0],"v":{"t":[0,0]}},{"k":[49,0,0,35,0],"v":{"t":[0,0]}},{"k":[48,0,0,36,0],"v":{"t":[0,0]}},{"k":[49,0,0,32,0],"v":{"t":[0,0]}},{"k":[48,0,0,33,0],"v":{"t":[0,0]}},{"k":[50,0,0,32,0],"v":{"t":[0,0]}},{"k":[49,0,0,33,0],"v":{"t":[0,0]}},{"k":[48,0,0,34,0],"v":{"t":[0,0]}},{"k":[55,0,0,32,0],"v":{"t":[0,0]}},{"k":[54,0,0,33,0],"v":{"t":[0,0]}},{"k":[53,0,0,34,0],"v":{"t":[0,0]}},{"k":[52,0,0,35,0],"v":{"t":[0,0]}},{"k":[51,0,0,36,0],"v":{"t":[0,0]}},{"k":[50,0,0,37,0],"v":{"t":[0,0]}},{"k":[49,0,0,38,0],"v":{"t":[0,0]}},{"k":[48,0,0,39,0],"v":{"t":[0,0]}},{"k":[56,0,0,32,0],"v":{"t":[0,0]}},{"k":[55,0,0,33,0],"v":{"t":[0,0]}},{"k":[54,0,0,34,0],"v":{"t":[0,0]}},{"k":[53,0,0,35,0],"v":{"t":[0,0]}},{"k":[52,0,0,36,0],"v":{"t":[0,0]}},{"k":[51,0,0,37,0],"v":{"t":[0,0]}},{"k":[50,0,0,38,0],"v":{"t":[0,0]}},{"k":[49,0,0,39,0],"v":{"t":[0,0]}},{"k":[53,0,0,32,0],"v":{"t":[0,0]}},{"k":[52,0,0,33,0],"v":{"t":[0,0]}},{"k":[51,0,0,34,0],"v":{"t":[0,0]}},{"k":[50,0,0,35,0],"v":{"t":[0,0]}},{"k":[49,0,0,36,0],"v":{"t":[0,0]}},{"k":[48,0,0,37,0],"v":{"t":[0,0]}},{"k":[54,0,0,32,0],"v":{"t":[0,0]}},{"k":[53,0,0,33,0],"v":{"t":[0,0]}},{"k":[52,0,0,34,0],"v":{"t":[0,0]}},{"k":[51,0,0,35,0],"v":{"t":[0,0]}},{"k":[50,0,0,36,0],"v":{"t":[0,0]}},{"k":[49,0,0,37,0],"v":{"t":[0,0]}},{"k":[48,0,0,38,0],"v":{"t":[0,0]}},{"k":[48,0,0,32,0],"v":{"t":[0,0]}}]},"moun":{"a":[{"k":[59,0,0,40,0],"v":{"b":true,"hs":6,"sid":5,"t":true,"wp":31.25}},{"k":[59,0,0,41,0],"v":{"b":true,"hs":6,"sid":5,"t":true,"wp":31.25}},{"k":[59,0,0,38,0],"v":{"b":true,"hs":6,"sid":5,"t":true,"wp":31.25}},{"k":[59,0,0,39,0],"v":{"b":true,"hs":6,"sid":5,"t":true,"wp":31.25}},{"k":[59,0,0,44,0],"v":{"b":true,"hs":6,"sid":5,"t":true,"wp":31.25}},{"k":[59,0,0,45,0],"v":{"b":true,"hs":6,"sid":5,"t":true,"wp":31.25}},{"k":[59,0,0,42,0],"v":{"b":true,"hs":6,"sid":5,"t":true,"wp":31.25}},{"k":[59,0,0,43,0],"v":{"b":true,"hs":6,"sid":5,"t":true,"wp":31.25}},{"k":[59,0,0,32,0],"v":{"b":true,"hs":6,"sid":5,"t":true,"wp":31.25}},{"k":[59,0,0,33,0],"v":{"b":true,"hs":6,"sid":5,"t":true,"wp":31.25}},{"k":[59,0,0,46,0],"v":{"b":true,"hs":6,"sid":5,"t":true,"wp":31.25}},{"k":[59,0,0,36,0],"v":{"b":true,"hs":6,"sid":5,"t":true,"wp":31.25}},{"k":[59,0,0,47,0],"v":{"b":true,"hs":6,"sid":5,"t":true,"wp":31.25}},{"k":[59,0,0,37,0],"v":{"b":true,"hs":6,"sid":5,"t":true,"wp":31.25}},{"k":[59,0,0,34,0],"v":{"b":true,"hs":6,"sid":5,"t":true,"wp":31.25}},{"k":[59,0,0,35,0],"v":{"b":true,"hs":6,"sid":5,"t":true,"wp":31.25}}],"o":[]},"objs":{"list":[]},"objs3d":{"a":[],"o":[]},"sprites":{"list":[{"k":[53,0,0,38,0],"v":{"f":false,"k":4,"t":[2,5,1,2]}},{"k":[56,0,0,33,0],"v":{"f":false,"k":4,"t":[2,15,1,1]}},{"k":[53,4,0,32,0],"v":{"f":false,"k":4,"t":[4,5,1,2]}},{"k":[56,4,0,45,0],"v":{"f":false,"k":4,"t":[4,5,1,2]}},{"k":[51,0,0,44,0],"v":{"f":false,"k":4,"t":[2,15,1,1]}},{"k":[49,0,0,46,0],"v":{"f":false,"k":4,"t":[2,5,1,2]}},{"k":[55,0,0,41,0],"v":{"f":false,"k":4,"t":[2,15,1,1]}}],"overflow":[],"walls":[]}}