{"lands":{"autotiles":[{"k":[58,5,0,12,0],"v":{"id":1,"t":[4,0],"tid":370}},{"k":[59,5,0,11,0],"v":{"id":1,"t":[4,0],"tid":372}},{"k":[57,5,0,13,0],"v":{"id":1,"t":[4,0],"tid":318}},{"k":[55,5,0,15,0],"v":{"id":1,"t":[4,0],"tid":318}},{"k":[56,5,0,14,0],"v":{"id":1,"t":[4,0],"tid":318}},{"k":[58,5,0,13,0],"v":{"id":1,"t":[4,0],"tid":370}},{"k":[57,5,0,14,0],"v":{"id":1,"t":[4,0],"tid":318}},{"k":[56,5,0,15,0],"v":{"id":1,"t":[4,0],"tid":318}},{"k":[54,5,0,14,0],"v":{"id":1,"t":[4,0],"tid":318}},{"k":[58,5,0,10,0],"v":{"id":1,"t":[4,0],"tid":268}},{"k":[57,5,0,11,0],"v":{"id":1,"t":[4,0],"tid":318}},{"k":[55,5,0,13,0],"v":{"id":1,"t":[4,0],"tid":318}},{"k":[56,5,0,12,0],"v":{"id":1,"t":[4,0],"tid":318}},{"k":[53,5,0,15,0],"v":{"id":1,"t":[4,0],"tid":318}},{"k":[58,5,0,11,0],"v":{"id":1,"t":[4,0],"tid":316}},{"k":[59,5,0,10,0],"v":{"id":1,"t":[4,0],"tid":423}},{"k":[57,5,0,12,0],"v":{"id":1,"t":[4,0],"tid":318}},{"k":[55,5,0,14,0],"v":{"id":1,"t":[4,0],"tid":318}},{"k":[56,5,0,13,0],"v":{"id":1,"t":[4,0],"tid":318}},{"k":[54,5,0,15,0],"v":{"id":1,"t":[4,0],"tid":318}},{"k":[58,5,0,14,0],"v":{"id":1,"t":[4,0],"tid":370}},{"k":[57,5,0,15,0],"v":{"id":1,"t":[4,0],"tid":318}},{"k":[58,5,0,15,0],"v":{"id":1,"t":[4,0],"tid":370}},{"k":[49,5,0,13,0],"v":{"id":1,"t":[4,0],"tid":318}},{"k":[48,5,0,14,0],"v":{"id":1,"t":[4,0],"tid":318}},{"k":[58,5,0,4,0],"v":{"id":1,"t":[4,0],"tid":370}},{"k":[56,5,0,6,0],"v":{"id":1,"t":[4,0],"tid":318}},{"k":[55,5,0,7,0],"v":{"id":1,"t":[4,0],"tid":318}},{"k":[57,5,0,5,0],"v":{"id":1,"t":[4,0],"tid":318}},{"k":[54,5,0,8,0],"v":{"id":1,"t":[4,0],"tid":318}},{"k":[53,5,0,9,0],"v":{"id":1,"t":[4,0],"tid":318}},{"k":[51,5,0,11,0],"v":{"id":1,"t":[4,0],"tid":318}},{"k":[52,5,0,10,0],"v":{"id":1,"t":[4,0],"tid":318}},{"k":[50,5,0,12,0],"v":{"id":1,"t":[4,0],"tid":318}},{"k":[49,5,0,14,0],"v":{"id":1,"t":[4,0],"tid":318}},{"k":[54,5,0,9,0],"v":{"id":1,"t":[4,0],"tid":318}},{"k":[58,5,0,5,0],"v":{"id":1,"t":[4,0],"tid":370}},{"k":[56,5,0,7,0],"v":{"id":1,"t":[4,0],"tid":318}},{"k":[57,5,0,6,0],"v":{"id":1,"t":[4,0],"tid":318}},{"k":[55,5,0,8,0],"v":{"id":1,"t":[4,0],"tid":318}},{"k":[51,5,0,12,0],"v":{"id":1,"t":[4,0],"tid":318}},{"k":[53,5,0,10,0],"v":{"id":1,"t":[4,0],"tid":318}},{"k":[52,5,0,11,0],"v":{"id":1,"t":[4,0],"tid":318}},{"k":[50,5,0,13,0],"v":{"id":1,"t":[4,0],"tid":318}},{"k":[48,5,0,15,0],"v":{"id":1,"t":[4,0],"tid":318}},{"k":[54,5,0,6,0],"v":{"id":1,"t":[4,0],"tid":318}},{"k":[58,5,0,2,0],"v":{"id":1,"t":[4,0],"tid":266}},{"k":[56,5,0,4,0],"v":{"id":1,"t":[4,0],"tid":318}},{"k":[57,5,0,3,0],"v":{"id":1,"t":[4,0],"tid":318}},{"k":[55,5,0,5,0],"v":{"id":1,"t":[4,0],"tid":318}},{"k":[53,5,0,7,0],"v":{"id":1,"t":[4,0],"tid":318}},{"k":[52,5,0,8,0],"v":{"id":1,"t":[4,0],"tid":318}},{"k":[51,5,0,9,0],"v":{"id":1,"t":[4,0],"tid":318}},{"k":[50,5,0,10,0],"v":{"id":1,"t":[4,0],"tid":318}},{"k":[48,5,0,12,0],"v":{"id":1,"t":[4,0],"tid":318}},{"k":[49,5,0,11,0],"v":{"id":1,"t":[4,0],"tid":318}},{"k":[48,5,0,13,0],"v":{"id":1,"t":[4,0],"tid":318}},{"k":[59,5,0,2,0],"v":{"id":1,"t":[4,0],"tid":425}},{"k":[58,5,0,3,0],"v":{"id":1,"t":[4,0],"tid":370}},{"k":[55,5,0,6,0],"v":{"id":1,"t":[4,0],"tid":318}},{"k":[57,5,0,4,0],"v":{"id":1,"t":[4,0],"tid":318}},{"k":[56,5,0,5,0],"v":{"id":1,"t":[4,0],"tid":318}},{"k":[54,5,0,7,0],"v":{"id":1,"t":[4,0],"tid":318}},{"k":[53,5,0,8,0],"v":{"id":1,"t":[4,0],"tid":318}},{"k":[52,5,0,9,0],"v":{"id":1,"t":[4,0],"tid":318}},{"k":[51,5,0,10,0],"v":{"id":1,"t":[4,0],"tid":318}},{"k":[49,5,0,12,0],"v":{"id":1,"t":[4,0],"tid":318}},{"k":[50,5,0,11,0],"v":{"id":1,"t":[4,0],"tid":318}},{"k":[58,5,0,8,0],"v":{"id":1,"t":[4,0],"tid":370}},{"k":[51,5,0,15,0],"v":{"id":1,"t":[4,0],"tid":318}},{"k":[57,5,0,9,0],"v":{"id":1,"t":[4,0],"tid":318}},{"k":[54,5,0,12,0],"v":{"id":1,"t":[4,0],"tid":318}},{"k":[55,5,0,11,0],"v":{"id":1,"t":[4,0],"tid":318}},{"k":[56,5,0,10,0],"v":{"id":1,"t":[4,0],"tid":318}},{"k":[52,5,0,14,0],"v":{"id":1,"t":[4,0],"tid":318}},{"k":[53,5,0,13,0],"v":{"id":1,"t":[4,0],"tid":318}},{"k":[58,5,0,9,0],"v":{"id":1,"t":[4,0],"tid":370}},{"k":[54,5,0,13,0],"v":{"id":1,"t":[4,0],"tid":318}},{"k":[57,5,0,10,0],"v":{"id":1,"t":[4,0],"tid":318}},{"k":[56,5,0,11,0],"v":{"id":1,"t":[4,0],"tid":318}},{"k":[55,5,0,12,0],"v":{"id":1,"t":[4,0],"tid":318}},{"k":[53,5,0,14,0],"v":{"id":1,"t":[4,0],"tid":318}},{"k":[52,5,0,15,0],"v":{"id":1,"t":[4,0],"tid":318}},{"k":[58,5,0,6,0],"v":{"id":1,"t":[4,0],"tid":370}},{"k":[50,5,0,14,0],"v":{"id":1,"t":[4,0],"tid":318}},{"k":[53,5,0,11,0],"v":{"id":1,"t":[4,0],"tid":318}},{"k":[56,5,0,8,0],"v":{"id":1,"t":[4,0],"tid":318}},{"k":[57,5,0,7,0],"v":{"id":1,"t":[4,0],"tid":318}},{"k":[55,5,0,9,0],"v":{"id":1,"t":[4,0],"tid":318}},{"k":[54,5,0,10,0],"v":{"id":1,"t":[4,0],"tid":318}},{"k":[52,5,0,12,0],"v":{"id":1,"t":[4,0],"tid":318}},{"k":[51,5,0,13,0],"v":{"id":1,"t":[4,0],"tid":318}},{"k":[49,5,0,15,0],"v":{"id":1,"t":[4,0],"tid":318}},{"k":[58,5,0,7,0],"v":{"id":1,"t":[4,0],"tid":370}},{"k":[50,5,0,15,0],"v":{"id":1,"t":[4,0],"tid":318}},{"k":[53,5,0,12,0],"v":{"id":1,"t":[4,0],"tid":318}},{"k":[57,5,0,8,0],"v":{"id":1,"t":[4,0],"tid":318}},{"k":[55,5,0,10,0],"v":{"id":1,"t":[4,0],"tid":318}},{"k":[56,5,0,9,0],"v":{"id":1,"t":[4,0],"tid":318}},{"k":[54,5,0,11,0],"v":{"id":1,"t":[4,0],"tid":318}},{"k":[51,5,0,14,0],"v":{"id":1,"t":[4,0],"tid":318}},{"k":[52,5,0,13,0],"v":{"id":1,"t":[4,0],"tid":318}},{"k":[53,5,0,1,0],"v":{"id":1,"t":[4,0],"tid":471}},{"k":[51,5,0,3,0],"v":{"id":1,"t":[4,0],"tid":318}},{"k":[52,5,0,2,0],"v":{"id":1,"t":[4,0],"tid":318}},{"k":[50,5,0,4,0],"v":{"id":1,"t":[4,0],"tid":318}},{"k":[49,5,0,5,0],"v":{"id":1,"t":[4,0],"tid":318}},{"k":[48,5,0,6,0],"v":{"id":1,"t":[4,0],"tid":318}},{"k":[53,0,0,6,0],"v":{"id":5,"t":[0,0],"tid":274}},{"k":[54,5,0,1,0],"v":{"id":1,"t":[4,0],"tid":471}},{"k":[51,5,0,4,0],"v":{"id":1,"t":[4,0],"tid":318}},{"k":[52,5,0,3,0],"v":{"id":1,"t":[4,0],"tid":318}},{"k":[53,5,0,2,0],"v":{"id":1,"t":[4,0],"tid":318}},{"k":[50,5,0,5,0],"v":{"id":1,"t":[4,0],"tid":318}},{"k":[49,5,0,6,0],"v":{"id":1,"t":[4,0],"tid":318}},{"k":[48,5,0,7,0],"v":{"id":1,"t":[4,0],"tid":318}},{"k":[54,0,0,6,0],"v":{"id":5,"t":[0,0],"tid":477}},{"k":[51,5,0,1,0],"v":{"id":1,"t":[4,0],"tid":471}},{"k":[49,5,0,3,0],"v":{"id":1,"t":[4,0],"tid":318}},{"k":[50,5,0,2,0],"v":{"id":1,"t":[4,0],"tid":318}},{"k":[48,5,0,4,0],"v":{"id":1,"t":[4,0],"tid":318}},{"k":[51,0,0,6,0],"v":{"id":5,"t":[0,0],"tid":570}},{"k":[53,0,0,4,0],"v":{"id":5,"t":[0,0],"tid":370}},{"k":[52,0,0,5,0],"v":{"id":5,"t":[0,0],"tid":318}},{"k":[52,5,0,1,0],"v":{"id":1,"t":[4,0],"tid":471}},{"k":[50,5,0,3,0],"v":{"id":1,"t":[4,0],"tid":318}},{"k":[51,5,0,2,0],"v":{"id":1,"t":[4,0],"tid":318}},{"k":[49,5,0,4,0],"v":{"id":1,"t":[4,0],"tid":318}},{"k":[48,5,0,5,0],"v":{"id":1,"t":[4,0],"tid":318}},{"k":[52,0,0,6,0],"v":{"id":5,"t":[0,0],"tid":324}},{"k":[53,0,0,5,0],"v":{"id":5,"t":[0,0],"tid":370}},{"k":[57,5,0,1,0],"v":{"id":1,"t":[4,0],"tid":268}},{"k":[55,5,0,3,0],"v":{"id":1,"t":[4,0],"tid":318}},{"k":[50,5,0,8,0],"v":{"id":1,"t":[4,0],"tid":318}},{"k":[56,5,0,2,0],"v":{"id":1,"t":[4,0],"tid":318}},{"k":[54,5,0,4,0],"v":{"id":1,"t":[4,0],"tid":318}},{"k":[52,5,0,6,0],"v":{"id":1,"t":[4,0],"tid":318}},{"k":[53,5,0,5,0],"v":{"id":1,"t":[4,0],"tid":318}},{"k":[51,5,0,7,0],"v":{"id":1,"t":[4,0],"tid":318}},{"k":[48,5,0,10,0],"v":{"id":1,"t":[4,0],"tid":318}},{"k":[49,5,0,9,0],"v":{"id":1,"t":[4,0],"tid":318}},{"k":[57,0,0,6,0],"v":{"id":5,"t":[0,0],"tid":425}},{"k":[58,5,0,1,0],"v":{"id":1,"t":[4,0],"tid":423}},{"k":[57,5,0,2,0],"v":{"id":1,"t":[4,0],"tid":318}},{"k":[56,5,0,3,0],"v":{"id":1,"t":[4,0],"tid":318}},{"k":[51,5,0,8,0],"v":{"id":1,"t":[4,0],"tid":318}},{"k":[54,5,0,5,0],"v":{"id":1,"t":[4,0],"tid":318}},{"k":[55,5,0,4,0],"v":{"id":1,"t":[4,0],"tid":318}},{"k":[53,5,0,6,0],"v":{"id":1,"t":[4,0],"tid":318}},{"k":[52,5,0,7,0],"v":{"id":1,"t":[4,0],"tid":318}},{"k":[49,5,0,10,0],"v":{"id":1,"t":[4,0],"tid":318}},{"k":[50,5,0,9,0],"v":{"id":1,"t":[4,0],"tid":318}},{"k":[48,5,0,11,0],"v":{"id":1,"t":[4,0],"tid":318}},{"k":[55,5,0,1,0],"v":{"id":1,"t":[4,0],"tid":471}},{"k":[56,5,0,0,0],"v":{"id":1,"t":[4,0],"tid":225}},{"k":[53,5,0,3,0],"v":{"id":1,"t":[4,0],"tid":318}},{"k":[54,5,0,2,0],"v":{"id":1,"t":[4,0],"tid":318}},{"k":[52,5,0,4,0],"v":{"id":1,"t":[4,0],"tid":318}},{"k":[51,5,0,5,0],"v":{"id":1,"t":[4,0],"tid":318}},{"k":[50,5,0,6,0],"v":{"id":1,"t":[4,0],"tid":318}},{"k":[48,5,0,8,0],"v":{"id":1,"t":[4,0],"tid":318}},{"k":[49,5,0,7,0],"v":{"id":1,"t":[4,0],"tid":318}},{"k":[55,0,0,6,0],"v":{"id":5,"t":[0,0],"tid":477}},{"k":[56,5,0,1,0],"v":{"id":1,"t":[4,0],"tid":62}},{"k":[57,5,0,0,0],"v":{"id":1,"t":[4,0],"tid":423}},{"k":[49,5,0,8,0],"v":{"id":1,"t":[4,0],"tid":318}},{"k":[54,5,0,3,0],"v":{"id":1,"t":[4,0],"tid":318}},{"k":[55,5,0,2,0],"v":{"id":1,"t":[4,0],"tid":318}},{"k":[53,5,0,4,0],"v":{"id":1,"t":[4,0],"tid":318}},{"k":[51,5,0,6,0],"v":{"id":1,"t":[4,0],"tid":318}},{"k":[52,5,0,5,0],"v":{"id":1,"t":[4,0],"tid":318}},{"k":[50,5,0,7,0],"v":{"id":1,"t":[4,0],"tid":318}},{"k":[48,5,0,9,0],"v":{"id":1,"t":[4,0],"tid":318}},{"k":[56,0,0,6,0],"v":{"id":5,"t":[0,0],"tid":477}},{"k":[48,0,0,4,0],"v":{"id":5,"t":[0,0],"tid":477}},{"k":[49,5,0,1,0],"v":{"id":1,"t":[4,0],"tid":471}},{"k":[48,5,0,2,0],"v":{"id":1,"t":[4,0],"tid":318}},{"k":[52,0,0,3,0],"v":{"id":5,"t":[0,0],"tid":471}},{"k":[51,0,0,4,0],"v":{"id":5,"t":[0,0],"tid":318}},{"k":[50,0,0,5,0],"v":{"id":5,"t":[0,0],"tid":324}},{"k":[50,5,0,1,0],"v":{"id":1,"t":[4,0],"tid":471}},{"k":[48,5,0,3,0],"v":{"id":1,"t":[4,0],"tid":318}},{"k":[49,5,0,2,0],"v":{"id":1,"t":[4,0],"tid":318}},{"k":[53,0,0,3,0],"v":{"id":5,"t":[0,0],"tid":423}},{"k":[52,0,0,4,0],"v":{"id":5,"t":[0,0],"tid":318}},{"k":[51,0,0,5,0],"v":{"id":5,"t":[0,0],"tid":308}},{"k":[51,0,0,2,0],"v":{"id":5,"t":[0,0],"tid":177}},{"k":[50,0,0,3,0],"v":{"id":5,"t":[0,0],"tid":225}},{"k":[49,0,0,4,0],"v":{"id":5,"t":[0,0],"tid":461}},{"k":[48,5,0,1,0],"v":{"id":1,"t":[4,0],"tid":471}},{"k":[51,0,0,3,0],"v":{"id":5,"t":[0,0],"tid":12}},{"k":[50,0,0,4,0],"v":{"id":5,"t":[0,0],"tid":62}},{"k":[49,0,0,5,0],"v":{"id":5,"t":[0,0],"tid":570}}],"floors":[{"k":[59,6,0,10,0],"v":{"t":[0,0]}},{"k":[59,6,0,11,0],"v":{"t":[0,0]}},{"k":[58,0,0,15,0],"v":{"t":[0,0]}},{"k":[59,0,0,14,0],"v":{"t":[0,0]}},{"k":[59,6,0,8,0],"v":{"t":[0,0]}},{"k":[59,0,0,15,0],"v":{"t":[0,0]}},{"k":[59,6,0,9,0],"v":{"t":[0,0]}},{"k":[59,6,0,14,0],"v":{"t":[0,0]}},{"k":[59,6,0,15,0],"v":{"t":[0,0]}},{"k":[59,6,0,12,0],"v":{"t":[0,0]}},{"k":[59,6,0,13,0],"v":{"t":[0,0]}},{"k":[52,0,0,15,0],"v":{"t":[0,0]}},{"k":[53,0,0,14,0],"v":{"t":[0,0]}},{"k":[54,0,0,13,0],"v":{"t":[0,0]}},{"k":[55,0,0,12,0],"v":{"t":[0,0]}},{"k":[56,0,0,11,0],"v":{"t":[0,0]}},{"k":[57,0,0,10,0],"v":{"t":[0,0]}},{"k":[58,0,0,9,0],"v":{"t":[0,0]}},{"k":[59,0,0,8,0],"v":{"t":[0,0]}},{"k":[59,6,0,2,0],"v":{"t":[0,0]}},{"k":[53,0,0,15,0],"v":{"t":[0,0]}},{"k":[54,0,0,14,0],"v":{"t":[0,0]}},{"k":[55,0,0,13,0],"v":{"t":[0,0]}},{"k":[56,0,0,12,0],"v":{"t":[0,0]}},{"k":[57,0,0,11,0],"v":{"t":[0,0]}},{"k":[58,0,0,10,0],"v":{"t":[0,0]}},{"k":[59,0,0,9,0],"v":{"t":[0,0]}},{"k":[59,6,0,3,0],"v":{"t":[0,0]}},{"k":[50,0,0,15,0],"v":{"t":[0,0]}},{"k":[51,0,0,14,0],"v":{"t":[0,0]}},{"k":[52,0,0,13,0],"v":{"t":[0,0]}},{"k":[53,0,0,12,0],"v":{"t":[0,0]}},{"k":[54,0,0,11,0],"v":{"t":[0,0]}},{"k":[55,0,0,10,0],"v":{"t":[0,0]}},{"k":[56,0,0,9,0],"v":{"t":[0,0]}},{"k":[57,0,0,8,0],"v":{"t":[0,0]}},{"k":[58,0,0,7,0],"v":{"t":[0,0]}},{"k":[59,0,0,6,0],"v":{"t":[0,0]}},{"k":[59,6,0,0,0],"v":{"t":[0,0]}},{"k":[51,0,0,15,0],"v":{"t":[0,0]}},{"k":[52,0,0,14,0],"v":{"t":[0,0]}},{"k":[53,0,0,13,0],"v":{"t":[0,0]}},{"k":[54,0,0,12,0],"v":{"t":[0,0]}},{"k":[55,0,0,11,0],"v":{"t":[0,0]}},{"k":[56,0,0,10,0],"v":{"t":[0,0]}},{"k":[57,0,0,9,0],"v":{"t":[0,0]}},{"k":[58,0,0,8,0],"v":{"t":[0,0]}},{"k":[59,0,0,7,0],"v":{"t":[0,0]}},{"k":[59,6,0,1,0],"v":{"t":[0,0]}},{"k":[56,0,0,15,0],"v":{"t":[0,0]}},{"k":[57,0,0,14,0],"v":{"t":[0,0]}},{"k":[58,0,0,13,0],"v":{"t":[0,0]}},{"k":[59,0,0,12,0],"v":{"t":[0,0]}},{"k":[59,6,0,6,0],"v":{"t":[0,0]}},{"k":[57,0,0,15,0],"v":{"t":[0,0]}},{"k":[58,0,0,14,0],"v":{"t":[0,0]}},{"k":[59,0,0,13,0],"v":{"t":[0,0]}},{"k":[59,6,0,7,0],"v":{"t":[0,0]}},{"k":[54,0,0,15,0],"v":{"t":[0,0]}},{"k":[55,0,0,14,0],"v":{"t":[0,0]}},{"k":[56,0,0,13,0],"v":{"t":[0,0]}},{"k":[57,0,0,12,0],"v":{"t":[0,0]}},{"k":[58,0,0,11,0],"v":{"t":[0,0]}},{"k":[59,0,0,10,0],"v":{"t":[0,0]}},{"k":[59,6,0,4,0],"v":{"t":[0,0]}},{"k":[55,0,0,15,0],"v":{"t":[0,0]}},{"k":[56,0,0,14,0],"v":{"t":[0,0]}},{"k":[57,0,0,13,0],"v":{"t":[0,0]}},{"k":[58,0,0,12,0],"v":{"t":[0,0]}},{"k":[59,0,0,11,0],"v":{"t":[0,0]}},{"k":[59,6,0,5,0],"v":{"t":[0,0]}},{"k":[48,0,0,11,0],"v":{"t":[0,0]}},{"k":[49,0,0,10,0],"v":{"t":[0,0]}},{"k":[50,0,0,9,0],"v":{"t":[0,0]}},{"k":[51,0,0,8,0],"v":{"t":[0,0]}},{"k":[52,0,0,7,0],"v":{"t":[0,0]}},{"k":[54,0,0,5,0],"v":{"t":[0,0]}},{"k":[55,0,0,4,0],"v":{"t":[0,0]}},{"k":[56,0,0,3,0],"v":{"t":[0,0]}},{"k":[57,0,0,2,0],"v":{"t":[0,0]}},{"k":[58,0,0,1,0],"v":{"t":[0,0]}},{"k":[59,0,0,0,0],"v":{"t":[0,0]}},{"k":[53,6,0,0,0],"v":{"t":[0,0]}},{"k":[48,0,0,12,0],"v":{"t":[0,0]}},{"k":[49,0,0,11,0],"v":{"t":[0,0]}},{"k":[50,0,0,10,0],"v":{"t":[0,0]}},{"k":[51,0,0,9,0],"v":{"t":[0,0]}},{"k":[52,0,0,8,0],"v":{"t":[0,0]}},{"k":[53,0,0,7,0],"v":{"t":[0,0]}},{"k":[55,0,0,5,0],"v":{"t":[0,0]}},{"k":[56,0,0,4,0],"v":{"t":[0,0]}},{"k":[57,0,0,3,0],"v":{"t":[0,0]}},{"k":[58,0,0,2,0],"v":{"t":[0,0]}},{"k":[59,0,0,1,0],"v":{"t":[0,0]}},{"k":[54,6,0,0,0],"v":{"t":[0,0]}},{"k":[48,0,0,9,0],"v":{"t":[0,0]}},{"k":[49,0,0,8,0],"v":{"t":[0,0]}},{"k":[50,0,0,7,0],"v":{"t":[0,0]}},{"k":[54,0,0,3,0],"v":{"t":[0,0]}},{"k":[55,0,0,2,0],"v":{"t":[0,0]}},{"k":[56,0,0,1,0],"v":{"t":[0,0]}},{"k":[57,0,0,0,0],"v":{"t":[0,0]}},{"k":[51,6,0,0,0],"v":{"t":[0,0]}},{"k":[48,0,0,10,0],"v":{"t":[0,0]}},{"k":[49,0,0,9,0],"v":{"t":[0,0]}},{"k":[50,0,0,8,0],"v":{"t":[0,0]}},{"k":[51,0,0,7,0],"v":{"t":[0,0]}},{"k":[54,0,0,4,0],"v":{"t":[0,0]}},{"k":[55,0,0,3,0],"v":{"t":[0,0]}},{"k":[56,0,0,2,0],"v":{"t":[0,0]}},{"k":[57,0,0,1,0],"v":{"t":[0,0]}},{"k":[58,0,0,0,0],"v":{"t":[0,0]}},{"k":[52,6,0,0,0],"v":{"t":[0,0]}},{"k":[48,0,0,15,0],"v":{"t":[0,0]}},{"k":[49,0,0,14,0],"v":{"t":[0,0]}},{"k":[50,0,0,13,0],"v":{"t":[0,0]}},{"k":[51,0,0,12,0],"v":{"t":[0,0]}},{"k":[52,0,0,11,0],"v":{"t":[0,0]}},{"k":[53,0,0,10,0],"v":{"t":[0,0]}},{"k":[54,0,0,9,0],"v":{"t":[0,0]}},{"k":[55,0,0,8,0],"v":{"t":[0,0]}},{"k":[56,0,0,7,0],"v":{"t":[0,0]}},{"k":[58,0,0,5,0],"v":{"t":[0,0]}},{"k":[59,0,0,4,0],"v":{"t":[0,0]}},{"k":[57,6,0,0,0],"v":{"t":[0,0]}},{"k":[49,0,0,15,0],"v":{"t":[0,0]}},{"k":[50,0,0,14,0],"v":{"t":[0,0]}},{"k":[51,0,0,13,0],"v":{"t":[0,0]}},{"k":[52,0,0,12,0],"v":{"t":[0,0]}},{"k":[53,0,0,11,0],"v":{"t":[0,0]}},{"k":[54,0,0,10,0],"v":{"t":[0,0]}},{"k":[55,0,0,9,0],"v":{"t":[0,0]}},{"k":[56,0,0,8,0],"v":{"t":[0,0]}},{"k":[57,0,0,7,0],"v":{"t":[0,0]}},{"k":[58,0,0,6,0],"v":{"t":[0,0]}},{"k":[59,0,0,5,0],"v":{"t":[0,0]}},{"k":[58,6,0,0,0],"v":{"t":[0,0]}},{"k":[48,0,0,13,0],"v":{"t":[0,0]}},{"k":[49,0,0,12,0],"v":{"t":[0,0]}},{"k":[50,0,0,11,0],"v":{"t":[0,0]}},{"k":[51,0,0,10,0],"v":{"t":[0,0]}},{"k":[52,0,0,9,0],"v":{"t":[0,0]}},{"k":[53,0,0,8,0],"v":{"t":[0,0]}},{"k":[54,0,0,7,0],"v":{"t":[0,0]}},{"k":[56,0,0,5,0],"v":{"t":[0,0]}},{"k":[57,0,0,4,0],"v":{"t":[0,0]}},{"k":[58,0,0,3,0],"v":{"t":[0,0]}},{"k":[59,0,0,2,0],"v":{"t":[0,0]}},{"k":[55,6,0,0,0],"v":{"t":[0,0]}},{"k":[48,0,0,14,0],"v":{"t":[0,0]}},{"k":[49,0,0,13,0],"v":{"t":[0,0]}},{"k":[50,0,0,12,0],"v":{"t":[0,0]}},{"k":[51,0,0,11,0],"v":{"t":[0,0]}},{"k":[52,0,0,10,0],"v":{"t":[0,0]}},{"k":[53,0,0,9,0],"v":{"t":[0,0]}},{"k":[54,0,0,8,0],"v":{"t":[0,0]}},{"k":[55,0,0,7,0],"v":{"t":[0,0]}},{"k":[57,0,0,5,0],"v":{"t":[0,0]}},{"k":[58,0,0,4,0],"v":{"t":[0,0]}},{"k":[59,0,0,3,0],"v":{"t":[0,0]}},{"k":[56,6,0,0,0],"v":{"t":[0,0]}},{"k":[48,0,0,3,0],"v":{"t":[0,0]}},{"k":[49,0,0,2,0],"v":{"t":[0,0]}},{"k":[50,0,0,1,0],"v":{"t":[0,0]}},{"k":[51,0,0,0,0],"v":{"t":[0,0]}},{"k":[49,0,0,3,0],"v":{"t":[0,0]}},{"k":[50,0,0,2,0],"v":{"t":[0,0]}},{"k":[51,0,0,1,0],"v":{"t":[0,0]}},{"k":[52,0,0,0,0],"v":{"t":[0,0]}},{"k":[48,0,0,1,0],"v":{"t":[0,0]}},{"k":[49,0,0,0,0],"v":{"t":[0,0]}},{"k":[48,0,0,2,0],"v":{"t":[0,0]}},{"k":[49,0,0,1,0],"v":{"t":[0,0]}},{"k":[50,0,0,0,0],"v":{"t":[0,0]}},{"k":[48,0,0,7,0],"v":{"t":[0,0]}},{"k":[49,0,0,6,0],"v":{"t":[0,0]}},{"k":[53,0,0,2,0],"v":{"t":[0,0]}},{"k":[54,0,0,1,0],"v":{"t":[0,0]}},{"k":[55,0,0,0,0],"v":{"t":[0,0]}},{"k":[49,6,0,0,0],"v":{"t":[0,0]}},{"k":[48,0,0,8,0],"v":{"t":[0,0]}},{"k":[49,0,0,7,0],"v":{"t":[0,0]}},{"k":[50,0,0,6,0],"v":{"t":[0,0]}},{"k":[54,0,0,2,0],"v":{"t":[0,0]}},{"k":[55,0,0,1,0],"v":{"t":[0,0]}},{"k":[56,0,0,0,0],"v":{"t":[0,0]}},{"k":[50,6,0,0,0],"v":{"t":[0,0]}},{"k":[48,0,0,5,0],"v":{"t":[0,0]}},{"k":[52,0,0,1,0],"v":{"t":[0,0]}},{"k":[53,0,0,0,0],"v":{"t":[0,0]}},{"k":[48,0,0,6,0],"v":{"t":[0,0]}},{"k":[52,0,0,2,0],"v":{"t":[0,0]}},{"k":[53,0,0,1,0],"v":{"t":[0,0]}},{"k":[54,0,0,0,0],"v":{"t":[0,0]}},{"k":[48,6,0,0,0],"v":{"t":[0,0]}},{"k":[48,0,0,0,0],"v":{"t":[0,0]}}]},"moun":{"a":[{"k":[59,0,0,3,0],"v":{"b":true,"hs":6,"sid":5,"t":true,"wp":31.25}},{"k":[51,0,0,0,0],"v":{"hs":6,"l":true,"r":true,"sid":5,"wp":31.25}},{"k":[52,0,0,0,0],"v":{"hs":6,"l":true,"r":true,"sid":5,"wp":31.25}},{"k":[49,0,0,0,0],"v":{"hs":6,"l":true,"r":true,"sid":5,"wp":31.25}},{"k":[50,0,0,0,0],"v":{"hs":6,"l":true,"r":true,"sid":5,"wp":31.25}},{"k":[55,0,0,0,0],"v":{"hs":6,"l":true,"r":true,"sid":5,"wp":31.25}},{"k":[56,0,0,0,0],"v":{"hs":6,"l":true,"r":true,"sid":5,"wp":31.25}},{"k":[53,0,0,0,0],"v":{"hs":6,"l":true,"r":true,"sid":5,"wp":31.25}},{"k":[54,0,0,0,0],"v":{"hs":6,"l":true,"r":true,"sid":5,"wp":31.25}},{"k":[48,0,0,0,0],"v":{"hs":6,"l":true,"r":true,"sid":5,"wp":31.25}},{"k":[59,0,0,14,0],"v":{"b":true,"hs":6,"sid":5,"t":true,"wp":31.25}},{"k":[59,0,0,15,0],"v":{"b":true,"hs":6,"sid":5,"t":true,"wp":31.25}},{"k":[59,0,0,8,0],"v":{"b":true,"hs":6,"sid":5,"t":true,"wp":31.25}},{"k":[59,0,0,9,0],"v":{"b":true,"hs":6,"sid":5,"t":true,"wp":31.25}},{"k":[59,0,0,6,0],"v":{"b":true,"hs":6,"sid":5,"t":true,"wp":31.25}},{"k":[59,0,0,7,0],"v":{"b":true,"hs":6,"sid":5,"t":true,"wp":31.25}},{"k":[59,0,0,12,0],"v":{"b":true,"hs":6,"sid":5,"t":true,"wp":31.25}},{"k":[59,0,0,13,0],"v":{"b":true,"hs":6,"sid":5,"t":true,"wp":31.25}},{"k":[59,0,0,10,0],"v":{"b":true,"hs":6,"sid":5,"t":true,"wp":31.25}},{"k":[59,0,0,11,0],"v":{"b":true,"hs":6,"sid":5,"t":true,"wp":31.25}},{"k":[59,0,0,0,0],"v":{"b":true,"hs":6,"l":true,"sid":5,"wp":31.25}},{"k":[59,0,0,1,0],"v":{"b":true,"hs":6,"sid":5,"t":true,"wp":31.25}},{"k":[57,0,0,0,0],"v":{"hs":6,"l":true,"r":true,"sid":5,"wp":31.25}},{"k":[58,0,0,0,0],"v":{"hs":6,"l":true,"r":true,"sid":5,"wp":31.25}},{"k":[59,0,0,4,0],"v":{"b":true,"hs":6,"sid":5,"t":true,"wp":31.25}},{"k":[59,0,0,5,0],"v":{"b":true,"hs":6,"sid":5,"t":true,"wp":31.25}},{"k":[59,0,0,2,0],"v":{"b":true,"hs":6,"sid":5,"t":true,"wp":31.25}}],"o":[]},"objs":{"list":[]},"objs3d":{"a":[],"o":[]},"sprites":{"list":[{"k":[49,0,0,6,0],"v":{"k":4,"t":[2,15,1,1]}},{"k":[54,4,0,14,0],"v":{"f":false,"k":4,"t":[4,5,1,2]}},{"k":[54,0,0,15,0],"v":{"k":4,"t":[2,5,1,2]}},{"k":[54,0,0,5,0],"v":{"k":4,"t":[2,15,1,1]}},{"k":[51,0,0,9,0],"v":{"k":4,"t":[2,15,1,1]}},{"k":[56,0,0,1,0],"v":{"k":4,"t":[2,5,1,2]}},{"k":[58,2,0,1,0],"v":{"k":4,"t":[7,2,1,1]}},{"k":[53,4,0,5,0],"v":{"k":4,"t":[4,5,1,2]}},{"k":[55,0,0,12,0],"v":{"k":4,"t":[2,15,1,1]}},{"k":[52,4,0,11,0],"v":{"k":4,"t":[4,5,1,2]}}],"overflow":[],"walls":[]}}