{"lands":{"autotiles":[{"k":[52,5,0,17,0],"v":{"id":1,"t":[4,0],"tid":318}},{"k":[53,5,0,16,0],"v":{"id":1,"t":[4,0],"tid":318}},{"k":[51,5,0,18,0],"v":{"id":1,"t":[4,0],"tid":318}},{"k":[50,5,0,19,0],"v":{"id":1,"t":[4,0],"tid":318}},{"k":[49,5,0,20,0],"v":{"id":1,"t":[4,0],"tid":318}},{"k":[48,5,0,21,0],"v":{"id":1,"t":[4,0],"tid":318}},{"k":[50,5,0,18,0],"v":{"id":1,"t":[4,0],"tid":318}},{"k":[52,5,0,16,0],"v":{"id":1,"t":[4,0],"tid":318}},{"k":[51,5,0,17,0],"v":{"id":1,"t":[4,0],"tid":318}},{"k":[49,5,0,19,0],"v":{"id":1,"t":[4,0],"tid":318}},{"k":[48,5,0,20,0],"v":{"id":1,"t":[4,0],"tid":318}},{"k":[55,5,0,16,0],"v":{"id":1,"t":[4,0],"tid":318}},{"k":[54,5,0,17,0],"v":{"id":1,"t":[4,0],"tid":318}},{"k":[52,5,0,19,0],"v":{"id":1,"t":[4,0],"tid":318}},{"k":[53,5,0,18,0],"v":{"id":1,"t":[4,0],"tid":318}},{"k":[51,5,0,20,0],"v":{"id":1,"t":[4,0],"tid":318}},{"k":[50,5,0,21,0],"v":{"id":1,"t":[4,0],"tid":318}},{"k":[49,5,0,22,0],"v":{"id":1,"t":[4,0],"tid":318}},{"k":[48,5,0,23,0],"v":{"id":1,"t":[4,0],"tid":318}},{"k":[54,5,0,16,0],"v":{"id":1,"t":[4,0],"tid":318}},{"k":[53,5,0,17,0],"v":{"id":1,"t":[4,0],"tid":318}},{"k":[52,5,0,18,0],"v":{"id":1,"t":[4,0],"tid":318}},{"k":[51,5,0,19,0],"v":{"id":1,"t":[4,0],"tid":318}},{"k":[50,5,0,20,0],"v":{"id":1,"t":[4,0],"tid":318}},{"k":[49,5,0,21,0],"v":{"id":1,"t":[4,0],"tid":318}},{"k":[48,5,0,22,0],"v":{"id":1,"t":[4,0],"tid":318}},{"k":[56,5,0,17,0],"v":{"id":1,"t":[4,0],"tid":318}},{"k":[57,5,0,16,0],"v":{"id":1,"t":[4,0],"tid":318}},{"k":[55,5,0,18,0],"v":{"id":1,"t":[4,0],"tid":318}},{"k":[53,5,0,20,0],"v":{"id":1,"t":[4,0],"tid":318}},{"k":[54,5,0,19,0],"v":{"id":1,"t":[4,0],"tid":318}},{"k":[52,5,0,21,0],"v":{"id":1,"t":[4,0],"tid":318}},{"k":[51,5,0,22,0],"v":{"id":1,"t":[4,0],"tid":318}},{"k":[48,5,0,25,0],"v":{"id":1,"t":[4,0],"tid":318}},{"k":[49,5,0,24,0],"v":{"id":1,"t":[4,0],"tid":318}},{"k":[50,5,0,23,0],"v":{"id":1,"t":[4,0],"tid":318}},{"k":[56,5,0,16,0],"v":{"id":1,"t":[4,0],"tid":318}},{"k":[55,5,0,17,0],"v":{"id":1,"t":[4,0],"tid":318}},{"k":[54,5,0,18,0],"v":{"id":1,"t":[4,0],"tid":318}},{"k":[53,5,0,19,0],"v":{"id":1,"t":[4,0],"tid":318}},{"k":[52,5,0,20,0],"v":{"id":1,"t":[4,0],"tid":318}},{"k":[51,5,0,21,0],"v":{"id":1,"t":[4,0],"tid":318}},{"k":[50,5,0,22,0],"v":{"id":1,"t":[4,0],"tid":318}},{"k":[49,5,0,23,0],"v":{"id":1,"t":[4,0],"tid":318}},{"k":[48,5,0,24,0],"v":{"id":1,"t":[4,0],"tid":318}},{"k":[58,5,0,17,0],"v":{"id":1,"t":[4,0],"tid":370}},{"k":[57,5,0,18,0],"v":{"id":1,"t":[4,0],"tid":318}},{"k":[56,5,0,19,0],"v":{"id":1,"t":[4,0],"tid":318}},{"k":[55,5,0,20,0],"v":{"id":1,"t":[4,0],"tid":318}},{"k":[54,5,0,21,0],"v":{"id":1,"t":[4,0],"tid":318}},{"k":[53,5,0,22,0],"v":{"id":1,"t":[4,0],"tid":318}},{"k":[52,5,0,23,0],"v":{"id":1,"t":[4,0],"tid":318}},{"k":[49,5,0,26,0],"v":{"id":1,"t":[4,0],"tid":318}},{"k":[48,5,0,27,0],"v":{"id":1,"t":[4,0],"tid":318}},{"k":[50,5,0,25,0],"v":{"id":1,"t":[4,0],"tid":318}},{"k":[51,5,0,24,0],"v":{"id":1,"t":[4,0],"tid":318}},{"k":[58,5,0,16,0],"v":{"id":1,"t":[4,0],"tid":370}},{"k":[56,5,0,18,0],"v":{"id":1,"t":[4,0],"tid":318}},{"k":[57,5,0,17,0],"v":{"id":1,"t":[4,0],"tid":318}},{"k":[55,5,0,19,0],"v":{"id":1,"t":[4,0],"tid":318}},{"k":[54,5,0,20,0],"v":{"id":1,"t":[4,0],"tid":318}},{"k":[53,5,0,21,0],"v":{"id":1,"t":[4,0],"tid":318}},{"k":[52,5,0,22,0],"v":{"id":1,"t":[4,0],"tid":318}},{"k":[51,5,0,23,0],"v":{"id":1,"t":[4,0],"tid":318}},{"k":[48,5,0,26,0],"v":{"id":1,"t":[4,0],"tid":318}},{"k":[49,5,0,25,0],"v":{"id":1,"t":[4,0],"tid":318}},{"k":[50,5,0,24,0],"v":{"id":1,"t":[4,0],"tid":318}},{"k":[58,5,0,19,0],"v":{"id":1,"t":[4,0],"tid":370}},{"k":[57,5,0,20,0],"v":{"id":1,"t":[4,0],"tid":318}},{"k":[56,5,0,21,0],"v":{"id":1,"t":[4,0],"tid":318}},{"k":[55,5,0,22,0],"v":{"id":1,"t":[4,0],"tid":318}},{"k":[54,5,0,23,0],"v":{"id":1,"t":[4,0],"tid":318}},{"k":[53,5,0,24,0],"v":{"id":1,"t":[4,0],"tid":318}},{"k":[52,5,0,25,0],"v":{"id":1,"t":[4,0],"tid":318}},{"k":[50,5,0,27,0],"v":{"id":1,"t":[4,0],"tid":318}},{"k":[49,5,0,28,0],"v":{"id":1,"t":[4,0],"tid":318}},{"k":[51,5,0,26,0],"v":{"id":1,"t":[4,0],"tid":318}},{"k":[48,5,0,29,0],"v":{"id":1,"t":[4,0],"tid":318}},{"k":[58,5,0,18,0],"v":{"id":1,"t":[4,0],"tid":370}},{"k":[55,5,0,21,0],"v":{"id":1,"t":[4,0],"tid":318}},{"k":[57,5,0,19,0],"v":{"id":1,"t":[4,0],"tid":318}},{"k":[56,5,0,20,0],"v":{"id":1,"t":[4,0],"tid":318}},{"k":[54,5,0,22,0],"v":{"id":1,"t":[4,0],"tid":318}},{"k":[52,5,0,24,0],"v":{"id":1,"t":[4,0],"tid":318}},{"k":[53,5,0,23,0],"v":{"id":1,"t":[4,0],"tid":318}},{"k":[50,5,0,26,0],"v":{"id":1,"t":[4,0],"tid":318}},{"k":[49,5,0,27,0],"v":{"id":1,"t":[4,0],"tid":318}},{"k":[51,5,0,25,0],"v":{"id":1,"t":[4,0],"tid":318}},{"k":[48,5,0,28,0],"v":{"id":1,"t":[4,0],"tid":318}},{"k":[58,5,0,21,0],"v":{"id":1,"t":[4,0],"tid":370}},{"k":[57,5,0,22,0],"v":{"id":1,"t":[4,0],"tid":318}},{"k":[55,5,0,24,0],"v":{"id":1,"t":[4,0],"tid":318}},{"k":[56,5,0,23,0],"v":{"id":1,"t":[4,0],"tid":318}},{"k":[53,5,0,26,0],"v":{"id":1,"t":[4,0],"tid":318}},{"k":[54,5,0,25,0],"v":{"id":1,"t":[4,0],"tid":318}},{"k":[51,5,0,28,0],"v":{"id":1,"t":[4,0],"tid":318}},{"k":[49,5,0,30,0],"v":{"id":1,"t":[4,0],"tid":318}},{"k":[50,5,0,29,0],"v":{"id":1,"t":[4,0],"tid":318}},{"k":[52,5,0,27,0],"v":{"id":1,"t":[4,0],"tid":318}},{"k":[48,5,0,31,0],"v":{"id":1,"t":[4,0],"tid":318}},{"k":[58,5,0,20,0],"v":{"id":1,"t":[4,0],"tid":370}},{"k":[57,5,0,21,0],"v":{"id":1,"t":[4,0],"tid":318}},{"k":[56,5,0,22,0],"v":{"id":1,"t":[4,0],"tid":318}},{"k":[55,5,0,23,0],"v":{"id":1,"t":[4,0],"tid":318}},{"k":[53,5,0,25,0],"v":{"id":1,"t":[4,0],"tid":318}},{"k":[54,5,0,24,0],"v":{"id":1,"t":[4,0],"tid":318}},{"k":[52,5,0,26,0],"v":{"id":1,"t":[4,0],"tid":318}},{"k":[50,5,0,28,0],"v":{"id":1,"t":[4,0],"tid":318}},{"k":[51,5,0,27,0],"v":{"id":1,"t":[4,0],"tid":318}},{"k":[49,5,0,29,0],"v":{"id":1,"t":[4,0],"tid":318}},{"k":[48,5,0,30,0],"v":{"id":1,"t":[4,0],"tid":318}},{"k":[58,5,0,23,0],"v":{"id":1,"t":[4,0],"tid":318}},{"k":[59,5,0,22,0],"v":{"id":1,"t":[4,0],"tid":423}},{"k":[57,5,0,24,0],"v":{"id":1,"t":[4,0],"tid":318}},{"k":[56,5,0,25,0],"v":{"id":1,"t":[4,0],"tid":318}},{"k":[55,5,0,26,0],"v":{"id":1,"t":[4,0],"tid":318}},{"k":[54,5,0,27,0],"v":{"id":1,"t":[4,0],"tid":318}},{"k":[52,5,0,29,0],"v":{"id":1,"t":[4,0],"tid":318}},{"k":[53,5,0,28,0],"v":{"id":1,"t":[4,0],"tid":318}},{"k":[51,5,0,30,0],"v":{"id":1,"t":[4,0],"tid":318}},{"k":[50,5,0,31,0],"v":{"id":1,"t":[4,0],"tid":318}},{"k":[58,5,0,22,0],"v":{"id":1,"t":[4,0],"tid":268}},{"k":[57,5,0,23,0],"v":{"id":1,"t":[4,0],"tid":318}},{"k":[56,5,0,24,0],"v":{"id":1,"t":[4,0],"tid":318}},{"k":[55,5,0,25,0],"v":{"id":1,"t":[4,0],"tid":318}},{"k":[54,5,0,26,0],"v":{"id":1,"t":[4,0],"tid":318}},{"k":[52,5,0,28,0],"v":{"id":1,"t":[4,0],"tid":318}},{"k":[53,5,0,27,0],"v":{"id":1,"t":[4,0],"tid":318}},{"k":[51,5,0,29,0],"v":{"id":1,"t":[4,0],"tid":318}},{"k":[50,5,0,30,0],"v":{"id":1,"t":[4,0],"tid":318}},{"k":[49,5,0,31,0],"v":{"id":1,"t":[4,0],"tid":318}},{"k":[58,5,0,25,0],"v":{"id":1,"t":[4,0],"tid":370}},{"k":[59,5,0,24,0],"v":{"id":1,"t":[4,0],"tid":372}},{"k":[57,5,0,26,0],"v":{"id":1,"t":[4,0],"tid":318}},{"k":[53,5,0,30,0],"v":{"id":1,"t":[4,0],"tid":318}},{"k":[56,5,0,27,0],"v":{"id":1,"t":[4,0],"tid":318}},{"k":[55,5,0,28,0],"v":{"id":1,"t":[4,0],"tid":318}},{"k":[54,5,0,29,0],"v":{"id":1,"t":[4,0],"tid":318}},{"k":[52,5,0,31,0],"v":{"id":1,"t":[4,0],"tid":318}},{"k":[58,5,0,24,0],"v":{"id":1,"t":[4,0],"tid":316}},{"k":[59,5,0,23,0],"v":{"id":1,"t":[4,0],"tid":370}},{"k":[57,5,0,25,0],"v":{"id":1,"t":[4,0],"tid":318}},{"k":[56,5,0,26,0],"v":{"id":1,"t":[4,0],"tid":318}},{"k":[55,5,0,27,0],"v":{"id":1,"t":[4,0],"tid":318}},{"k":[54,5,0,28,0],"v":{"id":1,"t":[4,0],"tid":318}},{"k":[53,5,0,29,0],"v":{"id":1,"t":[4,0],"tid":318}},{"k":[52,5,0,30,0],"v":{"id":1,"t":[4,0],"tid":318}},{"k":[51,5,0,31,0],"v":{"id":1,"t":[4,0],"tid":318}},{"k":[49,5,0,16,0],"v":{"id":1,"t":[4,0],"tid":318}},{"k":[48,5,0,17,0],"v":{"id":1,"t":[4,0],"tid":318}},{"k":[48,5,0,16,0],"v":{"id":1,"t":[4,0],"tid":318}},{"k":[51,5,0,16,0],"v":{"id":1,"t":[4,0],"tid":318}},{"k":[49,5,0,18,0],"v":{"id":1,"t":[4,0],"tid":318}},{"k":[50,5,0,17,0],"v":{"id":1,"t":[4,0],"tid":318}},{"k":[48,5,0,19,0],"v":{"id":1,"t":[4,0],"tid":318}},{"k":[49,5,0,17,0],"v":{"id":1,"t":[4,0],"tid":318}},{"k":[50,5,0,16,0],"v":{"id":1,"t":[4,0],"tid":318}},{"k":[48,5,0,18,0],"v":{"id":1,"t":[4,0],"tid":318}},{"k":[58,5,0,27,0],"v":{"id":1,"t":[4,0],"tid":370}},{"k":[57,5,0,28,0],"v":{"id":1,"t":[4,0],"tid":318}},{"k":[56,5,0,29,0],"v":{"id":1,"t":[4,0],"tid":318}},{"k":[55,5,0,30,0],"v":{"id":1,"t":[4,0],"tid":318}},{"k":[54,5,0,31,0],"v":{"id":1,"t":[4,0],"tid":318}},{"k":[58,5,0,26,0],"v":{"id":1,"t":[4,0],"tid":370}},{"k":[57,5,0,27,0],"v":{"id":1,"t":[4,0],"tid":318}},{"k":[56,5,0,28,0],"v":{"id":1,"t":[4,0],"tid":318}},{"k":[55,5,0,29,0],"v":{"id":1,"t":[4,0],"tid":318}},{"k":[54,5,0,30,0],"v":{"id":1,"t":[4,0],"tid":318}},{"k":[53,5,0,31,0],"v":{"id":1,"t":[4,0],"tid":318}},{"k":[59,5,0,28,0],"v":{"id":1,"t":[4,0],"tid":423}},{"k":[57,5,0,30,0],"v":{"id":1,"t":[4,0],"tid":318}},{"k":[56,5,0,31,0],"v":{"id":1,"t":[4,0],"tid":318}},{"k":[58,5,0,29,0],"v":{"id":1,"t":[4,0],"tid":318}},{"k":[57,5,0,29,0],"v":{"id":1,"t":[4,0],"tid":318}},{"k":[58,5,0,28,0],"v":{"id":1,"t":[4,0],"tid":268}},{"k":[56,5,0,30,0],"v":{"id":1,"t":[4,0],"tid":318}},{"k":[55,5,0,31,0],"v":{"id":1,"t":[4,0],"tid":318}},{"k":[59,5,0,30,0],"v":{"id":1,"t":[4,0],"tid":372}},{"k":[58,5,0,31,0],"v":{"id":1,"t":[4,0],"tid":370}},{"k":[59,5,0,29,0],"v":{"id":1,"t":[4,0],"tid":370}},{"k":[58,5,0,30,0],"v":{"id":1,"t":[4,0],"tid":316}},{"k":[57,5,0,31,0],"v":{"id":1,"t":[4,0],"tid":318}}],"floors":[{"k":[55,0,0,19,0],"v":{"t":[0,0]}},{"k":[54,0,0,20,0],"v":{"t":[0,0]}},{"k":[53,0,0,21,0],"v":{"t":[0,0]}},{"k":[52,0,0,22,0],"v":{"t":[0,0]}},{"k":[51,0,0,23,0],"v":{"t":[0,0]}},{"k":[50,0,0,24,0],"v":{"t":[0,0]}},{"k":[49,0,0,25,0],"v":{"t":[0,0]}},{"k":[48,0,0,26,0],"v":{"t":[0,0]}},{"k":[56,0,0,18,0],"v":{"t":[0,0]}},{"k":[57,0,0,17,0],"v":{"t":[0,0]}},{"k":[58,0,0,16,0],"v":{"t":[0,0]}},{"k":[54,0,0,19,0],"v":{"t":[0,0]}},{"k":[53,0,0,20,0],"v":{"t":[0,0]}},{"k":[52,0,0,21,0],"v":{"t":[0,0]}},{"k":[51,0,0,22,0],"v":{"t":[0,0]}},{"k":[50,0,0,23,0],"v":{"t":[0,0]}},{"k":[49,0,0,24,0],"v":{"t":[0,0]}},{"k":[48,0,0,25,0],"v":{"t":[0,0]}},{"k":[55,0,0,18,0],"v":{"t":[0,0]}},{"k":[56,0,0,17,0],"v":{"t":[0,0]}},{"k":[57,0,0,16,0],"v":{"t":[0,0]}},{"k":[57,0,0,19,0],"v":{"t":[0,0]}},{"k":[56,0,0,20,0],"v":{"t":[0,0]}},{"k":[55,0,0,21,0],"v":{"t":[0,0]}},{"k":[54,0,0,22,0],"v":{"t":[0,0]}},{"k":[53,0,0,23,0],"v":{"t":[0,0]}},{"k":[52,0,0,24,0],"v":{"t":[0,0]}},{"k":[51,0,0,25,0],"v":{"t":[0,0]}},{"k":[50,0,0,26,0],"v":{"t":[0,0]}},{"k":[49,0,0,27,0],"v":{"t":[0,0]}},{"k":[48,0,0,28,0],"v":{"t":[0,0]}},{"k":[58,0,0,18,0],"v":{"t":[0,0]}},{"k":[59,0,0,17,0],"v":{"t":[0,0]}},{"k":[56,0,0,19,0],"v":{"t":[0,0]}},{"k":[55,0,0,20,0],"v":{"t":[0,0]}},{"k":[54,0,0,21,0],"v":{"t":[0,0]}},{"k":[53,0,0,22,0],"v":{"t":[0,0]}},{"k":[52,0,0,23,0],"v":{"t":[0,0]}},{"k":[51,0,0,24,0],"v":{"t":[0,0]}},{"k":[50,0,0,25,0],"v":{"t":[0,0]}},{"k":[49,0,0,26,0],"v":{"t":[0,0]}},{"k":[48,0,0,27,0],"v":{"t":[0,0]}},{"k":[57,0,0,18,0],"v":{"t":[0,0]}},{"k":[58,0,0,17,0],"v":{"t":[0,0]}},{"k":[59,0,0,16,0],"v":{"t":[0,0]}},{"k":[59,0,0,19,0],"v":{"t":[0,0]}},{"k":[58,0,0,20,0],"v":{"t":[0,0]}},{"k":[57,0,0,21,0],"v":{"t":[0,0]}},{"k":[56,0,0,22,0],"v":{"t":[0,0]}},{"k":[55,0,0,23,0],"v":{"t":[0,0]}},{"k":[54,0,0,24,0],"v":{"t":[0,0]}},{"k":[53,0,0,25,0],"v":{"t":[0,0]}},{"k":[52,0,0,26,0],"v":{"t":[0,0]}},{"k":[51,0,0,27,0],"v":{"t":[0,0]}},{"k":[50,0,0,28,0],"v":{"t":[0,0]}},{"k":[49,0,0,29,0],"v":{"t":[0,0]}},{"k":[48,0,0,30,0],"v":{"t":[0,0]}},{"k":[58,0,0,19,0],"v":{"t":[0,0]}},{"k":[57,0,0,20,0],"v":{"t":[0,0]}},{"k":[56,0,0,21,0],"v":{"t":[0,0]}},{"k":[55,0,0,22,0],"v":{"t":[0,0]}},{"k":[54,0,0,23,0],"v":{"t":[0,0]}},{"k":[53,0,0,24,0],"v":{"t":[0,0]}},{"k":[52,0,0,25,0],"v":{"t":[0,0]}},{"k":[51,0,0,26,0],"v":{"t":[0,0]}},{"k":[50,0,0,27,0],"v":{"t":[0,0]}},{"k":[49,0,0,28,0],"v":{"t":[0,0]}},{"k":[48,0,0,29,0],"v":{"t":[0,0]}},{"k":[59,0,0,18,0],"v":{"t":[0,0]}},{"k":[59,0,0,21,0],"v":{"t":[0,0]}},{"k":[58,0,0,22,0],"v":{"t":[0,0]}},{"k":[57,0,0,23,0],"v":{"t":[0,0]}},{"k":[56,0,0,24,0],"v":{"t":[0,0]}},{"k":[55,0,0,25,0],"v":{"t":[0,0]}},{"k":[54,0,0,26,0],"v":{"t":[0,0]}},{"k":[53,0,0,27,0],"v":{"t":[0,0]}},{"k":[52,0,0,28,0],"v":{"t":[0,0]}},{"k":[51,0,0,29,0],"v":{"t":[0,0]}},{"k":[50,0,0,30,0],"v":{"t":[0,0]}},{"k":[49,0,0,31,0],"v":{"t":[0,0]}},{"k":[59,0,0,20,0],"v":{"t":[0,0]}},{"k":[58,0,0,21,0],"v":{"t":[0,0]}},{"k":[57,0,0,22,0],"v":{"t":[0,0]}},{"k":[56,0,0,23,0],"v":{"t":[0,0]}},{"k":[55,0,0,24,0],"v":{"t":[0,0]}},{"k":[54,0,0,25,0],"v":{"t":[0,0]}},{"k":[53,0,0,26,0],"v":{"t":[0,0]}},{"k":[52,0,0,27,0],"v":{"t":[0,0]}},{"k":[51,0,0,28,0],"v":{"t":[0,0]}},{"k":[50,0,0,29,0],"v":{"t":[0,0]}},{"k":[49,0,0,30,0],"v":{"t":[0,0]}},{"k":[48,0,0,31,0],"v":{"t":[0,0]}},{"k":[59,0,0,23,0],"v":{"t":[0,0]}},{"k":[58,0,0,24,0],"v":{"t":[0,0]}},{"k":[57,0,0,25,0],"v":{"t":[0,0]}},{"k":[56,0,0,26,0],"v":{"t":[0,0]}},{"k":[55,0,0,27,0],"v":{"t":[0,0]}},{"k":[54,0,0,28,0],"v":{"t":[0,0]}},{"k":[53,0,0,29,0],"v":{"t":[0,0]}},{"k":[52,0,0,30,0],"v":{"t":[0,0]}},{"k":[51,0,0,31,0],"v":{"t":[0,0]}},{"k":[59,6,0,17,0],"v":{"t":[0,0]}},{"k":[59,0,0,22,0],"v":{"t":[0,0]}},{"k":[58,0,0,23,0],"v":{"t":[0,0]}},{"k":[57,0,0,24,0],"v":{"t":[0,0]}},{"k":[56,0,0,25,0],"v":{"t":[0,0]}},{"k":[55,0,0,26,0],"v":{"t":[0,0]}},{"k":[54,0,0,27,0],"v":{"t":[0,0]}},{"k":[53,0,0,28,0],"v":{"t":[0,0]}},{"k":[52,0,0,29,0],"v":{"t":[0,0]}},{"k":[51,0,0,30,0],"v":{"t":[0,0]}},{"k":[50,0,0,31,0],"v":{"t":[0,0]}},{"k":[59,6,0,16,0],"v":{"t":[0,0]}},{"k":[59,0,0,25,0],"v":{"t":[0,0]}},{"k":[58,0,0,26,0],"v":{"t":[0,0]}},{"k":[57,0,0,27,0],"v":{"t":[0,0]}},{"k":[56,0,0,28,0],"v":{"t":[0,0]}},{"k":[55,0,0,29,0],"v":{"t":[0,0]}},{"k":[54,0,0,30,0],"v":{"t":[0,0]}},{"k":[53,0,0,31,0],"v":{"t":[0,0]}},{"k":[59,6,0,19,0],"v":{"t":[0,0]}},{"k":[59,0,0,24,0],"v":{"t":[0,0]}},{"k":[58,0,0,25,0],"v":{"t":[0,0]}},{"k":[57,0,0,26,0],"v":{"t":[0,0]}},{"k":[56,0,0,27,0],"v":{"t":[0,0]}},{"k":[55,0,0,28,0],"v":{"t":[0,0]}},{"k":[54,0,0,29,0],"v":{"t":[0,0]}},{"k":[53,0,0,30,0],"v":{"t":[0,0]}},{"k":[52,0,0,31,0],"v":{"t":[0,0]}},{"k":[59,6,0,18,0],"v":{"t":[0,0]}},{"k":[59,0,0,27,0],"v":{"t":[0,0]}},{"k":[58,0,0,28,0],"v":{"t":[0,0]}},{"k":[57,0,0,29,0],"v":{"t":[0,0]}},{"k":[56,0,0,30,0],"v":{"t":[0,0]}},{"k":[55,0,0,31,0],"v":{"t":[0,0]}},{"k":[59,6,0,21,0],"v":{"t":[0,0]}},{"k":[59,0,0,26,0],"v":{"t":[0,0]}},{"k":[58,0,0,27,0],"v":{"t":[0,0]}},{"k":[57,0,0,28,0],"v":{"t":[0,0]}},{"k":[56,0,0,29,0],"v":{"t":[0,0]}},{"k":[55,0,0,30,0],"v":{"t":[0,0]}},{"k":[54,0,0,31,0],"v":{"t":[0,0]}},{"k":[59,6,0,20,0],"v":{"t":[0,0]}},{"k":[59,0,0,29,0],"v":{"t":[0,0]}},{"k":[58,0,0,30,0],"v":{"t":[0,0]}},{"k":[57,0,0,31,0],"v":{"t":[0,0]}},{"k":[59,6,0,23,0],"v":{"t":[0,0]}},{"k":[59,0,0,28,0],"v":{"t":[0,0]}},{"k":[58,0,0,29,0],"v":{"t":[0,0]}},{"k":[57,0,0,30,0],"v":{"t":[0,0]}},{"k":[56,0,0,31,0],"v":{"t":[0,0]}},{"k":[59,6,0,22,0],"v":{"t":[0,0]}},{"k":[48,0,0,16,0],"v":{"t":[0,0]}},{"k":[48,0,0,18,0],"v":{"t":[0,0]}},{"k":[49,0,0,17,0],"v":{"t":[0,0]}},{"k":[50,0,0,16,0],"v":{"t":[0,0]}},{"k":[48,0,0,17,0],"v":{"t":[0,0]}},{"k":[49,0,0,16,0],"v":{"t":[0,0]}},{"k":[49,0,0,19,0],"v":{"t":[0,0]}},{"k":[48,0,0,20,0],"v":{"t":[0,0]}},{"k":[50,0,0,18,0],"v":{"t":[0,0]}},{"k":[51,0,0,17,0],"v":{"t":[0,0]}},{"k":[52,0,0,16,0],"v":{"t":[0,0]}},{"k":[48,0,0,19,0],"v":{"t":[0,0]}},{"k":[49,0,0,18,0],"v":{"t":[0,0]}},{"k":[50,0,0,17,0],"v":{"t":[0,0]}},{"k":[51,0,0,16,0],"v":{"t":[0,0]}},{"k":[51,0,0,19,0],"v":{"t":[0,0]}},{"k":[50,0,0,20,0],"v":{"t":[0,0]}},{"k":[49,0,0,21,0],"v":{"t":[0,0]}},{"k":[48,0,0,22,0],"v":{"t":[0,0]}},{"k":[52,0,0,18,0],"v":{"t":[0,0]}},{"k":[53,0,0,17,0],"v":{"t":[0,0]}},{"k":[54,0,0,16,0],"v":{"t":[0,0]}},{"k":[50,0,0,19,0],"v":{"t":[0,0]}},{"k":[49,0,0,20,0],"v":{"t":[0,0]}},{"k":[48,0,0,21,0],"v":{"t":[0,0]}},{"k":[51,0,0,18,0],"v":{"t":[0,0]}},{"k":[52,0,0,17,0],"v":{"t":[0,0]}},{"k":[53,0,0,16,0],"v":{"t":[0,0]}},{"k":[53,0,0,19,0],"v":{"t":[0,0]}},{"k":[52,0,0,20,0],"v":{"t":[0,0]}},{"k":[51,0,0,21,0],"v":{"t":[0,0]}},{"k":[50,0,0,22,0],"v":{"t":[0,0]}},{"k":[49,0,0,23,0],"v":{"t":[0,0]}},{"k":[48,0,0,24,0],"v":{"t":[0,0]}},{"k":[54,0,0,18,0],"v":{"t":[0,0]}},{"k":[55,0,0,17,0],"v":{"t":[0,0]}},{"k":[56,0,0,16,0],"v":{"t":[0,0]}},{"k":[52,0,0,19,0],"v":{"t":[0,0]}},{"k":[51,0,0,20,0],"v":{"t":[0,0]}},{"k":[50,0,0,21,0],"v":{"t":[0,0]}},{"k":[49,0,0,22,0],"v":{"t":[0,0]}},{"k":[48,0,0,23,0],"v":{"t":[0,0]}},{"k":[53,0,0,18,0],"v":{"t":[0,0]}},{"k":[54,0,0,17,0],"v":{"t":[0,0]}},{"k":[55,0,0,16,0],"v":{"t":[0,0]}},{"k":[59,0,0,31,0],"v":{"t":[0,0]}},{"k":[59,6,0,25,0],"v":{"t":[0,0]}},{"k":[59,0,0,30,0],"v":{"t":[0,0]}},{"k":[58,0,0,31,0],"v":{"t":[0,0]}},{"k":[59,6,0,24,0],"v":{"t":[0,0]}},{"k":[59,6,0,27,0],"v":{"t":[0,0]}},{"k":[59,6,0,26,0],"v":{"t":[0,0]}},{"k":[59,6,0,29,0],"v":{"t":[0,0]}},{"k":[59,6,0,28,0],"v":{"t":[0,0]}},{"k":[59,6,0,31,0],"v":{"t":[0,0]}},{"k":[59,6,0,30,0],"v":{"t":[0,0]}}]},"moun":{"a":[{"k":[59,0,0,24,0],"v":{"b":true,"hs":6,"sid":5,"t":true,"wp":31.25}},{"k":[59,0,0,27,0],"v":{"b":true,"hs":6,"sid":5,"t":true,"wp":31.25}},{"k":[59,0,0,26,0],"v":{"b":true,"hs":6,"sid":5,"t":true,"wp":31.25}},{"k":[59,0,0,29,0],"v":{"b":true,"hs":6,"sid":5,"t":true,"wp":31.25}},{"k":[59,0,0,28,0],"v":{"b":true,"hs":6,"sid":5,"t":true,"wp":31.25}},{"k":[59,0,0,31,0],"v":{"b":true,"hs":6,"sid":5,"t":true,"wp":31.25}},{"k":[59,0,0,17,0],"v":{"b":true,"hs":6,"sid":5,"t":true,"wp":31.25}},{"k":[59,0,0,30,0],"v":{"b":true,"hs":6,"sid":5,"t":true,"wp":31.25}},{"k":[59,0,0,16,0],"v":{"b":true,"hs":6,"sid":5,"t":true,"wp":31.25}},{"k":[59,0,0,19,0],"v":{"b":true,"hs":6,"sid":5,"t":true,"wp":31.25}},{"k":[59,0,0,18,0],"v":{"b":true,"hs":6,"sid":5,"t":true,"wp":31.25}},{"k":[59,0,0,21,0],"v":{"b":true,"hs":6,"sid":5,"t":true,"wp":31.25}},{"k":[59,0,0,20,0],"v":{"b":true,"hs":6,"sid":5,"t":true,"wp":31.25}},{"k":[59,0,0,23,0],"v":{"b":true,"hs":6,"sid":5,"t":true,"wp":31.25}},{"k":[59,0,0,22,0],"v":{"b":true,"hs":6,"sid":5,"t":true,"wp":31.25}},{"k":[59,0,0,25,0],"v":{"b":true,"hs":6,"sid":5,"t":true,"wp":31.25}}],"o":[]},"objs":{"list":[{"k":[52,0,0,23,0],"v":{"events":[{"id":1,"name":"Hero action","p":[],"r":{"1":{"bh":true,"c":[{"command":[8,"",-1,0,0,1,"You've done well in making it to my lair,\nyoung muscician..."],"kind":1},{"command":[8,"",-1,0,0,1,"However, your journey will end here!"],"kind":1},{"command":[8,"",-1,0,0,1,"If I can't hear, then nobody can!"],"kind":1},{"command":[8,"",-1,0,0,1,"I, the great Beethoven will end your foolish attempts \nat resistance!"],"kind":1},{"command":[8,"",-1,0,0,1,"Prepare your instrument for our duel\nand witness my resolve!!!"],"kind":1},{"command":[7,5,1,0,0,2,0,0],"kind":49},{"command":[7,4,1,0,0,2,0,0],"kind":49},{"command":[7,3,1,0,0,2,0,0],"kind":49},{"command":[7,1,1,0,0,0,3,70,0,0],"kind":49},{"command":[0,3,0,9,3,100,0,12,0,0,12,0],"kind":64},{"command":[0,0,0,7,10,3,2,2],"kind":15},{"children":[{"command":[8,"",-1,0,0,1,"Guh... w-what have I done..."],"kind":1}],"command":[],"kind":16},{"children":[{"command":[8,"",-1,0,0,1,"Is that the best you could do?\nCome back when you're a little better."],"kind":1},{"command":[7,3,1,0,0,0,3,500,0,0],"kind":49},{"command":[7,4,1,0,1,0,3,500,0,0],"kind":49},{"command":[7,5,1,0,1,0,3,500,0,0],"kind":49}],"command":[],"kind":17},{"command":[],"kind":10},{"command":[8,"",-1,0,0,1,"My loss of hearing has blinded\nme and my passion... I see the error\nof my ways now..."],"kind":1},{"command":[8,"",-1,0,0,1,"Please, for the sake of all musicians,\nrestore tonality to this world!"],"kind":1}]}},"sys":false}],"hId":-1,"id":1,"name":"Beethoven","ooepf":false,"states":[{"cam":true,"climb":false,"dir":false,"gid":18,"gk":4,"id":1,"move":true,"name":"State 1","pix":true,"pos":false,"stop":false,"sx":{"k":12,"v":1},"sy":{"k":12,"v":1},"sz":{"k":12,"v":1},"through":false,"x":0,"y":0}]}},{"k":[57,0,0,23,0],"v":{"events":[{"id":2,"name":"Hero touch","p":[],"r":{"1":{"bh":true,"c":[{"command":[7,0,0,7,9,0,0,2,0,0,0],"kind":20}]}},"sys":false}],"hId":-1,"id":6,"name":"OBJ0006","ooepf":false,"states":[{"cam":true,"climb":false,"dir":false,"gid":-1,"gk":0,"id":1,"move":true,"name":"State 1","pix":true,"pos":false,"stop":false,"sx":{"k":12,"v":1},"sy":{"k":12,"v":1},"sz":{"k":12,"v":1},"through":false,"x":0,"y":0}]}},{"k":[57,0,0,22,0],"v":{"events":[{"id":2,"name":"Hero touch","p":[],"r":{"1":{"bh":true,"c":[{"command":[7,0,0,7,9,0,0,2,0,0,0],"kind":20}]}},"sys":false}],"hId":-1,"id":7,"name":"OBJ0006","ooepf":false,"states":[{"cam":true,"climb":false,"dir":false,"gid":-1,"gk":0,"id":1,"move":true,"name":"State 1","pix":true,"pos":false,"stop":false,"sx":{"k":12,"v":1},"sy":{"k":12,"v":1},"sz":{"k":12,"v":1},"through":false,"x":0,"y":0}]}},{"k":[57,0,0,24,0],"v":{"events":[{"id":2,"name":"Hero touch","p":[],"r":{"1":{"bh":true,"c":[{"command":[7,0,0,7,9,0,0,2,0,0,0],"kind":20}]}},"sys":false}],"hId":-1,"id":8,"name":"OBJ0006","ooepf":false,"states":[{"cam":true,"climb":false,"dir":false,"gid":-1,"gk":0,"id":1,"move":true,"name":"State 1","pix":true,"pos":false,"stop":false,"sx":{"k":12,"v":1},"sy":{"k":12,"v":1},"sz":{"k":12,"v":1},"through":false,"x":0,"y":0}]}}]},"objs3d":{"a":[],"o":[]},"sprites":{"list":[{"k":[51,4,0,31,0],"v":{"f":false,"k":4,"t":[4,5,1,2]}},{"k":[55,0,0,30,0],"v":{"f":false,"k":4,"t":[2,5,1,2]}},{"k":[50,4,0,17,0],"v":{"f":false,"k":4,"t":[4,5,1,2]}},{"k":[53,0,0,21,0],"v":{"k":4,"t":[3,8,1,1]}},{"k":[48,4,0,22,0],"v":{"f":false,"k":4,"t":[4,5,1,2]}},{"k":[53,0,0,20,0],"v":{"k":4,"t":[2,8,1,1]}},{"k":[55,0,0,21,0],"v":{"k":4,"t":[2,15,1,1]}},{"k":[53,0,0,25,0],"v":{"f":false,"k":4,"t":[3,8,1,1]}},{"k":[56,0,0,21,0],"v":{"k":4,"t":[2,15,1,1]}},{"k":[53,0,0,26,0],"v":{"f":false,"k":4,"t":[2,8,1,1]}},{"k":[58,0,0,23,0],"v":{"k":4,"t":[3,2,3,2]}},{"k":[50,0,0,31,0],"v":{"f":false,"k":4,"t":[2,15,1,1]}}],"overflow":[],"walls":[]}}