{"lands":{"autotiles":[{"k":[9,4,0,6,0],"v":{"id":1,"t":[2,1],"tid":324}},{"k":[10,4,0,5,0],"v":{"id":1,"t":[2,1],"tid":318}},{"k":[11,4,0,4,0],"v":{"id":1,"t":[2,1],"tid":370}},{"k":[13,3,0,3,0],"v":{"id":1,"t":[2,1],"tid":471}},{"k":[12,3,0,4,0],"v":{"id":1,"t":[2,1],"tid":584}},{"k":[10,4,0,6,0],"v":{"id":1,"t":[2,1],"tid":324}},{"k":[11,4,0,5,0],"v":{"id":1,"t":[2,1],"tid":370}},{"k":[12,3,0,5,0],"v":{"id":1,"t":[2,1],"tid":570}},{"k":[13,3,0,4,0],"v":{"id":1,"t":[2,1],"tid":318}},{"k":[14,3,0,3,0],"v":{"id":1,"t":[2,1],"tid":423}},{"k":[8,4,0,5,0],"v":{"id":1,"t":[2,1],"tid":318}},{"k":[9,4,0,4,0],"v":{"id":1,"t":[2,1],"tid":318}},{"k":[10,4,0,3,0],"v":{"id":1,"t":[2,1],"tid":268}},{"k":[7,4,0,6,0],"v":{"id":1,"t":[2,1],"tid":324}},{"k":[9,4,0,5,0],"v":{"id":1,"t":[2,1],"tid":318}},{"k":[10,4,0,4,0],"v":{"id":1,"t":[2,1],"tid":318}},{"k":[8,4,0,6,0],"v":{"id":1,"t":[2,1],"tid":324}},{"k":[11,4,0,3,0],"v":{"id":1,"t":[2,1],"tid":423}},{"k":[12,3,0,3,0],"v":{"id":1,"t":[2,1],"tid":225}},{"k":[11,4,0,6,0],"v":{"id":1,"t":[2,1],"tid":372}},{"k":[13,3,0,5,0],"v":{"id":1,"t":[2,1],"tid":324}},{"k":[14,3,0,4,0],"v":{"id":1,"t":[2,1],"tid":370}},{"k":[14,3,0,5,0],"v":{"id":1,"t":[2,1],"tid":372}},{"k":[4,4,0,3,0],"v":{"id":1,"t":[2,1],"tid":225}},{"k":[5,4,0,2,0],"v":{"id":1,"t":[2,1],"tid":225}},{"k":[6,0,0,5,0],"v":{"id":1,"t":[2,1],"tid":324}},{"k":[7,0,0,4,0],"v":{"id":1,"t":[2,1],"tid":318}},{"k":[8,0,0,3,0],"v":{"id":1,"t":[2,1],"tid":471}},{"k":[3,3,0,5,0],"v":{"id":1,"t":[2,1],"tid":372}},{"k":[4,4,0,4,0],"v":{"id":1,"t":[2,1],"tid":584}},{"k":[5,4,0,3,0],"v":{"id":1,"t":[2,1],"tid":62}},{"k":[6,4,0,2,0],"v":{"id":1,"t":[2,1],"tid":471}},{"k":[9,0,0,3,0],"v":{"id":1,"t":[2,1],"tid":471}},{"k":[7,0,0,5,0],"v":{"id":1,"t":[2,1],"tid":324}},{"k":[8,0,0,4,0],"v":{"id":1,"t":[2,1],"tid":318}},{"k":[5,0,0,4,0],"v":{"id":1,"t":[2,1],"tid":584}},{"k":[6,0,0,3,0],"v":{"id":1,"t":[2,1],"tid":471}},{"k":[1,3,0,5,0],"v":{"id":1,"t":[2,1],"tid":570}},{"k":[3,3,0,3,0],"v":{"id":1,"t":[2,1],"tid":423}},{"k":[2,3,0,4,0],"v":{"id":1,"t":[2,1],"tid":318}},{"k":[5,0,0,5,0],"v":{"id":1,"t":[2,1],"tid":570}},{"k":[6,0,0,4,0],"v":{"id":1,"t":[2,1],"tid":318}},{"k":[7,0,0,3,0],"v":{"id":1,"t":[2,1],"tid":471}},{"k":[2,3,0,5,0],"v":{"id":1,"t":[2,1],"tid":324}},{"k":[3,3,0,4,0],"v":{"id":1,"t":[2,1],"tid":370}},{"k":[5,4,0,6,0],"v":{"id":1,"t":[2,1],"tid":324}},{"k":[6,4,0,5,0],"v":{"id":1,"t":[2,1],"tid":318}},{"k":[7,4,0,4,0],"v":{"id":1,"t":[2,1],"tid":318}},{"k":[9,4,0,2,0],"v":{"id":1,"t":[2,1],"tid":471}},{"k":[8,4,0,3,0],"v":{"id":1,"t":[2,1],"tid":318}},{"k":[9,0,0,6,0],"v":{"id":1,"t":[2,1],"tid":618}},{"k":[10,0,0,5,0],"v":{"id":1,"t":[2,1],"tid":372}},{"k":[6,4,0,6,0],"v":{"id":1,"t":[2,1],"tid":324}},{"k":[7,4,0,5,0],"v":{"id":1,"t":[2,1],"tid":318}},{"k":[8,4,0,4,0],"v":{"id":1,"t":[2,1],"tid":318}},{"k":[9,4,0,3,0],"v":{"id":1,"t":[2,1],"tid":318}},{"k":[10,4,0,2,0],"v":{"id":1,"t":[2,1],"tid":423}},{"k":[4,4,0,5,0],"v":{"id":1,"t":[2,1],"tid":584}},{"k":[5,4,0,4,0],"v":{"id":1,"t":[2,1],"tid":318}},{"k":[6,4,0,3,0],"v":{"id":1,"t":[2,1],"tid":318}},{"k":[7,4,0,2,0],"v":{"id":1,"t":[2,1],"tid":471}},{"k":[9,0,0,4,0],"v":{"id":1,"t":[2,1],"tid":318}},{"k":[10,0,0,3,0],"v":{"id":1,"t":[2,1],"tid":423}},{"k":[8,0,0,5,0],"v":{"id":1,"t":[2,1],"tid":324}},{"k":[4,4,0,6,0],"v":{"id":1,"t":[2,1],"tid":570}},{"k":[5,4,0,5,0],"v":{"id":1,"t":[2,1],"tid":318}},{"k":[6,4,0,4,0],"v":{"id":1,"t":[2,1],"tid":318}},{"k":[7,4,0,3,0],"v":{"id":1,"t":[2,1],"tid":318}},{"k":[8,4,0,2,0],"v":{"id":1,"t":[2,1],"tid":471}},{"k":[9,0,0,5,0],"v":{"id":1,"t":[2,1],"tid":306}},{"k":[10,0,0,4,0],"v":{"id":1,"t":[2,1],"tid":370}},{"k":[1,3,0,3,0],"v":{"id":1,"t":[2,1],"tid":225}},{"k":[5,0,0,3,0],"v":{"id":1,"t":[2,1],"tid":225}},{"k":[2,3,0,3,0],"v":{"id":1,"t":[2,1],"tid":471}},{"k":[1,3,0,4,0],"v":{"id":1,"t":[2,1],"tid":584}}],"floors":[{"k":[14,4,0,15,0],"v":{"t":[0,0]}},{"k":[15,4,0,14,0],"v":{"t":[0,0]}},{"k":[15,4,0,15,0],"v":{"t":[0,0]}},{"k":[15,0,0,12,0],"v":{"t":[0,0]}},{"k":[14,0,0,13,0],"v":{"t":[0,0]}},{"k":[13,0,0,14,0],"v":{"t":[0,0]}},{"k":[12,0,0,15,0],"v":{"t":[0,0]}},{"k":[15,4,0,8,0],"v":{"t":[0,0]}},{"k":[15,0,0,13,0],"v":{"t":[0,0]}},{"k":[14,0,0,14,0],"v":{"t":[0,0]}},{"k":[13,0,0,15,0],"v":{"t":[0,0]}},{"k":[9,4,0,15,0],"v":{"t":[0,0]}},{"k":[15,4,0,9,0],"v":{"t":[0,0]}},{"k":[15,0,0,10,0],"v":{"t":[0,0]}},{"k":[14,0,0,11,0],"v":{"t":[0,0]}},{"k":[13,0,0,12,0],"v":{"t":[0,0]}},{"k":[12,0,0,13,0],"v":{"t":[0,0]}},{"k":[11,0,0,14,0],"v":{"t":[0,0]}},{"k":[10,0,0,15,0],"v":{"t":[0,0]}},{"k":[6,4,0,15,0],"v":{"t":[0,0]}},{"k":[15,4,0,6,0],"v":{"t":[0,0]}},{"k":[15,0,0,11,0],"v":{"t":[0,0]}},{"k":[14,0,0,12,0],"v":{"t":[0,0]}},{"k":[13,0,0,13,0],"v":{"t":[0,0]}},{"k":[12,0,0,14,0],"v":{"t":[0,0]}},{"k":[11,0,0,15,0],"v":{"t":[0,0]}},{"k":[15,4,0,7,0],"v":{"t":[0,0]}},{"k":[12,4,0,15,0],"v":{"t":[0,0]}},{"k":[15,4,0,12,0],"v":{"t":[0,0]}},{"k":[13,4,0,15,0],"v":{"t":[0,0]}},{"k":[15,4,0,13,0],"v":{"t":[0,0]}},{"k":[15,0,0,14,0],"v":{"t":[0,0]}},{"k":[14,0,0,15,0],"v":{"t":[0,0]}},{"k":[10,4,0,15,0],"v":{"t":[0,0]}},{"k":[15,4,0,10,0],"v":{"t":[0,0]}},{"k":[15,0,0,15,0],"v":{"t":[0,0]}},{"k":[11,4,0,15,0],"v":{"t":[0,0]}},{"k":[15,4,0,11,0],"v":{"t":[0,0]}},{"k":[14,0,0,5,0],"v":{"t":[0,0]}},{"k":[13,0,0,6,0],"v":{"t":[0,0]}},{"k":[12,0,0,7,0],"v":{"t":[0,0]}},{"k":[11,0,0,8,0],"v":{"t":[0,0]}},{"k":[10,0,0,9,0],"v":{"t":[0,0]}},{"k":[9,0,0,10,0],"v":{"t":[0,0]}},{"k":[8,0,0,11,0],"v":{"t":[0,0]}},{"k":[7,0,0,12,0],"v":{"t":[0,0]}},{"k":[15,0,0,4,0],"v":{"t":[0,0]}},{"k":[6,0,0,13,0],"v":{"t":[0,0]}},{"k":[5,0,0,14,0],"v":{"t":[0,0]}},{"k":[4,0,0,15,0],"v":{"t":[0,0]}},{"k":[0,4,0,15,0],"v":{"t":[0,0]}},{"k":[15,4,0,0,0],"v":{"t":[0,0]}},{"k":[15,0,0,5,0],"v":{"t":[0,0]}},{"k":[14,0,0,6,0],"v":{"t":[0,0]}},{"k":[13,0,0,7,0],"v":{"t":[0,0]}},{"k":[12,0,0,8,0],"v":{"t":[0,0]}},{"k":[11,0,0,9,0],"v":{"t":[0,0]}},{"k":[10,0,0,10,0],"v":{"t":[0,0]}},{"k":[9,0,0,11,0],"v":{"t":[0,0]}},{"k":[8,0,0,12,0],"v":{"t":[0,0]}},{"k":[7,0,0,13,0],"v":{"t":[0,0]}},{"k":[6,0,0,14,0],"v":{"t":[0,0]}},{"k":[5,0,0,15,0],"v":{"t":[0,0]}},{"k":[1,4,0,15,0],"v":{"t":[0,0]}},{"k":[15,4,0,1,0],"v":{"t":[0,0]}},{"k":[12,0,0,5,0],"v":{"t":[0,0]}},{"k":[11,0,0,6,0],"v":{"t":[0,0]}},{"k":[10,0,0,7,0],"v":{"t":[0,0]}},{"k":[9,0,0,8,0],"v":{"t":[0,0]}},{"k":[8,0,0,9,0],"v":{"t":[0,0]}},{"k":[7,0,0,10,0],"v":{"t":[0,0]}},{"k":[13,0,0,4,0],"v":{"t":[0,0]}},{"k":[6,0,0,11,0],"v":{"t":[0,0]}},{"k":[14,0,0,3,0],"v":{"t":[0,0]}},{"k":[5,0,0,12,0],"v":{"t":[0,0]}},{"k":[15,0,0,2,0],"v":{"t":[0,0]}},{"k":[4,0,0,13,0],"v":{"t":[0,0]}},{"k":[3,0,0,14,0],"v":{"t":[0,0]}},{"k":[2,0,0,15,0],"v":{"t":[0,0]}},{"k":[0,4,0,13,0],"v":{"t":[0,0]}},{"k":[13,4,0,0,0],"v":{"t":[0,0]}},{"k":[13,0,0,5,0],"v":{"t":[0,0]}},{"k":[12,0,0,6,0],"v":{"t":[0,0]}},{"k":[11,0,0,7,0],"v":{"t":[0,0]}},{"k":[10,0,0,8,0],"v":{"t":[0,0]}},{"k":[9,0,0,9,0],"v":{"t":[0,0]}},{"k":[8,0,0,10,0],"v":{"t":[0,0]}},{"k":[7,0,0,11,0],"v":{"t":[0,0]}},{"k":[14,0,0,4,0],"v":{"t":[0,0]}},{"k":[6,0,0,12,0],"v":{"t":[0,0]}},{"k":[15,0,0,3,0],"v":{"t":[0,0]}},{"k":[5,0,0,13,0],"v":{"t":[0,0]}},{"k":[4,0,0,14,0],"v":{"t":[0,0]}},{"k":[3,0,0,15,0],"v":{"t":[0,0]}},{"k":[0,4,0,14,0],"v":{"t":[0,0]}},{"k":[14,4,0,0,0],"v":{"t":[0,0]}},{"k":[15,0,0,8,0],"v":{"t":[0,0]}},{"k":[14,0,0,9,0],"v":{"t":[0,0]}},{"k":[13,0,0,10,0],"v":{"t":[0,0]}},{"k":[12,0,0,11,0],"v":{"t":[0,0]}},{"k":[11,0,0,12,0],"v":{"t":[0,0]}},{"k":[10,0,0,13,0],"v":{"t":[0,0]}},{"k":[9,0,0,14,0],"v":{"t":[0,0]}},{"k":[8,0,0,15,0],"v":{"t":[0,0]}},{"k":[4,4,0,15,0],"v":{"t":[0,0]}},{"k":[15,4,0,4,0],"v":{"t":[0,0]}},{"k":[15,0,0,9,0],"v":{"t":[0,0]}},{"k":[14,0,0,10,0],"v":{"t":[0,0]}},{"k":[13,0,0,11,0],"v":{"t":[0,0]}},{"k":[12,0,0,12,0],"v":{"t":[0,0]}},{"k":[11,0,0,13,0],"v":{"t":[0,0]}},{"k":[10,0,0,14,0],"v":{"t":[0,0]}},{"k":[9,0,0,15,0],"v":{"t":[0,0]}},{"k":[5,4,0,15,0],"v":{"t":[0,0]}},{"k":[15,4,0,5,0],"v":{"t":[0,0]}},{"k":[15,0,0,6,0],"v":{"t":[0,0]}},{"k":[14,0,0,7,0],"v":{"t":[0,0]}},{"k":[13,0,0,8,0],"v":{"t":[0,0]}},{"k":[12,0,0,9,0],"v":{"t":[0,0]}},{"k":[11,0,0,10,0],"v":{"t":[0,0]}},{"k":[10,0,0,11,0],"v":{"t":[0,0]}},{"k":[9,0,0,12,0],"v":{"t":[0,0]}},{"k":[8,0,0,13,0],"v":{"t":[0,0]}},{"k":[7,0,0,14,0],"v":{"t":[0,0]}},{"k":[6,0,0,15,0],"v":{"t":[0,0]}},{"k":[2,4,0,15,0],"v":{"t":[0,0]}},{"k":[15,4,0,2,0],"v":{"t":[0,0]}},{"k":[15,0,0,7,0],"v":{"t":[0,0]}},{"k":[14,0,0,8,0],"v":{"t":[0,0]}},{"k":[13,0,0,9,0],"v":{"t":[0,0]}},{"k":[12,0,0,10,0],"v":{"t":[0,0]}},{"k":[11,0,0,11,0],"v":{"t":[0,0]}},{"k":[10,0,0,12,0],"v":{"t":[0,0]}},{"k":[9,0,0,13,0],"v":{"t":[0,0]}},{"k":[8,0,0,14,0],"v":{"t":[0,0]}},{"k":[7,0,0,15,0],"v":{"t":[0,0]}},{"k":[3,4,0,15,0],"v":{"t":[0,0]}},{"k":[15,4,0,3,0],"v":{"t":[0,0]}},{"k":[5,0,0,6,0],"v":{"t":[0,0]}},{"k":[9,0,0,2,0],"v":{"t":[0,0]}},{"k":[4,0,0,7,0],"v":{"t":[0,0]}},{"k":[10,0,0,1,0],"v":{"t":[0,0]}},{"k":[3,0,0,8,0],"v":{"t":[0,0]}},{"k":[11,0,0,0,0],"v":{"t":[0,0]}},{"k":[2,0,0,9,0],"v":{"t":[0,0]}},{"k":[1,0,0,10,0],"v":{"t":[0,0]}},{"k":[0,0,0,11,0],"v":{"t":[0,0]}},{"k":[0,4,0,7,0],"v":{"t":[0,0]}},{"k":[7,4,0,0,0],"v":{"t":[0,0]}},{"k":[6,0,0,6,0],"v":{"t":[0,0]}},{"k":[5,0,0,7,0],"v":{"t":[0,0]}},{"k":[10,0,0,2,0],"v":{"t":[0,0]}},{"k":[4,0,0,8,0],"v":{"t":[0,0]}},{"k":[11,0,0,1,0],"v":{"t":[0,0]}},{"k":[3,0,0,9,0],"v":{"t":[0,0]}},{"k":[12,0,0,0,0],"v":{"t":[0,0]}},{"k":[2,0,0,10,0],"v":{"t":[0,0]}},{"k":[1,0,0,11,0],"v":{"t":[0,0]}},{"k":[0,0,0,12,0],"v":{"t":[0,0]}},{"k":[0,4,0,8,0],"v":{"t":[0,0]}},{"k":[8,4,0,0,0],"v":{"t":[0,0]}},{"k":[4,0,0,5,0],"v":{"t":[0,0]}},{"k":[7,0,0,2,0],"v":{"t":[0,0]}},{"k":[8,0,0,1,0],"v":{"t":[0,0]}},{"k":[3,0,0,6,0],"v":{"t":[0,0]}},{"k":[9,0,0,0,0],"v":{"t":[0,0]}},{"k":[2,0,0,7,0],"v":{"t":[0,0]}},{"k":[1,0,0,8,0],"v":{"t":[0,0]}},{"k":[0,0,0,9,0],"v":{"t":[0,0]}},{"k":[0,4,0,5,0],"v":{"t":[0,0]}},{"k":[5,4,0,0,0],"v":{"t":[0,0]}},{"k":[8,0,0,2,0],"v":{"t":[0,0]}},{"k":[4,0,0,6,0],"v":{"t":[0,0]}},{"k":[9,0,0,1,0],"v":{"t":[0,0]}},{"k":[3,0,0,7,0],"v":{"t":[0,0]}},{"k":[10,0,0,0,0],"v":{"t":[0,0]}},{"k":[2,0,0,8,0],"v":{"t":[0,0]}},{"k":[1,0,0,9,0],"v":{"t":[0,0]}},{"k":[0,0,0,10,0],"v":{"t":[0,0]}},{"k":[0,4,0,6,0],"v":{"t":[0,0]}},{"k":[6,4,0,0,0],"v":{"t":[0,0]}},{"k":[8,0,0,7,0],"v":{"t":[0,0]}},{"k":[7,0,0,8,0],"v":{"t":[0,0]}},{"k":[11,0,0,4,0],"v":{"t":[0,0]}},{"k":[6,0,0,9,0],"v":{"t":[0,0]}},{"k":[12,0,0,3,0],"v":{"t":[0,0]}},{"k":[5,0,0,10,0],"v":{"t":[0,0]}},{"k":[13,0,0,2,0],"v":{"t":[0,0]}},{"k":[4,0,0,11,0],"v":{"t":[0,0]}},{"k":[14,0,0,1,0],"v":{"t":[0,0]}},{"k":[3,0,0,12,0],"v":{"t":[0,0]}},{"k":[15,0,0,0,0],"v":{"t":[0,0]}},{"k":[2,0,0,13,0],"v":{"t":[0,0]}},{"k":[1,0,0,14,0],"v":{"t":[0,0]}},{"k":[0,0,0,15,0],"v":{"t":[0,0]}},{"k":[0,4,0,11,0],"v":{"t":[0,0]}},{"k":[11,4,0,0,0],"v":{"t":[0,0]}},{"k":[11,0,0,5,0],"v":{"t":[0,0]}},{"k":[10,0,0,6,0],"v":{"t":[0,0]}},{"k":[9,0,0,7,0],"v":{"t":[0,0]}},{"k":[8,0,0,8,0],"v":{"t":[0,0]}},{"k":[7,0,0,9,0],"v":{"t":[0,0]}},{"k":[12,0,0,4,0],"v":{"t":[0,0]}},{"k":[6,0,0,10,0],"v":{"t":[0,0]}},{"k":[13,0,0,3,0],"v":{"t":[0,0]}},{"k":[5,0,0,11,0],"v":{"t":[0,0]}},{"k":[14,0,0,2,0],"v":{"t":[0,0]}},{"k":[4,0,0,12,0],"v":{"t":[0,0]}},{"k":[15,0,0,1,0],"v":{"t":[0,0]}},{"k":[3,0,0,13,0],"v":{"t":[0,0]}},{"k":[2,0,0,14,0],"v":{"t":[0,0]}},{"k":[1,0,0,15,0],"v":{"t":[0,0]}},{"k":[0,4,0,12,0],"v":{"t":[0,0]}},{"k":[12,4,0,0,0],"v":{"t":[0,0]}},{"k":[7,0,0,6,0],"v":{"t":[0,0]}},{"k":[6,0,0,7,0],"v":{"t":[0,0]}},{"k":[5,0,0,8,0],"v":{"t":[0,0]}},{"k":[11,0,0,2,0],"v":{"t":[0,0]}},{"k":[4,0,0,9,0],"v":{"t":[0,0]}},{"k":[12,0,0,1,0],"v":{"t":[0,0]}},{"k":[3,0,0,10,0],"v":{"t":[0,0]}},{"k":[13,0,0,0,0],"v":{"t":[0,0]}},{"k":[2,0,0,11,0],"v":{"t":[0,0]}},{"k":[1,0,0,12,0],"v":{"t":[0,0]}},{"k":[0,0,0,13,0],"v":{"t":[0,0]}},{"k":[0,4,0,9,0],"v":{"t":[0,0]}},{"k":[9,4,0,0,0],"v":{"t":[0,0]}},{"k":[8,0,0,6,0],"v":{"t":[0,0]}},{"k":[7,0,0,7,0],"v":{"t":[0,0]}},{"k":[6,0,0,8,0],"v":{"t":[0,0]}},{"k":[11,0,0,3,0],"v":{"t":[0,0]}},{"k":[5,0,0,9,0],"v":{"t":[0,0]}},{"k":[12,0,0,2,0],"v":{"t":[0,0]}},{"k":[4,0,0,10,0],"v":{"t":[0,0]}},{"k":[13,0,0,1,0],"v":{"t":[0,0]}},{"k":[3,0,0,11,0],"v":{"t":[0,0]}},{"k":[14,0,0,0,0],"v":{"t":[0,0]}},{"k":[2,0,0,12,0],"v":{"t":[0,0]}},{"k":[1,0,0,13,0],"v":{"t":[0,0]}},{"k":[0,0,0,14,0],"v":{"t":[0,0]}},{"k":[0,4,0,10,0],"v":{"t":[0,0]}},{"k":[10,4,0,0,0],"v":{"t":[0,0]}},{"k":[0,0,0,3,0],"v":{"t":[0,0]}},{"k":[1,0,0,2,0],"v":{"t":[0,0]}},{"k":[2,0,0,1,0],"v":{"t":[0,0]}},{"k":[3,0,0,0,0],"v":{"t":[0,0]}},{"k":[0,0,0,4,0],"v":{"t":[0,0]}},{"k":[1,0,0,3,0],"v":{"t":[0,0]}},{"k":[2,0,0,2,0],"v":{"t":[0,0]}},{"k":[3,0,0,1,0],"v":{"t":[0,0]}},{"k":[4,0,0,0,0],"v":{"t":[0,0]}},{"k":[0,4,0,0,0],"v":{"t":[0,0]}},{"k":[0,0,0,1,0],"v":{"t":[0,0]}},{"k":[1,0,0,0,0],"v":{"t":[0,0]}},{"k":[0,0,0,2,0],"v":{"t":[0,0]}},{"k":[1,0,0,1,0],"v":{"t":[0,0]}},{"k":[2,0,0,0,0],"v":{"t":[0,0]}},{"k":[2,0,0,5,0],"v":{"t":[0,0]}},{"k":[3,0,0,4,0],"v":{"t":[0,0]}},{"k":[4,0,0,3,0],"v":{"t":[0,0]}},{"k":[5,0,0,2,0],"v":{"t":[0,0]}},{"k":[6,0,0,1,0],"v":{"t":[0,0]}},{"k":[7,0,0,0,0],"v":{"t":[0,0]}},{"k":[1,0,0,6,0],"v":{"t":[0,0]}},{"k":[0,0,0,7,0],"v":{"t":[0,0]}},{"k":[0,4,0,3,0],"v":{"t":[0,0]}},{"k":[3,4,0,0,0],"v":{"t":[0,0]}},{"k":[3,0,0,5,0],"v":{"t":[0,0]}},{"k":[4,0,0,4,0],"v":{"t":[0,0]}},{"k":[6,0,0,2,0],"v":{"t":[0,0]}},{"k":[7,0,0,1,0],"v":{"t":[0,0]}},{"k":[8,0,0,0,0],"v":{"t":[0,0]}},{"k":[2,0,0,6,0],"v":{"t":[0,0]}},{"k":[1,0,0,7,0],"v":{"t":[0,0]}},{"k":[0,0,0,8,0],"v":{"t":[0,0]}},{"k":[0,4,0,4,0],"v":{"t":[0,0]}},{"k":[4,4,0,0,0],"v":{"t":[0,0]}},{"k":[0,0,0,5,0],"v":{"t":[0,0]}},{"k":[1,0,0,4,0],"v":{"t":[0,0]}},{"k":[2,0,0,3,0],"v":{"t":[0,0]}},{"k":[3,0,0,2,0],"v":{"t":[0,0]}},{"k":[4,0,0,1,0],"v":{"t":[0,0]}},{"k":[5,0,0,0,0],"v":{"t":[0,0]}},{"k":[0,4,0,1,0],"v":{"t":[0,0]}},{"k":[1,4,0,0,0],"v":{"t":[0,0]}},{"k":[1,0,0,5,0],"v":{"t":[0,0]}},{"k":[2,0,0,4,0],"v":{"t":[0,0]}},{"k":[3,0,0,3,0],"v":{"t":[0,0]}},{"k":[4,0,0,2,0],"v":{"t":[0,0]}},{"k":[5,0,0,1,0],"v":{"t":[0,0]}},{"k":[6,0,0,0,0],"v":{"t":[0,0]}},{"k":[0,0,0,6,0],"v":{"t":[0,0]}},{"k":[0,4,0,2,0],"v":{"t":[0,0]}},{"k":[2,4,0,0,0],"v":{"t":[0,0]}},{"k":[0,0,0,0,0],"v":{"t":[0,0]}}]},"moun":{"a":[{"k":[12,0,0,15,0],"v":{"hs":4,"l":true,"r":true,"sid":1,"wp":31.25}},{"k":[15,0,0,12,0],"v":{"b":true,"hs":4,"sid":1,"t":true,"wp":31.25}},{"k":[13,0,0,15,0],"v":{"hs":4,"l":true,"r":true,"sid":1,"wp":31.25}},{"k":[15,0,0,13,0],"v":{"b":true,"hs":4,"sid":1,"t":true,"wp":31.25}},{"k":[10,0,0,15,0],"v":{"hs":4,"l":true,"r":true,"sid":1,"wp":31.25}},{"k":[15,0,0,10,0],"v":{"b":true,"hs":4,"sid":1,"t":true,"wp":31.25}},{"k":[11,0,0,15,0],"v":{"hs":4,"l":true,"r":true,"sid":1,"wp":31.25}},{"k":[15,0,0,11,0],"v":{"b":true,"hs":4,"sid":1,"t":true,"wp":31.25}},{"k":[14,0,0,15,0],"v":{"hs":4,"l":true,"r":true,"sid":1,"wp":31.25}},{"k":[15,0,0,14,0],"v":{"b":true,"hs":4,"sid":1,"t":true,"wp":31.25}},{"k":[15,0,0,15,0],"v":{"hs":4,"l":true,"sid":1,"t":true,"wp":31.25}},{"k":[14,0,0,5,0],"v":{"hs":3,"l":true,"sid":16}},{"k":[4,0,0,15,0],"v":{"hs":4,"l":true,"r":true,"sid":1,"wp":31.25}},{"k":[15,0,0,4,0],"v":{"b":true,"hs":4,"sid":1,"t":true,"wp":31.25}},{"k":[5,0,0,15,0],"v":{"hs":4,"l":true,"r":true,"sid":1,"wp":31.25}},{"k":[15,0,0,5,0],"v":{"b":true,"hs":4,"sid":1,"t":true,"wp":31.25}},{"k":[11,0,0,6,0],"v":{"hs":4,"l":true,"sid":16,"t":true}},{"k":[12,0,0,5,0],"v":{"hs":3,"r":true,"sid":16}},{"k":[2,0,0,15,0],"v":{"hs":4,"l":true,"r":true,"sid":1,"wp":31.25}},{"k":[15,0,0,2,0],"v":{"b":true,"hs":4,"sid":1,"t":true,"wp":31.25}},{"k":[13,0,0,5,0],"v":{"hs":3,"l":true,"r":true,"sid":16}},{"k":[3,0,0,15,0],"v":{"hs":4,"l":true,"r":true,"sid":1,"wp":31.25}},{"k":[15,0,0,3,0],"v":{"b":true,"hs":4,"sid":1,"t":true,"wp":31.25}},{"k":[15,0,0,8,0],"v":{"b":true,"hs":4,"sid":1,"t":true,"wp":31.25}},{"k":[9,0,0,15,0],"v":{"hs":4,"r":true,"sid":1,"wp":31.25}},{"k":[15,0,0,9,0],"v":{"b":true,"hs":4,"sid":1,"t":true,"wp":31.25}},{"k":[6,0,0,15,0],"v":{"hs":4,"l":true,"sid":1,"wp":31.25}},{"k":[15,0,0,6,0],"v":{"b":true,"hs":4,"sid":1,"t":true,"wp":31.25}},{"k":[15,0,0,7,0],"v":{"b":true,"hs":4,"sid":1,"t":true,"wp":31.25}},{"k":[5,0,0,6,0],"v":{"hs":4,"l":true,"r":true,"sid":16}},{"k":[9,0,0,2,0],"v":{"hs":4,"l":true,"r":true,"sid":16}},{"k":[0,0,0,11,0],"v":{"b":true,"hs":4,"sid":1,"t":true,"wp":31.25}},{"k":[11,0,0,0,0],"v":{"hs":4,"l":true,"r":true,"sid":1,"wp":31.25}},{"k":[6,0,0,6,0],"v":{"hs":4,"l":true,"sid":16}},{"k":[10,0,0,2,0],"v":{"hs":4,"l":true,"sid":16}},{"k":[0,0,0,12,0],"v":{"b":true,"hs":4,"sid":1,"t":true,"wp":31.25}},{"k":[12,0,0,0,0],"v":{"hs":4,"l":true,"r":true,"sid":1,"wp":31.25}},{"k":[4,0,0,5,0],"v":{"b":true,"hs":4,"sid":16,"t":true}},{"k":[7,0,0,2,0],"v":{"hs":4,"l":true,"r":true,"sid":16}},{"k":[0,0,0,9,0],"v":{"b":true,"hs":4,"sid":1,"t":true,"wp":31.25}},{"k":[9,0,0,0,0],"v":{"hs":4,"l":true,"r":true,"sid":1,"wp":31.25}},{"k":[4,0,0,6,0],"v":{"hs":4,"r":true,"sid":16,"t":true}},{"k":[8,0,0,2,0],"v":{"hs":4,"l":true,"r":true,"sid":16}},{"k":[0,0,0,10,0],"v":{"b":true,"hs":4,"sid":1,"t":true,"wp":31.25}},{"k":[10,0,0,0,0],"v":{"hs":4,"l":true,"r":true,"sid":1,"wp":31.25}},{"k":[9,0,0,6,0],"v":{"hs":4,"r":true,"sid":16}},{"k":[7,2,0,6,0],"v":{"hs":2,"r":true,"sid":16}},{"k":[11,0,0,4,0],"v":{"b":true,"hs":4,"sid":16,"t":true}},{"k":[0,0,0,15,0],"v":{"hs":4,"r":true,"sid":1,"t":true,"wp":31.25}},{"k":[15,0,0,0,0],"v":{"b":true,"hs":4,"l":true,"sid":1,"wp":31.25}},{"k":[10,0,0,6,0],"v":{"hs":4,"l":true,"r":true,"sid":16}},{"k":[8,2,0,6,0],"v":{"hs":2,"l":true,"sid":16}},{"k":[11,0,0,5,0],"v":{"b":true,"hs":4,"sid":16,"t":true}},{"k":[1,0,0,15,0],"v":{"hs":4,"l":true,"r":true,"sid":1,"wp":31.25}},{"k":[15,0,0,1,0],"v":{"b":true,"hs":4,"sid":1,"t":true,"wp":31.25}},{"k":[0,0,0,13,0],"v":{"b":true,"hs":4,"sid":1,"t":true,"wp":31.25}},{"k":[13,0,0,0,0],"v":{"hs":4,"l":true,"r":true,"sid":1,"wp":31.25}},{"k":[11,0,0,3,0],"v":{"b":true,"hs":4,"sid":16}},{"k":[0,0,0,14,0],"v":{"b":true,"hs":4,"sid":1,"t":true,"wp":31.25}},{"k":[14,0,0,0,0],"v":{"hs":4,"l":true,"r":true,"sid":1,"wp":31.25}},{"k":[0,0,0,3,0],"v":{"b":true,"hs":4,"sid":1,"t":true,"wp":31.25}},{"k":[3,0,0,0,0],"v":{"hs":4,"l":true,"r":true,"sid":1,"wp":31.25}},{"k":[0,0,0,4,0],"v":{"b":true,"hs":4,"sid":1,"t":true,"wp":31.25}},{"k":[4,0,0,0,0],"v":{"hs":4,"l":true,"r":true,"sid":1,"wp":31.25}},{"k":[0,0,0,1,0],"v":{"b":true,"hs":4,"sid":1,"t":true,"wp":31.25}},{"k":[1,0,0,0,0],"v":{"hs":4,"l":true,"r":true,"sid":1,"wp":31.25}},{"k":[0,0,0,2,0],"v":{"b":true,"hs":4,"sid":1,"t":true,"wp":31.25}},{"k":[2,0,0,0,0],"v":{"hs":4,"l":true,"r":true,"sid":1,"wp":31.25}},{"k":[4,0,0,3,0],"v":{"b":true,"hs":4,"sid":16}},{"k":[5,0,0,2,0],"v":{"hs":4,"r":true,"sid":16}},{"k":[2,0,0,5,0],"v":{"hs":3,"l":true,"r":true,"sid":16}},{"k":[0,0,0,7,0],"v":{"b":true,"hs":4,"sid":1,"t":true,"wp":31.25}},{"k":[7,0,0,0,0],"v":{"hs":4,"l":true,"r":true,"sid":1,"wp":31.25}},{"k":[4,0,0,4,0],"v":{"b":true,"hs":4,"sid":16,"t":true}},{"k":[6,0,0,2,0],"v":{"hs":4,"l":true,"r":true,"sid":16}},{"k":[3,0,0,5,0],"v":{"hs":3,"l":true,"sid":16}},{"k":[0,0,0,8,0],"v":{"b":true,"hs":4,"sid":1,"t":true,"wp":31.25}},{"k":[8,0,0,0,0],"v":{"hs":4,"l":true,"r":true,"sid":1,"wp":31.25}},{"k":[0,0,0,5,0],"v":{"b":true,"hs":4,"sid":1,"t":true,"wp":31.25}},{"k":[5,0,0,0,0],"v":{"hs":4,"l":true,"r":true,"sid":1,"wp":31.25}},{"k":[1,0,0,5,0],"v":{"hs":3,"r":true,"sid":16}},{"k":[0,0,0,6,0],"v":{"b":true,"hs":4,"sid":1,"t":true,"wp":31.25}},{"k":[6,0,0,0,0],"v":{"hs":4,"l":true,"r":true,"sid":1,"wp":31.25}},{"k":[0,0,0,0,0],"v":{"b":true,"hs":4,"r":true,"sid":1,"wp":31.25}}],"o":[]},"objs":{"list":[{"k":[7,0,0,15,0],"v":{"events":[{"id":2,"name":"Hero touch","p":[],"r":{"1":{"bh":true,"c":[{"command":[7,0,0,1,24,0,0,2,0,0,0],"kind":20}]}},"sys":false}],"hId":-1,"id":2,"name":"OBJ0002","ooepf":false,"states":[{"cam":true,"climb":false,"dir":false,"gid":-1,"gk":0,"id":1,"move":true,"name":"State 1","pix":true,"pos":false,"stop":false,"sx":{"k":12,"v":1},"sy":{"k":12,"v":1},"sz":{"k":12,"v":1},"through":false,"x":0,"y":0}]}},{"k":[6,0,0,7,0],"v":{"events":[{"id":1,"name":"Hero action","p":[],"r":{"1":{"bh":true,"c":[{"command":[8,"",3,0,1,1,"Hey! Glad to see you made it!"],"kind":1},{"command":[8,"",3,0,1,1,"I'm so proud that you\nfinally graduated with your\ndegree in music!"],"kind":1},{"command":[8,"",3,0,1,1,"All of your hard work\nseems to have really\npaid off!"],"kind":1},{"command":[8,"",3,0,1,1,"By the way, there should be someone\nwaiting for you inside the brick house.\nI'm not sure what it could be for though..."],"kind":1}]}},"sys":false}],"hId":-1,"id":1,"name":"Friendsame","ooepf":false,"states":[{"cam":true,"climb":false,"dir":false,"gid":32,"gk":4,"id":1,"move":true,"name":"State 1","pix":true,"pos":false,"stop":false,"sx":{"k":12,"v":1},"sy":{"k":12,"v":1},"sz":{"k":12,"v":1},"through":false,"x":0,"y":0}]}},{"k":[8,0,0,15,0],"v":{"events":[{"id":2,"name":"Hero touch","p":[],"r":{"1":{"bh":true,"c":[{"command":[7,0,0,1,24,0,0,2,0,0,0],"kind":20}]}},"sys":false}],"hId":-1,"id":3,"name":"OBJ0002","ooepf":false,"states":[{"cam":true,"climb":false,"dir":false,"gid":-1,"gk":0,"id":1,"move":true,"name":"State 1","pix":true,"pos":false,"stop":false,"sx":{"k":12,"v":1},"sy":{"k":12,"v":1},"sz":{"k":12,"v":1},"through":false,"x":0,"y":0}]}}]},"objs3d":{"a":[],"o":[]},"sprites":{"list":[{"k":[12,0,0,11,0],"v":{"k":6,"t":[4,2,1,1]}},{"k":[13,0,0,10,0],"v":{"k":4,"t":[6,8,1,1]}},{"k":[9,0,0,14,0],"v":{"f":false,"k":4,"t":[7,7,1,1]}},{"k":[13,0,0,11,0],"v":{"k":4,"t":[7,8,1,1]}},{"k":[12,0,0,9,0],"v":{"k":7,"t":[2,1,2,2]}},{"k":[8,0,0,13,0],"v":{"k":4,"t":[7,8,1,1]}},{"k":[11,0,0,10,0],"v":{"k":4,"t":[6,8,1,1]}},{"k":[7,0,0,14,0],"v":{"f":false,"k":4,"t":[6,7,1,1]}},{"k":[10,0,0,12,0],"v":{"f":false,"k":6,"t":[2,1,2,2]}},{"k":[11,0,0,11,0],"v":{"k":4,"t":[7,8,1,1]}},{"k":[4,0,0,7,0],"v":{"k":7,"t":[7,6,1,1]}},{"k":[5,0,0,7,0],"v":{"k":7,"t":[7,6,1,1]}},{"k":[3,0,0,9,0],"v":{"k":7,"t":[2,1,2,2]}},{"k":[1,0,0,11,0],"v":{"k":4,"t":[6,7,1,1]}},{"k":[3,0,0,6,0],"v":{"k":7,"t":[7,6,1,1]}},{"k":[2,0,0,7,0],"v":{"k":6,"t":[4,2,1,1]}},{"k":[1,0,0,9,0],"v":{"k":4,"t":[7,8,1,1]}},{"k":[4,0,0,11,0],"v":{"k":4,"t":[7,7,1,1]}},{"k":[9,0,0,7,0],"v":{"k":7,"t":[7,6,1,1]}},{"k":[3,0,0,13,0],"v":{"f":false,"k":6,"t":[2,1,2,2]}},{"k":[5,0,0,11,0],"v":{"k":4,"t":[7,8,1,1]}},{"k":[4,0,0,12,0],"v":{"k":4,"t":[6,8,1,1]}},{"k":[8,0,0,8,0],"v":{"k":4,"t":[6,8,1,1]}},{"k":[7,0,0,9,0],"v":{"k":4,"t":[7,7,1,1]}},{"k":[5,0,0,8,0],"v":{"k":4,"t":[6,8,1,1]}},{"k":[2,0,0,11,0],"v":{"k":4,"t":[7,7,1,1]}},{"k":[4,0,0,10,0],"v":{"k":6,"t":[4,2,1,1]}},{"k":[3,0,0,11,0],"v":{"k":4,"t":[6,7,1,1]}},{"k":[5,0,0,9,0],"v":{"k":4,"t":[7,7,1,1]}},{"k":[1,0,0,6,0],"v":{"k":7,"t":[7,6,1,1]}},{"k":[2,0,0,6,0],"v":{"k":7,"t":[7,6,1,1]}},{"k":[11,0,0,14,0],"v":{"f":false,"k":4,"t":[6,7,1,1]}},{"k":[13,0,0,12,0],"v":{"k":4,"t":[6,7,1,1]}},{"k":[12,0,0,13,0],"v":{"f":false,"k":4,"t":[7,7,1,1]}},{"k":[13,0,0,13,0],"v":{"f":false,"k":4,"t":[7,8,1,1]}},{"k":[13,0,0,6,0],"v":{"k":7,"t":[7,6,1,1]}},{"k":[9,0,0,10,0],"v":{"k":6,"t":[5,8,1,1]}},{"k":[11,0,0,8,0],"v":{"k":4,"t":[7,8,1,1]}},{"k":[7,0,0,12,0],"v":{"k":4,"t":[6,7,1,1]}},{"k":[14,0,0,6,0],"v":{"k":7,"t":[7,6,1,1]}},{"k":[13,0,0,7,0],"v":{"k":4,"t":[7,8,1,1]}},{"k":[8,0,0,12,0],"v":{"k":4,"t":[7,7,1,1]}},{"k":[10,0,0,10,0],"v":{"k":4,"t":[7,7,1,1]}},{"k":[10,0,0,7,0],"v":{"k":7,"t":[7,6,1,1]}},{"k":[8,0,0,9,0],"v":{"k":4,"t":[7,8,1,1]}},{"k":[6,0,0,11,0],"v":{"k":4,"t":[6,8,1,1]}},{"k":[11,0,0,7,0],"v":{"k":7,"t":[7,6,1,1]}},{"k":[12,0,0,6,0],"v":{"k":7,"t":[7,6,1,1]}},{"k":[9,0,0,9,0],"v":{"k":6,"t":[4,2,1,1]}},{"k":[5,0,0,13,0],"v":{"f":false,"k":6,"t":[4,2,1,1]}},{"k":[4,0,0,14,0],"v":{"f":false,"k":4,"t":[6,7,1,1]}}],"overflow":[],"walls":[{"k":[7,0,0,15,0,50,100,0],"v":{"k":0,"w":1}},{"k":[8,0,0,15,0,50,100,0],"v":{"k":2,"w":1}}]}}