{"lands":{"autotiles":[{"k":[4,0,0,14,0],"v":{"id":1,"t":[5,0],"tid":324}},{"k":[5,0,0,13,0],"v":{"id":1,"t":[5,0],"tid":471}},{"k":[14,0,0,4,0],"v":{"id":1,"t":[5,0],"tid":370}},{"k":[13,0,0,5,0],"v":{"id":1,"t":[5,0],"tid":584}},{"k":[6,0,0,12,0],"v":{"id":1,"t":[1,1],"tid":324}},{"k":[12,0,0,6,0],"v":{"id":1,"t":[1,1],"tid":370}},{"k":[7,0,0,11,0],"v":{"id":1,"t":[1,1],"tid":471}},{"k":[11,0,0,7,0],"v":{"id":1,"t":[1,1],"tid":584}},{"k":[8,0,0,10,0],"v":{"id":1,"t":[2,1],"tid":324}},{"k":[10,0,0,8,0],"v":{"id":1,"t":[2,1],"tid":370}},{"k":[9,0,0,9,0],"v":{"id":1,"t":[2,1],"tid":318}},{"k":[3,0,0,15,0],"v":{"id":1,"t":[1,1],"tid":477}},{"k":[12,6,0,0,0],"v":{"id":1,"t":[1,1],"tid":477}},{"k":[2,1,0,15,0],"v":{"id":1,"t":[1,1],"tid":477}},{"k":[3,0,0,14,0],"v":{"id":1,"t":[5,0],"tid":324}},{"k":[4,0,0,13,0],"v":{"id":1,"t":[5,0],"tid":471}},{"k":[14,0,0,3,0],"v":{"id":1,"t":[5,0],"tid":370}},{"k":[13,0,0,4,0],"v":{"id":1,"t":[5,0],"tid":584}},{"k":[5,0,0,12,0],"v":{"id":1,"t":[1,1],"tid":324}},{"k":[12,0,0,5,0],"v":{"id":1,"t":[1,1],"tid":370}},{"k":[6,0,0,11,0],"v":{"id":1,"t":[1,1],"tid":471}},{"k":[11,0,0,6,0],"v":{"id":1,"t":[1,1],"tid":584}},{"k":[7,0,0,10,0],"v":{"id":1,"t":[2,1],"tid":324}},{"k":[10,0,0,7,0],"v":{"id":1,"t":[2,1],"tid":370}},{"k":[8,0,0,9,0],"v":{"id":1,"t":[2,1],"tid":318}},{"k":[9,0,0,8,0],"v":{"id":1,"t":[2,1],"tid":318}},{"k":[2,0,0,15,0],"v":{"id":1,"t":[1,1],"tid":477}},{"k":[11,6,0,0,0],"v":{"id":1,"t":[1,1],"tid":477}},{"k":[1,1,0,15,0],"v":{"id":1,"t":[1,1],"tid":477}},{"k":[6,0,0,14,0],"v":{"id":1,"t":[5,0],"tid":324}},{"k":[7,0,0,13,0],"v":{"id":1,"t":[5,0],"tid":471}},{"k":[14,0,0,6,0],"v":{"id":1,"t":[5,0],"tid":370}},{"k":[13,0,0,7,0],"v":{"id":1,"t":[5,0],"tid":584}},{"k":[8,0,0,12,0],"v":{"id":1,"t":[1,1],"tid":324}},{"k":[12,0,0,8,0],"v":{"id":1,"t":[1,1],"tid":370}},{"k":[9,0,0,11,0],"v":{"id":1,"t":[1,1],"tid":471}},{"k":[11,0,0,9,0],"v":{"id":1,"t":[1,1],"tid":584}},{"k":[10,0,0,10,0],"v":{"id":1,"t":[2,1],"tid":372}},{"k":[5,0,0,15,0],"v":{"id":1,"t":[1,1],"tid":477}},{"k":[14,6,0,0,0],"v":{"id":1,"t":[1,1],"tid":477}},{"k":[4,1,0,15,0],"v":{"id":1,"t":[1,1],"tid":477}},{"k":[5,0,0,14,0],"v":{"id":1,"t":[5,0],"tid":324}},{"k":[6,0,0,13,0],"v":{"id":1,"t":[5,0],"tid":471}},{"k":[14,0,0,5,0],"v":{"id":1,"t":[5,0],"tid":370}},{"k":[13,0,0,6,0],"v":{"id":1,"t":[5,0],"tid":584}},{"k":[7,0,0,12,0],"v":{"id":1,"t":[1,1],"tid":324}},{"k":[12,0,0,7,0],"v":{"id":1,"t":[1,1],"tid":370}},{"k":[8,0,0,11,0],"v":{"id":1,"t":[1,1],"tid":471}},{"k":[11,0,0,8,0],"v":{"id":1,"t":[1,1],"tid":584}},{"k":[9,0,0,10,0],"v":{"id":1,"t":[2,1],"tid":324}},{"k":[10,0,0,9,0],"v":{"id":1,"t":[2,1],"tid":370}},{"k":[4,0,0,15,0],"v":{"id":1,"t":[1,1],"tid":477}},{"k":[13,6,0,0,0],"v":{"id":1,"t":[1,1],"tid":477}},{"k":[3,1,0,15,0],"v":{"id":1,"t":[1,1],"tid":477}},{"k":[8,0,0,14,0],"v":{"id":1,"t":[5,0],"tid":324}},{"k":[9,0,0,13,0],"v":{"id":1,"t":[5,0],"tid":471}},{"k":[14,0,0,8,0],"v":{"id":1,"t":[5,0],"tid":370}},{"k":[13,0,0,9,0],"v":{"id":1,"t":[5,0],"tid":584}},{"k":[10,0,0,12,0],"v":{"id":1,"t":[1,1],"tid":324}},{"k":[12,0,0,10,0],"v":{"id":1,"t":[1,1],"tid":370}},{"k":[11,0,0,11,0],"v":{"id":1,"t":[1,1],"tid":62}},{"k":[7,0,0,15,0],"v":{"id":1,"t":[1,1],"tid":477}},{"k":[15,1,0,6,0],"v":{"id":1,"t":[1,1],"tid":636}},{"k":[6,1,0,15,0],"v":{"id":1,"t":[1,1],"tid":477}},{"k":[7,0,0,14,0],"v":{"id":1,"t":[5,0],"tid":324}},{"k":[8,0,0,13,0],"v":{"id":1,"t":[5,0],"tid":471}},{"k":[14,0,0,7,0],"v":{"id":1,"t":[5,0],"tid":370}},{"k":[13,0,0,8,0],"v":{"id":1,"t":[5,0],"tid":584}},{"k":[9,0,0,12,0],"v":{"id":1,"t":[1,1],"tid":324}},{"k":[12,0,0,9,0],"v":{"id":1,"t":[1,1],"tid":370}},{"k":[10,0,0,11,0],"v":{"id":1,"t":[1,1],"tid":471}},{"k":[11,0,0,10,0],"v":{"id":1,"t":[1,1],"tid":584}},{"k":[6,0,0,15,0],"v":{"id":1,"t":[1,1],"tid":477}},{"k":[15,6,0,0,0],"v":{"id":1,"t":[1,1],"tid":425}},{"k":[15,5,0,1,0],"v":{"id":1,"t":[1,1],"tid":159}},{"k":[15,4,0,2,0],"v":{"id":1,"t":[1,1],"tid":159}},{"k":[15,3,0,3,0],"v":{"id":1,"t":[1,1],"tid":159}},{"k":[15,2,0,4,0],"v":{"id":1,"t":[1,1],"tid":159}},{"k":[15,1,0,5,0],"v":{"id":1,"t":[1,1],"tid":177}},{"k":[5,1,0,15,0],"v":{"id":1,"t":[1,1],"tid":477}},{"k":[10,0,0,14,0],"v":{"id":1,"t":[5,0],"tid":324}},{"k":[11,0,0,13,0],"v":{"id":1,"t":[5,0],"tid":471}},{"k":[14,0,0,10,0],"v":{"id":1,"t":[5,0],"tid":370}},{"k":[13,0,0,11,0],"v":{"id":1,"t":[5,0],"tid":584}},{"k":[12,0,0,12,0],"v":{"id":1,"t":[1,1],"tid":372}},{"k":[9,0,0,15,0],"v":{"id":1,"t":[1,1],"tid":477}},{"k":[15,1,0,8,0],"v":{"id":1,"t":[1,1],"tid":636}},{"k":[8,1,0,15,0],"v":{"id":1,"t":[1,1],"tid":477}},{"k":[9,0,0,14,0],"v":{"id":1,"t":[5,0],"tid":324}},{"k":[10,0,0,13,0],"v":{"id":1,"t":[5,0],"tid":471}},{"k":[14,0,0,9,0],"v":{"id":1,"t":[5,0],"tid":370}},{"k":[13,0,0,10,0],"v":{"id":1,"t":[5,0],"tid":584}},{"k":[11,0,0,12,0],"v":{"id":1,"t":[1,1],"tid":324}},{"k":[12,0,0,11,0],"v":{"id":1,"t":[1,1],"tid":370}},{"k":[8,0,0,15,0],"v":{"id":1,"t":[1,1],"tid":477}},{"k":[15,1,0,7,0],"v":{"id":1,"t":[1,1],"tid":636}},{"k":[7,1,0,15,0],"v":{"id":1,"t":[1,1],"tid":477}},{"k":[1,0,0,9,0],"v":{"id":1,"t":[5,0],"tid":584}},{"k":[2,0,0,8,0],"v":{"id":1,"t":[5,0],"tid":370}},{"k":[8,0,0,2,0],"v":{"id":1,"t":[5,0],"tid":324}},{"k":[9,0,0,1,0],"v":{"id":1,"t":[5,0],"tid":471}},{"k":[3,0,0,7,0],"v":{"id":1,"t":[1,1],"tid":584}},{"k":[7,0,0,3,0],"v":{"id":1,"t":[1,1],"tid":471}},{"k":[6,0,0,4,0],"v":{"id":1,"t":[1,1],"tid":324}},{"k":[4,0,0,6,0],"v":{"id":1,"t":[1,1],"tid":370}},{"k":[5,0,0,5,0],"v":{"id":1,"t":[2,1],"tid":225}},{"k":[4,6,0,0,0],"v":{"id":1,"t":[1,1],"tid":477}},{"k":[0,1,0,9,0],"v":{"id":1,"t":[1,1],"tid":636}},{"k":[1,0,0,8,0],"v":{"id":1,"t":[5,0],"tid":584}},{"k":[2,0,0,7,0],"v":{"id":1,"t":[5,0],"tid":370}},{"k":[7,0,0,2,0],"v":{"id":1,"t":[5,0],"tid":324}},{"k":[8,0,0,1,0],"v":{"id":1,"t":[5,0],"tid":471}},{"k":[6,0,0,3,0],"v":{"id":1,"t":[1,1],"tid":471}},{"k":[3,0,0,6,0],"v":{"id":1,"t":[1,1],"tid":584}},{"k":[5,0,0,4,0],"v":{"id":1,"t":[1,1],"tid":324}},{"k":[4,0,0,5,0],"v":{"id":1,"t":[1,1],"tid":370}},{"k":[3,6,0,0,0],"v":{"id":1,"t":[1,1],"tid":477}},{"k":[0,1,0,8,0],"v":{"id":1,"t":[1,1],"tid":636}},{"k":[1,0,0,11,0],"v":{"id":1,"t":[5,0],"tid":584}},{"k":[2,0,0,10,0],"v":{"id":1,"t":[5,0],"tid":370}},{"k":[10,0,0,2,0],"v":{"id":1,"t":[5,0],"tid":324}},{"k":[11,0,0,1,0],"v":{"id":1,"t":[5,0],"tid":471}},{"k":[3,0,0,9,0],"v":{"id":1,"t":[1,1],"tid":584}},{"k":[9,0,0,3,0],"v":{"id":1,"t":[1,1],"tid":471}},{"k":[8,0,0,4,0],"v":{"id":1,"t":[1,1],"tid":324}},{"k":[4,0,0,8,0],"v":{"id":1,"t":[1,1],"tid":370}},{"k":[5,0,0,7,0],"v":{"id":1,"t":[2,1],"tid":584}},{"k":[6,0,0,6,0],"v":{"id":1,"t":[2,1],"tid":318}},{"k":[7,0,0,5,0],"v":{"id":1,"t":[2,1],"tid":471}},{"k":[6,6,0,0,0],"v":{"id":1,"t":[1,1],"tid":477}},{"k":[0,1,0,11,0],"v":{"id":1,"t":[1,1],"tid":636}},{"k":[1,0,0,10,0],"v":{"id":1,"t":[5,0],"tid":584}},{"k":[2,0,0,9,0],"v":{"id":1,"t":[5,0],"tid":370}},{"k":[9,0,0,2,0],"v":{"id":1,"t":[5,0],"tid":324}},{"k":[10,0,0,1,0],"v":{"id":1,"t":[5,0],"tid":471}},{"k":[3,0,0,8,0],"v":{"id":1,"t":[1,1],"tid":584}},{"k":[8,0,0,3,0],"v":{"id":1,"t":[1,1],"tid":471}},{"k":[7,0,0,4,0],"v":{"id":1,"t":[1,1],"tid":324}},{"k":[4,0,0,7,0],"v":{"id":1,"t":[1,1],"tid":370}},{"k":[5,0,0,6,0],"v":{"id":1,"t":[2,1],"tid":584}},{"k":[6,0,0,5,0],"v":{"id":1,"t":[2,1],"tid":471}},{"k":[5,6,0,0,0],"v":{"id":1,"t":[1,1],"tid":477}},{"k":[0,1,0,10,0],"v":{"id":1,"t":[1,1],"tid":636}},{"k":[1,0,0,13,0],"v":{"id":1,"t":[5,0],"tid":584}},{"k":[2,0,0,12,0],"v":{"id":1,"t":[5,0],"tid":370}},{"k":[12,0,0,2,0],"v":{"id":1,"t":[5,0],"tid":324}},{"k":[13,0,0,1,0],"v":{"id":1,"t":[5,0],"tid":471}},{"k":[11,0,0,3,0],"v":{"id":1,"t":[1,1],"tid":471}},{"k":[3,0,0,11,0],"v":{"id":1,"t":[1,1],"tid":584}},{"k":[10,0,0,4,0],"v":{"id":1,"t":[1,1],"tid":324}},{"k":[4,0,0,10,0],"v":{"id":1,"t":[1,1],"tid":370}},{"k":[5,0,0,9,0],"v":{"id":1,"t":[2,1],"tid":584}},{"k":[9,0,0,5,0],"v":{"id":1,"t":[2,1],"tid":471}},{"k":[6,0,0,8,0],"v":{"id":1,"t":[2,1],"tid":318}},{"k":[7,0,0,7,0],"v":{"id":1,"t":[2,1],"tid":318}},{"k":[8,0,0,6,0],"v":{"id":1,"t":[2,1],"tid":318}},{"k":[8,6,0,0,0],"v":{"id":1,"t":[1,1],"tid":477}},{"k":[0,1,0,13,0],"v":{"id":1,"t":[1,1],"tid":636}},{"k":[1,0,0,12,0],"v":{"id":1,"t":[5,0],"tid":584}},{"k":[2,0,0,11,0],"v":{"id":1,"t":[5,0],"tid":370}},{"k":[11,0,0,2,0],"v":{"id":1,"t":[5,0],"tid":324}},{"k":[12,0,0,1,0],"v":{"id":1,"t":[5,0],"tid":471}},{"k":[10,0,0,3,0],"v":{"id":1,"t":[1,1],"tid":471}},{"k":[3,0,0,10,0],"v":{"id":1,"t":[1,1],"tid":584}},{"k":[9,0,0,4,0],"v":{"id":1,"t":[1,1],"tid":324}},{"k":[4,0,0,9,0],"v":{"id":1,"t":[1,1],"tid":370}},{"k":[5,0,0,8,0],"v":{"id":1,"t":[2,1],"tid":584}},{"k":[8,0,0,5,0],"v":{"id":1,"t":[2,1],"tid":471}},{"k":[6,0,0,7,0],"v":{"id":1,"t":[2,1],"tid":318}},{"k":[7,0,0,6,0],"v":{"id":1,"t":[2,1],"tid":318}},{"k":[7,6,0,0,0],"v":{"id":1,"t":[1,1],"tid":477}},{"k":[0,1,0,12,0],"v":{"id":1,"t":[1,1],"tid":636}},{"k":[2,0,0,14,0],"v":{"id":1,"t":[5,0],"tid":324}},{"k":[3,0,0,13,0],"v":{"id":1,"t":[5,0],"tid":471}},{"k":[14,0,0,2,0],"v":{"id":1,"t":[5,0],"tid":370}},{"k":[13,0,0,3,0],"v":{"id":1,"t":[5,0],"tid":584}},{"k":[4,0,0,12,0],"v":{"id":1,"t":[1,1],"tid":324}},{"k":[12,0,0,4,0],"v":{"id":1,"t":[1,1],"tid":370}},{"k":[5,0,0,11,0],"v":{"id":1,"t":[1,1],"tid":471}},{"k":[11,0,0,5,0],"v":{"id":1,"t":[1,1],"tid":584}},{"k":[6,0,0,10,0],"v":{"id":1,"t":[2,1],"tid":324}},{"k":[10,0,0,6,0],"v":{"id":1,"t":[2,1],"tid":370}},{"k":[9,0,0,7,0],"v":{"id":1,"t":[2,1],"tid":318}},{"k":[7,0,0,9,0],"v":{"id":1,"t":[2,1],"tid":318}},{"k":[8,0,0,8,0],"v":{"id":1,"t":[2,1],"tid":318}},{"k":[1,0,0,15,0],"v":{"id":1,"t":[1,1],"tid":211}},{"k":[10,6,0,0,0],"v":{"id":1,"t":[1,1],"tid":477}},{"k":[0,1,0,15,0],"v":{"id":1,"t":[1,1],"tid":520}},{"k":[1,0,0,14,0],"v":{"id":1,"t":[5,0],"tid":570}},{"k":[2,0,0,13,0],"v":{"id":1,"t":[5,0],"tid":268}},{"k":[13,0,0,2,0],"v":{"id":1,"t":[5,0],"tid":308}},{"k":[14,0,0,1,0],"v":{"id":1,"t":[5,0],"tid":423}},{"k":[12,0,0,3,0],"v":{"id":1,"t":[1,1],"tid":423}},{"k":[3,0,0,12,0],"v":{"id":1,"t":[1,1],"tid":570}},{"k":[11,0,0,4,0],"v":{"id":1,"t":[1,1],"tid":308}},{"k":[4,0,0,11,0],"v":{"id":1,"t":[1,1],"tid":268}},{"k":[5,0,0,10,0],"v":{"id":1,"t":[2,1],"tid":570}},{"k":[10,0,0,5,0],"v":{"id":1,"t":[2,1],"tid":423}},{"k":[6,0,0,9,0],"v":{"id":1,"t":[2,1],"tid":318}},{"k":[9,0,0,6,0],"v":{"id":1,"t":[2,1],"tid":318}},{"k":[7,0,0,8,0],"v":{"id":1,"t":[2,1],"tid":318}},{"k":[8,0,0,7,0],"v":{"id":1,"t":[2,1],"tid":318}},{"k":[9,6,0,0,0],"v":{"id":1,"t":[1,1],"tid":477}},{"k":[0,1,0,14,0],"v":{"id":1,"t":[1,1],"tid":636}},{"k":[1,0,0,1,0],"v":{"id":1,"t":[5,0],"tid":225}},{"k":[1,0,0,3,0],"v":{"id":1,"t":[5,0],"tid":584}},{"k":[2,0,0,2,0],"v":{"id":1,"t":[5,0],"tid":316}},{"k":[3,0,0,1,0],"v":{"id":1,"t":[5,0],"tid":471}},{"k":[1,0,0,2,0],"v":{"id":1,"t":[5,0],"tid":584}},{"k":[2,0,0,1,0],"v":{"id":1,"t":[5,0],"tid":471}},{"k":[1,0,0,5,0],"v":{"id":1,"t":[5,0],"tid":584}},{"k":[2,0,0,4,0],"v":{"id":1,"t":[5,0],"tid":370}},{"k":[4,0,0,2,0],"v":{"id":1,"t":[5,0],"tid":324}},{"k":[5,0,0,1,0],"v":{"id":1,"t":[5,0],"tid":471}},{"k":[3,0,0,3,0],"v":{"id":1,"t":[1,1],"tid":225}},{"k":[0,6,0,0,0],"v":{"id":1,"t":[1,1],"tid":211}},{"k":[0,1,0,5,0],"v":{"id":1,"t":[1,1],"tid":177}},{"k":[0,2,0,4,0],"v":{"id":1,"t":[1,1],"tid":159}},{"k":[0,3,0,3,0],"v":{"id":1,"t":[1,1],"tid":159}},{"k":[0,4,0,2,0],"v":{"id":1,"t":[1,1],"tid":159}},{"k":[0,5,0,1,0],"v":{"id":1,"t":[1,1],"tid":159}},{"k":[1,0,0,4,0],"v":{"id":1,"t":[5,0],"tid":584}},{"k":[2,0,0,3,0],"v":{"id":1,"t":[5,0],"tid":370}},{"k":[3,0,0,2,0],"v":{"id":1,"t":[5,0],"tid":324}},{"k":[4,0,0,1,0],"v":{"id":1,"t":[5,0],"tid":471}},{"k":[1,0,0,7,0],"v":{"id":1,"t":[5,0],"tid":584}},{"k":[2,0,0,6,0],"v":{"id":1,"t":[5,0],"tid":370}},{"k":[6,0,0,2,0],"v":{"id":1,"t":[5,0],"tid":324}},{"k":[7,0,0,1,0],"v":{"id":1,"t":[5,0],"tid":471}},{"k":[5,0,0,3,0],"v":{"id":1,"t":[1,1],"tid":471}},{"k":[3,0,0,5,0],"v":{"id":1,"t":[1,1],"tid":584}},{"k":[4,0,0,4,0],"v":{"id":1,"t":[1,1],"tid":316}},{"k":[2,6,0,0,0],"v":{"id":1,"t":[1,1],"tid":477}},{"k":[0,1,0,7,0],"v":{"id":1,"t":[1,1],"tid":636}},{"k":[1,0,0,6,0],"v":{"id":1,"t":[5,0],"tid":584}},{"k":[2,0,0,5,0],"v":{"id":1,"t":[5,0],"tid":370}},{"k":[5,0,0,2,0],"v":{"id":1,"t":[5,0],"tid":324}},{"k":[6,0,0,1,0],"v":{"id":1,"t":[5,0],"tid":471}},{"k":[4,0,0,3,0],"v":{"id":1,"t":[1,1],"tid":471}},{"k":[3,0,0,4,0],"v":{"id":1,"t":[1,1],"tid":584}},{"k":[1,6,0,0,0],"v":{"id":1,"t":[1,1],"tid":477}},{"k":[0,1,0,6,0],"v":{"id":1,"t":[1,1],"tid":636}},{"k":[12,0,0,14,0],"v":{"id":1,"t":[5,0],"tid":324}},{"k":[13,0,0,13,0],"v":{"id":1,"t":[5,0],"tid":62}},{"k":[14,0,0,12,0],"v":{"id":1,"t":[5,0],"tid":370}},{"k":[11,0,0,15,0],"v":{"id":1,"t":[1,1],"tid":477}},{"k":[15,1,0,10,0],"v":{"id":1,"t":[1,1],"tid":636}},{"k":[10,1,0,15,0],"v":{"id":1,"t":[1,1],"tid":477}},{"k":[11,0,0,14,0],"v":{"id":1,"t":[5,0],"tid":324}},{"k":[12,0,0,13,0],"v":{"id":1,"t":[5,0],"tid":471}},{"k":[14,0,0,11,0],"v":{"id":1,"t":[5,0],"tid":370}},{"k":[13,0,0,12,0],"v":{"id":1,"t":[5,0],"tid":584}},{"k":[10,0,0,15,0],"v":{"id":1,"t":[1,1],"tid":477}},{"k":[15,1,0,9,0],"v":{"id":1,"t":[1,1],"tid":636}},{"k":[9,1,0,15,0],"v":{"id":1,"t":[1,1],"tid":477}},{"k":[14,0,0,14,0],"v":{"id":1,"t":[5,0],"tid":372}},{"k":[13,0,0,15,0],"v":{"id":1,"t":[1,1],"tid":477}},{"k":[15,1,0,12,0],"v":{"id":1,"t":[1,1],"tid":636}},{"k":[12,1,0,15,0],"v":{"id":1,"t":[1,1],"tid":477}},{"k":[13,0,0,14,0],"v":{"id":1,"t":[5,0],"tid":324}},{"k":[14,0,0,13,0],"v":{"id":1,"t":[5,0],"tid":370}},{"k":[12,0,0,15,0],"v":{"id":1,"t":[1,1],"tid":477}},{"k":[15,1,0,11,0],"v":{"id":1,"t":[1,1],"tid":636}},{"k":[11,1,0,15,0],"v":{"id":1,"t":[1,1],"tid":477}},{"k":[15,1,0,14,0],"v":{"id":1,"t":[1,1],"tid":636}},{"k":[14,1,0,15,0],"v":{"id":1,"t":[1,1],"tid":477}},{"k":[14,0,0,15,0],"v":{"id":1,"t":[1,1],"tid":425}},{"k":[15,1,0,13,0],"v":{"id":1,"t":[1,1],"tid":636}},{"k":[13,1,0,15,0],"v":{"id":1,"t":[1,1],"tid":477}},{"k":[15,1,0,15,0],"v":{"id":1,"t":[1,1],"tid":116}}],"floors":[{"k":[15,0,0,11,0],"v":{"t":[0,0]}},{"k":[15,0,0,10,0],"v":{"t":[0,0]}},{"k":[15,0,0,13,0],"v":{"t":[0,0]}},{"k":[15,0,0,12,0],"v":{"t":[0,0]}},{"k":[15,0,0,15,0],"v":{"t":[0,0]}},{"k":[15,0,0,14,0],"v":{"t":[0,0]}},{"k":[15,0,0,3,0],"v":{"t":[0,0]}},{"k":[15,0,0,2,0],"v":{"t":[0,0]}},{"k":[15,0,0,5,0],"v":{"t":[0,0]}},{"k":[15,0,0,4,0],"v":{"t":[0,0]}},{"k":[15,0,0,7,0],"v":{"t":[0,0]}},{"k":[15,0,0,6,0],"v":{"t":[0,0]}},{"k":[15,0,0,9,0],"v":{"t":[0,0]}},{"k":[15,0,0,8,0],"v":{"t":[0,0]}},{"k":[0,0,0,10,0],"v":{"t":[0,0]}},{"k":[10,0,0,0,0],"v":{"t":[0,0]}},{"k":[0,0,0,9,0],"v":{"t":[0,0]}},{"k":[9,0,0,0,0],"v":{"t":[0,0]}},{"k":[0,0,0,12,0],"v":{"t":[0,0]}},{"k":[12,0,0,0,0],"v":{"t":[0,0]}},{"k":[0,0,0,11,0],"v":{"t":[0,0]}},{"k":[11,0,0,0,0],"v":{"t":[0,0]}},{"k":[0,0,0,14,0],"v":{"t":[0,0]}},{"k":[14,0,0,0,0],"v":{"t":[0,0]}},{"k":[0,0,0,13,0],"v":{"t":[0,0]}},{"k":[13,0,0,0,0],"v":{"t":[0,0]}},{"k":[15,0,0,1,0],"v":{"t":[0,0]}},{"k":[0,0,0,15,0],"v":{"t":[0,0]}},{"k":[15,0,0,0,0],"v":{"t":[0,0]}},{"k":[0,0,0,2,0],"v":{"t":[0,0]}},{"k":[2,0,0,0,0],"v":{"t":[0,0]}},{"k":[0,0,0,1,0],"v":{"t":[0,0]}},{"k":[1,0,0,0,0],"v":{"t":[0,0]}},{"k":[0,0,0,4,0],"v":{"t":[0,0]}},{"k":[4,0,0,0,0],"v":{"t":[0,0]}},{"k":[0,0,0,3,0],"v":{"t":[0,0]}},{"k":[3,0,0,0,0],"v":{"t":[0,0]}},{"k":[0,0,0,6,0],"v":{"t":[0,0]}},{"k":[6,0,0,0,0],"v":{"t":[0,0]}},{"k":[0,0,0,5,0],"v":{"t":[0,0]}},{"k":[5,0,0,0,0],"v":{"t":[0,0]}},{"k":[0,0,0,8,0],"v":{"t":[0,0]}},{"k":[8,0,0,0,0],"v":{"t":[0,0]}},{"k":[0,0,0,7,0],"v":{"t":[0,0]}},{"k":[7,0,0,0,0],"v":{"t":[0,0]}},{"k":[0,0,0,0,0],"v":{"t":[0,0]}}]},"moun":{"a":[{"k":[15,0,0,4,0],"v":{"hs":2,"sid":17}},{"k":[4,0,0,15,0],"v":{"l":true,"r":true,"sid":17}},{"k":[15,0,0,7,0],"v":{"b":true,"sid":17,"t":true}},{"k":[7,0,0,15,0],"v":{"l":true,"r":true,"sid":17}},{"k":[15,0,0,6,0],"v":{"b":true,"sid":17,"t":true}},{"k":[6,0,0,15,0],"v":{"l":true,"r":true,"sid":17}},{"k":[15,0,0,9,0],"v":{"b":true,"sid":17,"t":true}},{"k":[9,0,0,15,0],"v":{"l":true,"r":true,"sid":17}},{"k":[15,0,0,8,0],"v":{"b":true,"sid":17,"t":true}},{"k":[8,0,0,15,0],"v":{"l":true,"r":true,"sid":17}},{"k":[10,0,0,0,0],"v":{"hs":6,"l":true,"r":true,"sid":17}},{"k":[0,0,0,10,0],"v":{"b":true,"sid":17,"t":true}},{"k":[9,0,0,0,0],"v":{"hs":6,"l":true,"r":true,"sid":17}},{"k":[0,0,0,9,0],"v":{"b":true,"sid":17,"t":true}},{"k":[12,0,0,0,0],"v":{"hs":6,"l":true,"r":true,"sid":17}},{"k":[0,0,0,12,0],"v":{"b":true,"sid":17,"t":true}},{"k":[11,0,0,0,0],"v":{"hs":6,"l":true,"r":true,"sid":17}},{"k":[0,0,0,11,0],"v":{"b":true,"sid":17,"t":true}},{"k":[14,0,0,0,0],"v":{"hs":6,"l":true,"r":true,"sid":17}},{"k":[0,0,0,14,0],"v":{"b":true,"sid":17,"t":true}},{"k":[13,0,0,0,0],"v":{"hs":6,"l":true,"r":true,"sid":17}},{"k":[0,0,0,13,0],"v":{"b":true,"sid":17,"t":true}},{"k":[15,0,0,1,0],"v":{"hs":5,"sid":17}},{"k":[1,0,0,15,0],"v":{"l":true,"r":true,"sid":17}},{"k":[15,0,0,0,0],"v":{"hs":6,"l":true,"sid":17}},{"k":[0,0,0,15,0],"v":{"r":true,"sid":17,"t":true}},{"k":[2,0,0,0,0],"v":{"hs":6,"l":true,"r":true,"sid":17}},{"k":[0,0,0,2,0],"v":{"hs":4,"sid":17}},{"k":[1,0,0,0,0],"v":{"hs":6,"l":true,"r":true,"sid":17}},{"k":[0,0,0,1,0],"v":{"hs":5,"sid":17}},{"k":[4,0,0,0,0],"v":{"hs":6,"l":true,"r":true,"sid":17}},{"k":[0,0,0,4,0],"v":{"hs":2,"sid":17}},{"k":[3,0,0,0,0],"v":{"hs":6,"l":true,"r":true,"sid":17}},{"k":[0,0,0,3,0],"v":{"hs":3,"sid":17}},{"k":[6,0,0,0,0],"v":{"hs":6,"l":true,"r":true,"sid":17}},{"k":[0,0,0,6,0],"v":{"b":true,"sid":17,"t":true}},{"k":[5,0,0,0,0],"v":{"hs":6,"l":true,"r":true,"sid":17}},{"k":[0,0,0,5,0],"v":{"b":true,"sid":17}},{"k":[8,0,0,0,0],"v":{"hs":6,"l":true,"r":true,"sid":17}},{"k":[0,0,0,8,0],"v":{"b":true,"sid":17,"t":true}},{"k":[7,0,0,0,0],"v":{"hs":6,"l":true,"r":true,"sid":17}},{"k":[0,0,0,7,0],"v":{"b":true,"sid":17,"t":true}},{"k":[0,0,0,0,0],"v":{"hs":6,"r":true,"sid":17}},{"k":[15,0,0,11,0],"v":{"b":true,"sid":17,"t":true}},{"k":[11,0,0,15,0],"v":{"l":true,"r":true,"sid":17}},{"k":[15,0,0,10,0],"v":{"b":true,"sid":17,"t":true}},{"k":[10,0,0,15,0],"v":{"l":true,"r":true,"sid":17}},{"k":[15,0,0,13,0],"v":{"b":true,"sid":17,"t":true}},{"k":[13,0,0,15,0],"v":{"l":true,"r":true,"sid":17}},{"k":[15,0,0,12,0],"v":{"b":true,"sid":17,"t":true}},{"k":[12,0,0,15,0],"v":{"l":true,"r":true,"sid":17}},{"k":[15,0,0,15,0],"v":{"l":true,"sid":17,"t":true}},{"k":[15,0,0,14,0],"v":{"b":true,"sid":17,"t":true}},{"k":[14,0,0,15,0],"v":{"l":true,"r":true,"sid":17}},{"k":[15,0,0,3,0],"v":{"hs":3,"sid":17}},{"k":[3,0,0,15,0],"v":{"l":true,"r":true,"sid":17}},{"k":[15,0,0,2,0],"v":{"hs":4,"sid":17}},{"k":[2,0,0,15,0],"v":{"l":true,"r":true,"sid":17}},{"k":[15,0,0,5,0],"v":{"b":true,"sid":17}},{"k":[5,0,0,15,0],"v":{"l":true,"r":true,"sid":17}}],"o":[]},"objs":{"list":[]},"objs3d":{"a":[],"o":[]},"sprites":{"list":[],"overflow":[],"walls":[]}}