{"lands":{"autotiles":[],"floors":[{"k":[1,3,50,4,0],"v":{"t":[0,0]}},{"k":[2,3,50,3,0],"v":{"t":[0,0]}},{"k":[3,3,50,2,0],"v":{"t":[0,0]}},{"k":[4,3,50,1,0],"v":{"t":[0,0]}},{"k":[6,3,50,1,0],"v":{"t":[0,0]}},{"k":[1,3,50,6,0],"v":{"t":[0,0]}},{"k":[2,3,50,5,0],"v":{"t":[0,0]}},{"k":[5,3,50,2,0],"v":{"t":[0,0]}},{"k":[3,2,50,5,0],"v":{"t":[0,0]}},{"k":[4,2,50,4,0],"v":{"t":[0,0]}},{"k":[5,2,50,3,0],"v":{"t":[0,0]}},{"k":[5,3,50,1,0],"v":{"t":[0,0]}},{"k":[1,3,50,5,0],"v":{"t":[0,0]}},{"k":[2,3,50,4,0],"v":{"t":[0,0]}},{"k":[3,3,50,3,0],"v":{"t":[0,0]}},{"k":[4,3,50,2,0],"v":{"t":[0,0]}},{"k":[3,2,50,4,0],"v":{"t":[0,0]}},{"k":[4,2,50,3,0],"v":{"t":[0,0]}},{"k":[8,3,50,1,0],"v":{"t":[0,0]}},{"k":[1,3,50,8,0],"v":{"t":[0,0]}},{"k":[2,3,50,7,0],"v":{"t":[0,0]}},{"k":[7,3,50,2,0],"v":{"t":[0,0]}},{"k":[3,2,50,7,0],"v":{"t":[0,0]}},{"k":[7,2,50,3,0],"v":{"t":[0,0]}},{"k":[7,3,50,1,0],"v":{"t":[0,0]}},{"k":[1,3,50,7,0],"v":{"t":[0,0]}},{"k":[2,3,50,6,0],"v":{"t":[0,0]}},{"k":[6,3,50,2,0],"v":{"t":[0,0]}},{"k":[3,2,50,6,0],"v":{"t":[0,0]}},{"k":[6,2,50,3,0],"v":{"t":[0,0]}},{"k":[4,2,50,5,0],"v":{"t":[0,0]}},{"k":[5,2,50,4,0],"v":{"t":[0,0]}},{"k":[10,3,50,1,0],"v":{"t":[0,0]}},{"k":[1,3,50,10,0],"v":{"t":[0,0]}},{"k":[2,3,50,9,0],"v":{"t":[0,0]}},{"k":[9,3,50,2,0],"v":{"t":[0,0]}},{"k":[3,2,50,9,0],"v":{"t":[0,0]}},{"k":[9,2,50,3,0],"v":{"t":[0,0]}},{"k":[9,3,50,1,0],"v":{"t":[0,0]}},{"k":[1,3,50,9,0],"v":{"t":[0,0]}},{"k":[2,3,50,8,0],"v":{"t":[0,0]}},{"k":[8,3,50,2,0],"v":{"t":[0,0]}},{"k":[3,2,50,8,0],"v":{"t":[0,0]}},{"k":[8,2,50,3,0],"v":{"t":[0,0]}},{"k":[12,3,50,1,0],"v":{"t":[0,0]}},{"k":[1,3,50,12,0],"v":{"t":[0,0]}},{"k":[2,3,50,11,0],"v":{"t":[0,0]}},{"k":[11,3,50,2,0],"v":{"t":[0,0]}},{"k":[3,2,50,11,0],"v":{"t":[0,0]}},{"k":[11,2,50,3,0],"v":{"t":[0,0]}},{"k":[11,3,50,1,0],"v":{"t":[0,0]}},{"k":[1,3,50,11,0],"v":{"t":[0,0]}},{"k":[2,3,50,10,0],"v":{"t":[0,0]}},{"k":[10,3,50,2,0],"v":{"t":[0,0]}},{"k":[3,2,50,10,0],"v":{"t":[0,0]}},{"k":[10,2,50,3,0],"v":{"t":[0,0]}},{"k":[14,3,50,1,0],"v":{"t":[0,0]}},{"k":[1,3,50,14,0],"v":{"t":[0,0]}},{"k":[2,3,50,13,0],"v":{"t":[0,0]}},{"k":[13,3,50,2,0],"v":{"t":[0,0]}},{"k":[3,2,50,13,0],"v":{"t":[0,0]}},{"k":[13,2,50,3,0],"v":{"t":[0,0]}},{"k":[13,3,50,1,0],"v":{"t":[0,0]}},{"k":[1,3,50,13,0],"v":{"t":[0,0]}},{"k":[2,3,50,12,0],"v":{"t":[0,0]}},{"k":[12,3,50,2,0],"v":{"t":[0,0]}},{"k":[3,2,50,12,0],"v":{"t":[0,0]}},{"k":[12,2,50,3,0],"v":{"t":[0,0]}},{"k":[2,3,50,15,0],"v":{"t":[0,0]}},{"k":[15,3,50,2,0],"v":{"t":[0,0]}},{"k":[3,2,50,15,0],"v":{"t":[0,0]}},{"k":[15,2,50,3,0],"v":{"t":[0,0]}},{"k":[15,3,50,1,0],"v":{"t":[0,0]}},{"k":[1,3,50,15,0],"v":{"t":[0,0]}},{"k":[2,3,50,14,0],"v":{"t":[0,0]}},{"k":[14,3,50,2,0],"v":{"t":[0,0]}},{"k":[3,2,50,14,0],"v":{"t":[0,0]}},{"k":[14,2,50,3,0],"v":{"t":[0,0]}},{"k":[11,0,0,15,0],"v":{"t":[0,0]}},{"k":[12,0,0,14,0],"v":{"t":[0,0]}},{"k":[13,0,0,13,0],"v":{"t":[0,0]}},{"k":[14,0,0,12,0],"v":{"t":[0,0]}},{"k":[15,0,0,11,0],"v":{"t":[0,0]}},{"k":[10,0,0,15,0],"v":{"t":[0,0]}},{"k":[11,0,0,14,0],"v":{"t":[0,0]}},{"k":[12,0,0,13,0],"v":{"t":[0,0]}},{"k":[13,0,0,12,0],"v":{"t":[0,0]}},{"k":[14,0,0,11,0],"v":{"t":[0,0]}},{"k":[15,0,0,10,0],"v":{"t":[0,0]}},{"k":[13,0,0,15,0],"v":{"t":[0,0]}},{"k":[14,0,0,14,0],"v":{"t":[0,0]}},{"k":[15,0,0,13,0],"v":{"t":[0,0]}},{"k":[12,0,0,15,0],"v":{"t":[0,0]}},{"k":[13,0,0,14,0],"v":{"t":[0,0]}},{"k":[14,0,0,13,0],"v":{"t":[0,0]}},{"k":[15,0,0,12,0],"v":{"t":[0,0]}},{"k":[15,0,0,15,0],"v":{"t":[0,0]}},{"k":[14,0,0,15,0],"v":{"t":[0,0]}},{"k":[15,0,0,14,0],"v":{"t":[0,0]}},{"k":[10,0,0,0,0],"v":{"t":[0,0]}},{"k":[9,0,0,1,0],"v":{"t":[0,0]}},{"k":[8,0,0,2,0],"v":{"t":[0,0]}},{"k":[7,0,0,3,0],"v":{"t":[0,0]}},{"k":[6,0,0,4,0],"v":{"t":[0,0]}},{"k":[5,0,0,5,0],"v":{"t":[0,0]}},{"k":[4,0,0,6,0],"v":{"t":[0,0]}},{"k":[3,0,0,7,0],"v":{"t":[0,0]}},{"k":[0,0,0,10,0],"v":{"t":[0,0]}},{"k":[2,0,0,8,0],"v":{"t":[0,0]}},{"k":[1,0,0,9,0],"v":{"t":[0,0]}},{"k":[0,5,0,5,0],"v":{"t":[0,0]}},{"k":[5,5,0,0,0],"v":{"t":[0,0]}},{"k":[9,0,0,0,0],"v":{"t":[0,0]}},{"k":[8,0,0,1,0],"v":{"t":[0,0]}},{"k":[7,0,0,2,0],"v":{"t":[0,0]}},{"k":[6,0,0,3,0],"v":{"t":[0,0]}},{"k":[5,0,0,4,0],"v":{"t":[0,0]}},{"k":[4,0,0,5,0],"v":{"t":[0,0]}},{"k":[3,0,0,6,0],"v":{"t":[0,0]}},{"k":[2,0,0,7,0],"v":{"t":[0,0]}},{"k":[1,0,0,8,0],"v":{"t":[0,0]}},{"k":[0,0,0,9,0],"v":{"t":[0,0]}},{"k":[0,5,0,4,0],"v":{"t":[0,0]}},{"k":[4,5,0,0,0],"v":{"t":[0,0]}},{"k":[12,0,0,0,0],"v":{"t":[0,0]}},{"k":[11,0,0,1,0],"v":{"t":[0,0]}},{"k":[10,0,0,2,0],"v":{"t":[0,0]}},{"k":[9,0,0,3,0],"v":{"t":[0,0]}},{"k":[8,0,0,4,0],"v":{"t":[0,0]}},{"k":[7,0,0,5,0],"v":{"t":[0,0]}},{"k":[6,0,0,6,0],"v":{"t":[0,0]}},{"k":[5,0,0,7,0],"v":{"t":[0,0]}},{"k":[0,0,0,12,0],"v":{"t":[0,0]}},{"k":[4,0,0,8,0],"v":{"t":[0,0]}},{"k":[1,0,0,11,0],"v":{"t":[0,0]}},{"k":[2,0,0,10,0],"v":{"t":[0,0]}},{"k":[3,0,0,9,0],"v":{"t":[0,0]}},{"k":[0,5,0,7,0],"v":{"t":[0,0]}},{"k":[7,5,0,0,0],"v":{"t":[0,0]}},{"k":[11,0,0,0,0],"v":{"t":[0,0]}},{"k":[10,0,0,1,0],"v":{"t":[0,0]}},{"k":[9,0,0,2,0],"v":{"t":[0,0]}},{"k":[8,0,0,3,0],"v":{"t":[0,0]}},{"k":[7,0,0,4,0],"v":{"t":[0,0]}},{"k":[6,0,0,5,0],"v":{"t":[0,0]}},{"k":[5,0,0,6,0],"v":{"t":[0,0]}},{"k":[4,0,0,7,0],"v":{"t":[0,0]}},{"k":[0,0,0,11,0],"v":{"t":[0,0]}},{"k":[3,0,0,8,0],"v":{"t":[0,0]}},{"k":[1,0,0,10,0],"v":{"t":[0,0]}},{"k":[2,0,0,9,0],"v":{"t":[0,0]}},{"k":[0,5,0,6,0],"v":{"t":[0,0]}},{"k":[6,5,0,0,0],"v":{"t":[0,0]}},{"k":[14,0,0,0,0],"v":{"t":[0,0]}},{"k":[13,0,0,1,0],"v":{"t":[0,0]}},{"k":[12,0,0,2,0],"v":{"t":[0,0]}},{"k":[11,0,0,3,0],"v":{"t":[0,0]}},{"k":[10,0,0,4,0],"v":{"t":[0,0]}},{"k":[9,0,0,5,0],"v":{"t":[0,0]}},{"k":[8,0,0,6,0],"v":{"t":[0,0]}},{"k":[7,0,0,7,0],"v":{"t":[0,0]}},{"k":[0,0,0,14,0],"v":{"t":[0,0]}},{"k":[6,0,0,8,0],"v":{"t":[0,0]}},{"k":[1,0,0,13,0],"v":{"t":[0,0]}},{"k":[2,0,0,12,0],"v":{"t":[0,0]}},{"k":[3,0,0,11,0],"v":{"t":[0,0]}},{"k":[4,0,0,10,0],"v":{"t":[0,0]}},{"k":[5,0,0,9,0],"v":{"t":[0,0]}},{"k":[0,5,0,9,0],"v":{"t":[0,0]}},{"k":[9,5,0,0,0],"v":{"t":[0,0]}},{"k":[13,0,0,0,0],"v":{"t":[0,0]}},{"k":[12,0,0,1,0],"v":{"t":[0,0]}},{"k":[11,0,0,2,0],"v":{"t":[0,0]}},{"k":[10,0,0,3,0],"v":{"t":[0,0]}},{"k":[9,0,0,4,0],"v":{"t":[0,0]}},{"k":[8,0,0,5,0],"v":{"t":[0,0]}},{"k":[7,0,0,6,0],"v":{"t":[0,0]}},{"k":[6,0,0,7,0],"v":{"t":[0,0]}},{"k":[0,0,0,13,0],"v":{"t":[0,0]}},{"k":[5,0,0,8,0],"v":{"t":[0,0]}},{"k":[1,0,0,12,0],"v":{"t":[0,0]}},{"k":[2,0,0,11,0],"v":{"t":[0,0]}},{"k":[3,0,0,10,0],"v":{"t":[0,0]}},{"k":[4,0,0,9,0],"v":{"t":[0,0]}},{"k":[0,5,0,8,0],"v":{"t":[0,0]}},{"k":[8,5,0,0,0],"v":{"t":[0,0]}},{"k":[15,0,0,1,0],"v":{"t":[0,0]}},{"k":[14,0,0,2,0],"v":{"t":[0,0]}},{"k":[13,0,0,3,0],"v":{"t":[0,0]}},{"k":[12,0,0,4,0],"v":{"t":[0,0]}},{"k":[11,0,0,5,0],"v":{"t":[0,0]}},{"k":[10,0,0,6,0],"v":{"t":[0,0]}},{"k":[9,0,0,7,0],"v":{"t":[0,0]}},{"k":[8,0,0,8,0],"v":{"t":[0,0]}},{"k":[1,0,0,15,0],"v":{"t":[0,0]}},{"k":[2,0,0,14,0],"v":{"t":[0,0]}},{"k":[3,0,0,13,0],"v":{"t":[0,0]}},{"k":[4,0,0,12,0],"v":{"t":[0,0]}},{"k":[5,0,0,11,0],"v":{"t":[0,0]}},{"k":[6,0,0,10,0],"v":{"t":[0,0]}},{"k":[7,0,0,9,0],"v":{"t":[0,0]}},{"k":[0,5,0,11,0],"v":{"t":[0,0]}},{"k":[11,5,0,0,0],"v":{"t":[0,0]}},{"k":[15,0,0,0,0],"v":{"t":[0,0]}},{"k":[14,0,0,1,0],"v":{"t":[0,0]}},{"k":[13,0,0,2,0],"v":{"t":[0,0]}},{"k":[12,0,0,3,0],"v":{"t":[0,0]}},{"k":[11,0,0,4,0],"v":{"t":[0,0]}},{"k":[10,0,0,5,0],"v":{"t":[0,0]}},{"k":[9,0,0,6,0],"v":{"t":[0,0]}},{"k":[8,0,0,7,0],"v":{"t":[0,0]}},{"k":[0,0,0,15,0],"v":{"t":[0,0]}},{"k":[7,0,0,8,0],"v":{"t":[0,0]}},{"k":[1,0,0,14,0],"v":{"t":[0,0]}},{"k":[2,0,0,13,0],"v":{"t":[0,0]}},{"k":[3,0,0,12,0],"v":{"t":[0,0]}},{"k":[4,0,0,11,0],"v":{"t":[0,0]}},{"k":[5,0,0,10,0],"v":{"t":[0,0]}},{"k":[6,0,0,9,0],"v":{"t":[0,0]}},{"k":[0,5,0,10,0],"v":{"t":[0,0]}},{"k":[10,5,0,0,0],"v":{"t":[0,0]}},{"k":[15,0,0,3,0],"v":{"t":[0,0]}},{"k":[14,0,0,4,0],"v":{"t":[0,0]}},{"k":[13,0,0,5,0],"v":{"t":[0,0]}},{"k":[12,0,0,6,0],"v":{"t":[0,0]}},{"k":[11,0,0,7,0],"v":{"t":[0,0]}},{"k":[10,0,0,8,0],"v":{"t":[0,0]}},{"k":[3,0,0,15,0],"v":{"t":[0,0]}},{"k":[4,0,0,14,0],"v":{"t":[0,0]}},{"k":[5,0,0,13,0],"v":{"t":[0,0]}},{"k":[6,0,0,12,0],"v":{"t":[0,0]}},{"k":[7,0,0,11,0],"v":{"t":[0,0]}},{"k":[8,0,0,10,0],"v":{"t":[0,0]}},{"k":[9,0,0,9,0],"v":{"t":[0,0]}},{"k":[0,5,0,13,0],"v":{"t":[0,0]}},{"k":[13,5,0,0,0],"v":{"t":[0,0]}},{"k":[15,0,0,2,0],"v":{"t":[0,0]}},{"k":[14,0,0,3,0],"v":{"t":[0,0]}},{"k":[13,0,0,4,0],"v":{"t":[0,0]}},{"k":[12,0,0,5,0],"v":{"t":[0,0]}},{"k":[11,0,0,6,0],"v":{"t":[0,0]}},{"k":[10,0,0,7,0],"v":{"t":[0,0]}},{"k":[9,0,0,8,0],"v":{"t":[0,0]}},{"k":[2,0,0,15,0],"v":{"t":[0,0]}},{"k":[3,0,0,14,0],"v":{"t":[0,0]}},{"k":[4,0,0,13,0],"v":{"t":[0,0]}},{"k":[5,0,0,12,0],"v":{"t":[0,0]}},{"k":[6,0,0,11,0],"v":{"t":[0,0]}},{"k":[7,0,0,10,0],"v":{"t":[0,0]}},{"k":[8,0,0,9,0],"v":{"t":[0,0]}},{"k":[0,5,0,12,0],"v":{"t":[0,0]}},{"k":[12,5,0,0,0],"v":{"t":[0,0]}},{"k":[15,0,0,5,0],"v":{"t":[0,0]}},{"k":[14,0,0,6,0],"v":{"t":[0,0]}},{"k":[13,0,0,7,0],"v":{"t":[0,0]}},{"k":[12,0,0,8,0],"v":{"t":[0,0]}},{"k":[5,0,0,15,0],"v":{"t":[0,0]}},{"k":[6,0,0,14,0],"v":{"t":[0,0]}},{"k":[7,0,0,13,0],"v":{"t":[0,0]}},{"k":[8,0,0,12,0],"v":{"t":[0,0]}},{"k":[9,0,0,11,0],"v":{"t":[0,0]}},{"k":[10,0,0,10,0],"v":{"t":[0,0]}},{"k":[11,0,0,9,0],"v":{"t":[0,0]}},{"k":[0,5,0,15,0],"v":{"t":[0,0]}},{"k":[15,5,0,0,0],"v":{"t":[0,0]}},{"k":[15,0,0,4,0],"v":{"t":[0,0]}},{"k":[14,0,0,5,0],"v":{"t":[0,0]}},{"k":[13,0,0,6,0],"v":{"t":[0,0]}},{"k":[12,0,0,7,0],"v":{"t":[0,0]}},{"k":[11,0,0,8,0],"v":{"t":[0,0]}},{"k":[4,0,0,15,0],"v":{"t":[0,0]}},{"k":[5,0,0,14,0],"v":{"t":[0,0]}},{"k":[6,0,0,13,0],"v":{"t":[0,0]}},{"k":[7,0,0,12,0],"v":{"t":[0,0]}},{"k":[8,0,0,11,0],"v":{"t":[0,0]}},{"k":[9,0,0,10,0],"v":{"t":[0,0]}},{"k":[10,0,0,9,0],"v":{"t":[0,0]}},{"k":[0,5,0,14,0],"v":{"t":[0,0]}},{"k":[14,5,0,0,0],"v":{"t":[0,0]}},{"k":[15,0,0,7,0],"v":{"t":[0,0]}},{"k":[14,0,0,8,0],"v":{"t":[0,0]}},{"k":[7,0,0,15,0],"v":{"t":[0,0]}},{"k":[8,0,0,14,0],"v":{"t":[0,0]}},{"k":[9,0,0,13,0],"v":{"t":[0,0]}},{"k":[10,0,0,12,0],"v":{"t":[0,0]}},{"k":[11,0,0,11,0],"v":{"t":[0,0]}},{"k":[12,0,0,10,0],"v":{"t":[0,0]}},{"k":[13,0,0,9,0],"v":{"t":[0,0]}},{"k":[15,0,0,6,0],"v":{"t":[0,0]}},{"k":[14,0,0,7,0],"v":{"t":[0,0]}},{"k":[13,0,0,8,0],"v":{"t":[0,0]}},{"k":[6,0,0,15,0],"v":{"t":[0,0]}},{"k":[7,0,0,14,0],"v":{"t":[0,0]}},{"k":[8,0,0,13,0],"v":{"t":[0,0]}},{"k":[9,0,0,12,0],"v":{"t":[0,0]}},{"k":[10,0,0,11,0],"v":{"t":[0,0]}},{"k":[11,0,0,10,0],"v":{"t":[0,0]}},{"k":[12,0,0,9,0],"v":{"t":[0,0]}},{"k":[9,0,0,15,0],"v":{"t":[0,0]}},{"k":[10,0,0,14,0],"v":{"t":[0,0]}},{"k":[11,0,0,13,0],"v":{"t":[0,0]}},{"k":[12,0,0,12,0],"v":{"t":[0,0]}},{"k":[13,0,0,11,0],"v":{"t":[0,0]}},{"k":[14,0,0,10,0],"v":{"t":[0,0]}},{"k":[15,0,0,9,0],"v":{"t":[0,0]}},{"k":[15,0,0,8,0],"v":{"t":[0,0]}},{"k":[8,0,0,15,0],"v":{"t":[0,0]}},{"k":[9,0,0,14,0],"v":{"t":[0,0]}},{"k":[10,0,0,13,0],"v":{"t":[0,0]}},{"k":[11,0,0,12,0],"v":{"t":[0,0]}},{"k":[12,0,0,11,0],"v":{"t":[0,0]}},{"k":[13,0,0,10,0],"v":{"t":[0,0]}},{"k":[14,0,0,9,0],"v":{"t":[0,0]}},{"k":[0,0,0,0,0],"v":{"t":[0,0]}},{"k":[2,0,0,0,0],"v":{"t":[0,0]}},{"k":[1,0,0,1,0],"v":{"t":[0,0]}},{"k":[0,0,0,2,0],"v":{"t":[0,0]}},{"k":[1,0,0,0,0],"v":{"t":[0,0]}},{"k":[0,0,0,1,0],"v":{"t":[0,0]}},{"k":[4,0,0,0,0],"v":{"t":[0,0]}},{"k":[3,0,0,1,0],"v":{"t":[0,0]}},{"k":[2,0,0,2,0],"v":{"t":[0,0]}},{"k":[1,0,0,3,0],"v":{"t":[0,0]}},{"k":[0,0,0,4,0],"v":{"t":[0,0]}},{"k":[3,0,0,0,0],"v":{"t":[0,0]}},{"k":[2,0,0,1,0],"v":{"t":[0,0]}},{"k":[1,0,0,2,0],"v":{"t":[0,0]}},{"k":[0,0,0,3,0],"v":{"t":[0,0]}},{"k":[6,0,0,0,0],"v":{"t":[0,0]}},{"k":[5,0,0,1,0],"v":{"t":[0,0]}},{"k":[4,0,0,2,0],"v":{"t":[0,0]}},{"k":[3,0,0,3,0],"v":{"t":[0,0]}},{"k":[2,0,0,4,0],"v":{"t":[0,0]}},{"k":[1,0,0,5,0],"v":{"t":[0,0]}},{"k":[0,0,0,6,0],"v":{"t":[0,0]}},{"k":[0,5,0,1,0],"v":{"t":[0,0]}},{"k":[1,5,0,0,0],"v":{"t":[0,0]}},{"k":[5,0,0,0,0],"v":{"t":[0,0]}},{"k":[4,0,0,1,0],"v":{"t":[0,0]}},{"k":[3,0,0,2,0],"v":{"t":[0,0]}},{"k":[2,0,0,3,0],"v":{"t":[0,0]}},{"k":[1,0,0,4,0],"v":{"t":[0,0]}},{"k":[0,0,0,5,0],"v":{"t":[0,0]}},{"k":[0,5,0,0,0],"v":{"t":[0,0]}},{"k":[8,0,0,0,0],"v":{"t":[0,0]}},{"k":[7,0,0,1,0],"v":{"t":[0,0]}},{"k":[6,0,0,2,0],"v":{"t":[0,0]}},{"k":[5,0,0,3,0],"v":{"t":[0,0]}},{"k":[4,0,0,4,0],"v":{"t":[0,0]}},{"k":[3,0,0,5,0],"v":{"t":[0,0]}},{"k":[2,0,0,6,0],"v":{"t":[0,0]}},{"k":[1,0,0,7,0],"v":{"t":[0,0]}},{"k":[0,0,0,8,0],"v":{"t":[0,0]}},{"k":[0,5,0,3,0],"v":{"t":[0,0]}},{"k":[3,5,0,0,0],"v":{"t":[0,0]}},{"k":[7,0,0,0,0],"v":{"t":[0,0]}},{"k":[6,0,0,1,0],"v":{"t":[0,0]}},{"k":[5,0,0,2,0],"v":{"t":[0,0]}},{"k":[4,0,0,3,0],"v":{"t":[0,0]}},{"k":[3,0,0,4,0],"v":{"t":[0,0]}},{"k":[2,0,0,5,0],"v":{"t":[0,0]}},{"k":[1,0,0,6,0],"v":{"t":[0,0]}},{"k":[0,0,0,7,0],"v":{"t":[0,0]}},{"k":[0,5,0,2,0],"v":{"t":[0,0]}},{"k":[2,5,0,0,0],"v":{"t":[0,0]}}]},"moun":{"a":[{"k":[0,0,0,10,0],"v":{"b":true,"hs":5,"sid":1,"t":true,"wp":31.25}},{"k":[10,0,0,0,0],"v":{"hs":5,"l":true,"r":true,"sid":1,"wp":31.25}},{"k":[9,0,0,1,0],"v":{"b":true,"hp":50,"hs":3,"l":true,"r":true,"sid":1,"wp":31.25}},{"k":[1,0,0,9,0],"v":{"b":true,"hp":50,"hs":3,"r":true,"sid":1,"t":true,"wp":31.25}},{"k":[2,0,0,8,0],"v":{"b":true,"hp":50,"hs":3,"l":true,"sid":1,"t":true,"wp":31.25}},{"k":[8,0,0,2,0],"v":{"hp":50,"hs":3,"l":true,"r":true,"sid":1,"t":true,"wp":31.25}},{"k":[3,0,0,7,0],"v":{"b":true,"hp":50,"hs":2,"sid":1,"t":true,"wp":31.25}},{"k":[7,0,0,3,0],"v":{"hp":50,"hs":2,"l":true,"r":true,"sid":1,"wp":31.25}},{"k":[0,0,0,9,0],"v":{"b":true,"hs":5,"sid":1,"t":true,"wp":31.25}},{"k":[9,0,0,0,0],"v":{"hs":5,"l":true,"r":true,"sid":1,"wp":31.25}},{"k":[8,0,0,1,0],"v":{"b":true,"hp":50,"hs":3,"l":true,"r":true,"sid":1,"wp":31.25}},{"k":[1,0,0,8,0],"v":{"b":true,"hp":50,"hs":3,"r":true,"sid":1,"t":true,"wp":31.25}},{"k":[2,0,0,7,0],"v":{"b":true,"hp":50,"hs":3,"l":true,"sid":1,"t":true,"wp":31.25}},{"k":[7,0,0,2,0],"v":{"hp":50,"hs":3,"l":true,"r":true,"sid":1,"t":true,"wp":31.25}},{"k":[3,0,0,6,0],"v":{"b":true,"hp":50,"hs":2,"sid":1,"t":true,"wp":31.25}},{"k":[6,0,0,3,0],"v":{"hp":50,"hs":2,"l":true,"r":true,"sid":1,"wp":31.25}},{"k":[4,0,0,5,0],"v":{"hp":50,"hs":2,"l":true,"sid":1,"t":true,"wp":31.25}},{"k":[5,0,0,4,0],"v":{"hp":50,"hs":2,"l":true,"sid":1,"t":true,"wp":31.25}},{"k":[0,0,0,12,0],"v":{"b":true,"hs":5,"sid":1,"t":true,"wp":31.25}},{"k":[12,0,0,0,0],"v":{"hs":5,"l":true,"r":true,"sid":1,"wp":31.25}},{"k":[11,0,0,1,0],"v":{"b":true,"hp":50,"hs":3,"l":true,"r":true,"sid":1,"wp":31.25}},{"k":[1,0,0,11,0],"v":{"b":true,"hp":50,"hs":3,"r":true,"sid":1,"t":true,"wp":31.25}},{"k":[2,0,0,10,0],"v":{"b":true,"hp":50,"hs":3,"l":true,"sid":1,"t":true,"wp":31.25}},{"k":[10,0,0,2,0],"v":{"hp":50,"hs":3,"l":true,"r":true,"sid":1,"t":true,"wp":31.25}},{"k":[3,0,0,9,0],"v":{"b":true,"hp":50,"hs":2,"sid":1,"t":true,"wp":31.25}},{"k":[9,0,0,3,0],"v":{"hp":50,"hs":2,"l":true,"r":true,"sid":1,"wp":31.25}},{"k":[0,0,0,11,0],"v":{"b":true,"hs":5,"sid":1,"t":true,"wp":31.25}},{"k":[11,0,0,0,0],"v":{"hs":5,"l":true,"r":true,"sid":1,"wp":31.25}},{"k":[10,0,0,1,0],"v":{"b":true,"hp":50,"hs":3,"l":true,"r":true,"sid":1,"wp":31.25}},{"k":[1,0,0,10,0],"v":{"b":true,"hp":50,"hs":3,"r":true,"sid":1,"t":true,"wp":31.25}},{"k":[2,0,0,9,0],"v":{"b":true,"hp":50,"hs":3,"l":true,"sid":1,"t":true,"wp":31.25}},{"k":[9,0,0,2,0],"v":{"hp":50,"hs":3,"l":true,"r":true,"sid":1,"t":true,"wp":31.25}},{"k":[3,0,0,8,0],"v":{"b":true,"hp":50,"hs":2,"sid":1,"t":true,"wp":31.25}},{"k":[8,0,0,3,0],"v":{"hp":50,"hs":2,"l":true,"r":true,"sid":1,"wp":31.25}},{"k":[0,0,0,14,0],"v":{"b":true,"hs":5,"sid":1,"t":true,"wp":31.25}},{"k":[14,0,0,0,0],"v":{"hs":5,"l":true,"r":true,"sid":1,"wp":31.25}},{"k":[13,0,0,1,0],"v":{"b":true,"hp":50,"hs":3,"l":true,"r":true,"sid":1,"wp":31.25}},{"k":[1,0,0,13,0],"v":{"b":true,"hp":50,"hs":3,"r":true,"sid":1,"t":true,"wp":31.25}},{"k":[2,0,0,12,0],"v":{"b":true,"hp":50,"hs":3,"l":true,"sid":1,"t":true,"wp":31.25}},{"k":[12,0,0,2,0],"v":{"hp":50,"hs":3,"l":true,"r":true,"sid":1,"t":true,"wp":31.25}},{"k":[3,0,0,11,0],"v":{"b":true,"hp":50,"hs":2,"sid":1,"t":true,"wp":31.25}},{"k":[11,0,0,3,0],"v":{"hp":50,"hs":2,"l":true,"r":true,"sid":1,"wp":31.25}},{"k":[0,0,0,13,0],"v":{"b":true,"hs":5,"sid":1,"t":true,"wp":31.25}},{"k":[13,0,0,0,0],"v":{"hs":5,"l":true,"r":true,"sid":1,"wp":31.25}},{"k":[12,0,0,1,0],"v":{"b":true,"hp":50,"hs":3,"l":true,"r":true,"sid":1,"wp":31.25}},{"k":[1,0,0,12,0],"v":{"b":true,"hp":50,"hs":3,"r":true,"sid":1,"t":true,"wp":31.25}},{"k":[2,0,0,11,0],"v":{"b":true,"hp":50,"hs":3,"l":true,"sid":1,"t":true,"wp":31.25}},{"k":[11,0,0,2,0],"v":{"hp":50,"hs":3,"l":true,"r":true,"sid":1,"t":true,"wp":31.25}},{"k":[3,0,0,10,0],"v":{"b":true,"hp":50,"hs":2,"sid":1,"t":true,"wp":31.25}},{"k":[10,0,0,3,0],"v":{"hp":50,"hs":2,"l":true,"r":true,"sid":1,"wp":31.25}},{"k":[15,0,0,1,0],"v":{"b":true,"hp":50,"hs":3,"l":true,"r":true,"sid":1,"wp":31.25}},{"k":[1,0,0,15,0],"v":{"b":true,"hp":50,"hs":3,"r":true,"sid":1,"t":true,"wp":31.25}},{"k":[2,0,0,14,0],"v":{"b":true,"hp":50,"hs":3,"l":true,"sid":1,"t":true,"wp":31.25}},{"k":[14,0,0,2,0],"v":{"hp":50,"hs":3,"l":true,"r":true,"sid":1,"t":true,"wp":31.25}},{"k":[3,0,0,13,0],"v":{"b":true,"hp":50,"hs":2,"sid":1,"t":true,"wp":31.25}},{"k":[13,0,0,3,0],"v":{"hp":50,"hs":2,"l":true,"r":true,"sid":1,"wp":31.25}},{"k":[0,0,0,15,0],"v":{"b":true,"hs":5,"sid":1,"t":true,"wp":31.25}},{"k":[15,0,0,0,0],"v":{"hs":5,"l":true,"r":true,"sid":1,"wp":31.25}},{"k":[14,0,0,1,0],"v":{"b":true,"hp":50,"hs":3,"l":true,"r":true,"sid":1,"wp":31.25}},{"k":[1,0,0,14,0],"v":{"b":true,"hp":50,"hs":3,"r":true,"sid":1,"t":true,"wp":31.25}},{"k":[2,0,0,13,0],"v":{"b":true,"hp":50,"hs":3,"l":true,"sid":1,"t":true,"wp":31.25}},{"k":[13,0,0,2,0],"v":{"hp":50,"hs":3,"l":true,"r":true,"sid":1,"t":true,"wp":31.25}},{"k":[3,0,0,12,0],"v":{"b":true,"hp":50,"hs":2,"sid":1,"t":true,"wp":31.25}},{"k":[12,0,0,3,0],"v":{"hp":50,"hs":2,"l":true,"r":true,"sid":1,"wp":31.25}},{"k":[3,0,0,15,0],"v":{"b":true,"hp":50,"hs":2,"sid":1,"t":true,"wp":31.25}},{"k":[15,0,0,3,0],"v":{"hp":50,"hs":2,"l":true,"r":true,"sid":1,"wp":31.25}},{"k":[2,0,0,15,0],"v":{"b":true,"hp":50,"hs":3,"l":true,"sid":1,"t":true,"wp":31.25}},{"k":[15,0,0,2,0],"v":{"hp":50,"hs":3,"l":true,"r":true,"sid":1,"t":true,"wp":31.25}},{"k":[3,0,0,14,0],"v":{"b":true,"hp":50,"hs":2,"sid":1,"t":true,"wp":31.25}},{"k":[14,0,0,3,0],"v":{"hp":50,"hs":2,"l":true,"r":true,"sid":1,"wp":31.25}},{"k":[0,0,0,0,0],"v":{"b":true,"hs":5,"r":true,"sid":1,"wp":31.25}},{"k":[0,0,0,2,0],"v":{"b":true,"hs":5,"sid":1,"t":true,"wp":31.25}},{"k":[2,0,0,0,0],"v":{"hs":5,"l":true,"r":true,"sid":1,"wp":31.25}},{"k":[0,0,0,1,0],"v":{"b":true,"hs":5,"sid":1,"t":true,"wp":31.25}},{"k":[1,0,0,0,0],"v":{"hs":5,"l":true,"r":true,"sid":1,"wp":31.25}},{"k":[0,0,0,4,0],"v":{"b":true,"hs":5,"sid":1,"t":true,"wp":31.25}},{"k":[4,0,0,0,0],"v":{"hs":5,"l":true,"r":true,"sid":1,"wp":31.25}},{"k":[0,0,0,3,0],"v":{"b":true,"hs":5,"sid":1,"t":true,"wp":31.25}},{"k":[3,0,0,0,0],"v":{"hs":5,"l":true,"r":true,"sid":1,"wp":31.25}},{"k":[0,0,0,6,0],"v":{"b":true,"hs":5,"sid":1,"t":true,"wp":31.25}},{"k":[6,0,0,0,0],"v":{"hs":5,"l":true,"r":true,"sid":1,"wp":31.25}},{"k":[5,0,0,1,0],"v":{"b":true,"hp":50,"hs":3,"l":true,"r":true,"sid":1,"wp":31.25}},{"k":[1,0,0,5,0],"v":{"b":true,"hp":50,"hs":3,"r":true,"sid":1,"t":true,"wp":31.25}},{"k":[2,0,0,4,0],"v":{"b":true,"hp":50,"hs":3,"l":true,"sid":1,"t":true,"wp":31.25}},{"k":[3,0,0,3,0],"v":{"hp":50,"hs":3,"l":true,"sid":1,"t":true,"wp":31.25}},{"k":[4,0,0,2,0],"v":{"hp":50,"hs":3,"l":true,"r":true,"sid":1,"t":true,"wp":31.25}},{"k":[0,0,0,5,0],"v":{"b":true,"hs":5,"sid":1,"t":true,"wp":31.25}},{"k":[5,0,0,0,0],"v":{"hs":5,"l":true,"r":true,"sid":1,"wp":31.25}},{"k":[1,0,0,4,0],"v":{"b":true,"hp":50,"hs":3,"r":true,"sid":1,"wp":31.25}},{"k":[2,0,0,3,0],"v":{"b":true,"hp":50,"hs":3,"r":true,"sid":1,"wp":31.25}},{"k":[3,0,0,2,0],"v":{"b":true,"hp":50,"hs":3,"r":true,"sid":1,"wp":31.25}},{"k":[4,0,0,1,0],"v":{"b":true,"hp":50,"hs":3,"r":true,"sid":1,"wp":31.25}},{"k":[0,0,0,8,0],"v":{"b":true,"hs":5,"sid":1,"t":true,"wp":31.25}},{"k":[8,0,0,0,0],"v":{"hs":5,"l":true,"r":true,"sid":1,"wp":31.25}},{"k":[7,0,0,1,0],"v":{"b":true,"hp":50,"hs":3,"l":true,"r":true,"sid":1,"wp":31.25}},{"k":[1,0,0,7,0],"v":{"b":true,"hp":50,"hs":3,"r":true,"sid":1,"t":true,"wp":31.25}},{"k":[2,0,0,6,0],"v":{"b":true,"hp":50,"hs":3,"l":true,"sid":1,"t":true,"wp":31.25}},{"k":[6,0,0,2,0],"v":{"hp":50,"hs":3,"l":true,"r":true,"sid":1,"t":true,"wp":31.25}},{"k":[3,0,0,5,0],"v":{"b":true,"hp":50,"hs":2,"r":true,"sid":1,"t":true,"wp":31.25}},{"k":[4,0,0,4,0],"v":{"b":true,"hp":50,"hs":2,"l":true,"r":true,"sid":1,"t":true,"wp":31.25}},{"k":[5,0,0,3,0],"v":{"b":true,"hp":50,"hs":2,"l":true,"r":true,"sid":1,"wp":31.25}},{"k":[0,0,0,7,0],"v":{"b":true,"hs":5,"sid":1,"t":true,"wp":31.25}},{"k":[7,0,0,0,0],"v":{"hs":5,"l":true,"r":true,"sid":1,"wp":31.25}},{"k":[6,0,0,1,0],"v":{"b":true,"hp":50,"hs":3,"l":true,"r":true,"sid":1,"wp":31.25}},{"k":[1,0,0,6,0],"v":{"b":true,"hp":50,"hs":3,"r":true,"sid":1,"t":true,"wp":31.25}},{"k":[2,0,0,5,0],"v":{"b":true,"hp":50,"hs":3,"l":true,"sid":1,"t":true,"wp":31.25}},{"k":[5,0,0,2,0],"v":{"hp":50,"hs":3,"l":true,"r":true,"sid":1,"t":true,"wp":31.25}},{"k":[3,0,0,4,0],"v":{"b":true,"hp":50,"hs":2,"r":true,"sid":1,"wp":31.25}},{"k":[4,0,0,3,0],"v":{"b":true,"hp":50,"hs":2,"r":true,"sid":1,"wp":31.25}}],"o":[[0,0,0,16,0],[16,0,0,0,0],[2,0,0,16,0],[16,0,0,2,0],[16,0,0,1,0],[1,0,0,16,0],[3,0,0,16,0],[16,0,0,3,0]]},"objs":{"list":[{"k":[7,0,0,7,0],"v":{"canBeTriggeredAnotherObject":false,"hId":2,"id":1,"name":"Hero","ooepf":false}},{"k":[14,0,0,7,0],"v":{"events":[{"id":1,"name":"Hero action","p":[],"r":{"1":{"bh":true,"c":[{"command":[8,"",3,0,1,1,"Hey! \nWhat are you Waiting for?"],"kind":1},{"command":[8,"",3,0,1,1,"Our graduation from college\nis going to start soon,\nlet's hurry so we aren't late!"],"kind":1},{"command":[8,"",3,0,1,1,"Take the shortcut to the left of here\nto save some time."],"kind":1}]}},"sys":false}],"hId":-1,"id":7,"name":"Friend","ooepf":false,"states":[{"cam":true,"climb":false,"dir":false,"gid":32,"gk":4,"id":1,"move":true,"name":"State 1","pix":true,"pos":false,"stop":false,"sx":{"k":12,"v":1},"sy":{"k":12,"v":1},"sz":{"k":12,"v":1},"through":false,"x":0,"y":0}]}}]},"objs3d":{"a":[],"o":[]},"sprites":{"list":[{"k":[12,0,0,14,0],"v":{"f":false,"k":4,"t":[7,8,1,1]}},{"k":[11,0,0,15,0],"v":{"f":false,"k":4,"t":[7,8,1,1]}},{"k":[13,0,0,13,0],"v":{"k":4,"t":[7,8,1,1]}},{"k":[14,0,0,12,0],"v":{"k":4,"t":[7,8,1,1]}},{"k":[15,0,0,10,0],"v":{"k":4,"t":[7,8,1,1]}},{"k":[11,0,0,14,0],"v":{"k":4,"t":[7,8,1,1]}},{"k":[13,0,0,12,0],"v":{"f":false,"k":4,"t":[6,8,1,1]}},{"k":[12,0,0,13,0],"v":{"f":false,"k":4,"t":[6,8,1,1]}},{"k":[10,0,0,15,0],"v":{"f":false,"k":4,"t":[5,5,1,1]}},{"k":[14,0,0,11,0],"v":{"k":4,"t":[3,3,1,1]}},{"k":[13,0,0,15,0],"v":{"f":false,"k":4,"t":[7,8,1,1]}},{"k":[14,0,0,14,0],"v":{"f":false,"k":4,"t":[5,5,1,1]}},{"k":[12,0,0,15,0],"v":{"f":false,"k":4,"t":[7,8,1,1]}},{"k":[15,0,0,12,0],"v":{"k":4,"t":[7,8,1,1]}},{"k":[9,0,0,5,0],"v":{"k":4,"t":[7,8,1,1]}},{"k":[8,0,0,6,0],"v":{"k":4,"t":[7,8,1,1]}},{"k":[8,0,0,5,0],"v":{"k":4,"t":[7,8,1,1]}},{"k":[11,0,0,5,0],"v":{"k":4,"t":[7,8,1,1]}},{"k":[5,0,0,11,0],"v":{"f":false,"k":4,"t":[6,8,1,1]}},{"k":[9,0,0,6,0],"v":{"k":4,"t":[7,8,1,1]}},{"k":[11,0,0,7,0],"v":{"k":4,"t":[7,8,1,1]}},{"k":[6,0,0,12,0],"v":{"k":4,"t":[7,8,1,1]}},{"k":[12,0,0,6,0],"v":{"k":4,"t":[7,8,1,1]}},{"k":[9,0,0,9,0],"v":{"f":false,"k":4,"t":[6,8,1,1]}},{"k":[10,0,0,8,0],"v":{"f":false,"k":4,"t":[6,8,1,1]}},{"k":[7,0,0,10,0],"v":{"f":false,"k":4,"t":[0,8,2,3]}},{"k":[11,0,0,6,0],"v":{"k":4,"t":[7,8,1,1]}},{"k":[9,0,0,8,0],"v":{"k":4,"t":[7,8,1,1]}},{"k":[10,0,0,7,0],"v":{"k":4,"t":[7,8,1,1]}},{"k":[5,0,0,12,0],"v":{"f":false,"k":4,"t":[6,8,1,1]}},{"k":[6,0,0,11,0],"v":{"k":4,"t":[3,3,1,1]}},{"k":[7,0,0,13,0],"v":{"k":4,"t":[7,8,1,1]}},{"k":[6,0,0,14,0],"v":{"k":4,"t":[7,8,1,1]}},{"k":[13,0,0,7,0],"v":{"k":4,"t":[7,8,1,1]}},{"k":[9,0,0,11,0],"v":{"f":false,"k":4,"t":[6,8,1,1]}},{"k":[8,0,0,11,0],"v":{"k":4,"t":[7,8,1,1]}},{"k":[7,0,0,12,0],"v":{"k":4,"t":[7,8,1,1]}},{"k":[11,0,0,8,0],"v":{"f":false,"k":4,"t":[6,8,1,1]}},{"k":[9,0,0,10,0],"v":{"f":false,"k":4,"t":[5,5,1,1]}},{"k":[12,0,0,7,0],"v":{"f":false,"k":4,"t":[5,5,1,1]}},{"k":[14,0,0,8,0],"v":{"k":4,"t":[7,8,1,1]}},{"k":[9,0,0,13,0],"v":{"k":4,"t":[7,8,1,1]}},{"k":[15,0,0,6,0],"v":{"f":false,"k":4,"t":[0,8,2,3]}},{"k":[13,0,0,8,0],"v":{"k":4,"t":[7,8,1,1]}},{"k":[8,0,0,13,0],"v":{"k":4,"t":[7,8,1,1]}},{"k":[9,0,0,12,0],"v":{"f":false,"k":4,"t":[6,8,1,1]}},{"k":[9,0,0,15,0],"v":{"f":false,"k":4,"t":[7,8,1,1]}},{"k":[11,0,0,13,0],"v":{"f":false,"k":4,"t":[6,8,1,1]}},{"k":[12,0,0,11,0],"v":{"f":false,"k":4,"t":[0,8,2,3]}},{"k":[10,0,0,13,0],"v":{"k":4,"t":[7,8,1,1]}},{"k":[15,0,0,8,0],"v":{"k":4,"t":[7,8,1,1]}}],"overflow":[[7,0,0,16,0],[16,0,0,14,0]],"walls":[]}}