{"lands":{"autotiles":[{"k":[13,0,0,28,0],"v":{"id":1,"t":[1,0],"tid":116}},{"k":[14,0,0,24,0],"v":{"id":1,"t":[1,0],"tid":324}},{"k":[15,0,0,23,0],"v":{"id":1,"t":[1,0],"tid":471}},{"k":[13,0,0,25,0],"v":{"id":1,"t":[1,0],"tid":636}},{"k":[10,0,0,28,0],"v":{"id":1,"t":[1,0],"tid":477}},{"k":[12,0,0,26,0],"v":{"id":1,"t":[5,2],"tid":370,"up":false}},{"k":[11,0,0,27,0],"v":{"id":1,"t":[5,2],"tid":324,"up":false}},{"k":[13,0,0,24,0],"v":{"id":1,"t":[1,0],"tid":306}},{"k":[14,0,0,23,0],"v":{"id":1,"t":[1,0],"tid":471}},{"k":[9,0,0,28,0],"v":{"id":1,"t":[1,0],"tid":477}},{"k":[12,0,0,25,0],"v":{"id":1,"t":[5,2],"tid":423,"up":false}},{"k":[10,0,0,27,0],"v":{"id":1,"t":[5,2],"tid":324,"up":false}},{"k":[11,0,0,26,0],"v":{"id":1,"t":[5,2],"tid":318,"up":false}},{"k":[13,0,0,27,0],"v":{"id":1,"t":[1,0],"tid":636}},{"k":[12,0,0,28,0],"v":{"id":1,"t":[1,0],"tid":477}},{"k":[15,0,0,24,0],"v":{"id":1,"t":[1,0],"tid":324}},{"k":[13,0,0,26,0],"v":{"id":1,"t":[1,0],"tid":636}},{"k":[11,0,0,28,0],"v":{"id":1,"t":[1,0],"tid":477}},{"k":[12,0,0,27,0],"v":{"id":1,"t":[5,2],"tid":372,"up":false}},{"k":[10,0,0,24,0],"v":{"id":1,"t":[1,0],"tid":324}},{"k":[11,0,0,23,0],"v":{"id":1,"t":[1,0],"tid":471}},{"k":[8,0,0,26,0],"v":{"id":1,"t":[1,0],"tid":636}},{"k":[9,0,0,25,0],"v":{"id":1,"t":[5,2],"tid":225,"up":false}},{"k":[9,0,0,24,0],"v":{"id":1,"t":[1,0],"tid":324}},{"k":[10,0,0,23,0],"v":{"id":1,"t":[1,0],"tid":471}},{"k":[8,0,0,25,0],"v":{"id":1,"t":[1,0],"tid":636}},{"k":[12,0,0,24,0],"v":{"id":1,"t":[1,0],"tid":324}},{"k":[13,0,0,23,0],"v":{"id":1,"t":[1,0],"tid":471}},{"k":[8,0,0,28,0],"v":{"id":1,"t":[1,0],"tid":520}},{"k":[9,0,0,27,0],"v":{"id":1,"t":[5,2],"tid":570,"up":false}},{"k":[11,0,0,25,0],"v":{"id":1,"t":[5,2],"tid":471,"up":false}},{"k":[10,0,0,26,0],"v":{"id":1,"t":[5,2],"tid":318,"up":false}},{"k":[11,0,0,24,0],"v":{"id":1,"t":[1,0],"tid":324}},{"k":[12,0,0,23,0],"v":{"id":1,"t":[1,0],"tid":471}},{"k":[8,0,0,27,0],"v":{"id":1,"t":[1,0],"tid":636}},{"k":[9,0,0,26,0],"v":{"id":1,"t":[5,2],"tid":584,"up":false}},{"k":[10,0,0,25,0],"v":{"id":1,"t":[5,2],"tid":471,"up":false}},{"k":[8,0,0,24,0],"v":{"id":1,"t":[1,0],"tid":582}},{"k":[9,0,0,23,0],"v":{"id":1,"t":[1,0],"tid":471}},{"k":[8,0,0,23,0],"v":{"id":1,"t":[1,0],"tid":225}}],"floors":[{"k":[6,0,0,16,0],"v":{"t":[0,0]}},{"k":[5,0,0,17,0],"v":{"t":[0,0]}},{"k":[4,0,0,18,0],"v":{"t":[0,0]}},{"k":[3,0,0,19,0],"v":{"t":[0,0]}},{"k":[2,0,0,20,0],"v":{"t":[0,0]}},{"k":[1,0,0,21,0],"v":{"t":[0,0]}},{"k":[0,0,0,22,0],"v":{"t":[0,0]}},{"k":[0,5,0,17,0],"v":{"t":[0,0]}},{"k":[5,0,0,16,0],"v":{"t":[0,0]}},{"k":[4,0,0,17,0],"v":{"t":[0,0]}},{"k":[3,0,0,18,0],"v":{"t":[0,0]}},{"k":[2,0,0,19,0],"v":{"t":[0,0]}},{"k":[1,0,0,20,0],"v":{"t":[0,0]}},{"k":[0,0,0,21,0],"v":{"t":[0,0]}},{"k":[0,5,0,16,0],"v":{"t":[0,0]}},{"k":[8,0,0,16,0],"v":{"t":[0,0]}},{"k":[7,0,0,17,0],"v":{"t":[0,0]}},{"k":[6,0,0,18,0],"v":{"t":[0,0]}},{"k":[5,0,0,19,0],"v":{"t":[0,0]}},{"k":[4,0,0,20,0],"v":{"t":[0,0]}},{"k":[3,0,0,21,0],"v":{"t":[0,0]}},{"k":[2,0,0,22,0],"v":{"t":[0,0]}},{"k":[1,0,0,23,0],"v":{"t":[0,0]}},{"k":[0,0,0,24,0],"v":{"t":[0,0]}},{"k":[0,5,0,19,0],"v":{"t":[0,0]}},{"k":[7,0,0,16,0],"v":{"t":[0,0]}},{"k":[6,0,0,17,0],"v":{"t":[0,0]}},{"k":[5,0,0,18,0],"v":{"t":[0,0]}},{"k":[4,0,0,19,0],"v":{"t":[0,0]}},{"k":[3,0,0,20,0],"v":{"t":[0,0]}},{"k":[2,0,0,21,0],"v":{"t":[0,0]}},{"k":[1,0,0,22,0],"v":{"t":[0,0]}},{"k":[0,0,0,23,0],"v":{"t":[0,0]}},{"k":[0,5,0,18,0],"v":{"t":[0,0]}},{"k":[2,0,0,16,0],"v":{"t":[0,0]}},{"k":[1,0,0,17,0],"v":{"t":[0,0]}},{"k":[0,0,0,18,0],"v":{"t":[0,0]}},{"k":[1,0,0,16,0],"v":{"t":[0,0]}},{"k":[0,0,0,17,0],"v":{"t":[0,0]}},{"k":[4,0,0,16,0],"v":{"t":[0,0]}},{"k":[3,0,0,17,0],"v":{"t":[0,0]}},{"k":[2,0,0,18,0],"v":{"t":[0,0]}},{"k":[1,0,0,19,0],"v":{"t":[0,0]}},{"k":[0,0,0,20,0],"v":{"t":[0,0]}},{"k":[3,0,0,16,0],"v":{"t":[0,0]}},{"k":[2,0,0,17,0],"v":{"t":[0,0]}},{"k":[1,0,0,18,0],"v":{"t":[0,0]}},{"k":[0,0,0,19,0],"v":{"t":[0,0]}},{"k":[0,0,0,16,0],"v":{"t":[0,0]}},{"k":[15,0,0,31,0],"v":{"t":[0,0]}},{"k":[15,0,0,30,0],"v":{"t":[0,0]}},{"k":[14,0,0,31,0],"v":{"t":[0,0]}},{"k":[15,0,0,27,0],"v":{"t":[0,0]}},{"k":[14,0,0,28,0],"v":{"t":[0,0]}},{"k":[13,0,0,29,0],"v":{"t":[0,0]}},{"k":[12,0,0,30,0],"v":{"t":[0,0]}},{"k":[11,0,0,31,0],"v":{"t":[0,0]}},{"k":[12,3,0,27,0],"v":{"t":[2,6]}},{"k":[15,0,0,26,0],"v":{"t":[0,0]}},{"k":[14,0,0,27,0],"v":{"t":[0,0]}},{"k":[12,0,0,29,0],"v":{"t":[0,0]}},{"k":[11,0,0,30,0],"v":{"t":[0,0]}},{"k":[10,0,0,31,0],"v":{"t":[0,0]}},{"k":[11,3,0,27,0],"v":{"t":[1,6]}},{"k":[12,3,0,26,0],"v":{"t":[2,6]}},{"k":[15,0,0,29,0],"v":{"t":[0,0]}},{"k":[14,0,0,30,0],"v":{"t":[0,0]}},{"k":[13,0,0,31,0],"v":{"t":[0,0]}},{"k":[15,0,0,28,0],"v":{"t":[0,0]}},{"k":[14,0,0,29,0],"v":{"t":[0,0]}},{"k":[13,0,0,30,0],"v":{"t":[0,0]}},{"k":[12,0,0,31,0],"v":{"t":[0,0]}},{"k":[9,0,0,29,0],"v":{"t":[0,0]}},{"k":[8,0,0,30,0],"v":{"t":[0,0]}},{"k":[7,0,0,31,0],"v":{"t":[0,0]}},{"k":[10,3,0,25,0],"v":{"t":[1,6]}},{"k":[9,3,0,26,0],"v":{"t":[0,6]}},{"k":[15,0,0,22,0],"v":{"t":[0,0]}},{"k":[8,0,0,29,0],"v":{"t":[0,0]}},{"k":[7,0,0,30,0],"v":{"t":[0,0]}},{"k":[6,0,0,31,0],"v":{"t":[0,0]}},{"k":[9,3,0,25,0],"v":{"t":[0,6]}},{"k":[15,0,0,25,0],"v":{"t":[0,0]}},{"k":[14,0,0,26,0],"v":{"t":[0,0]}},{"k":[11,0,0,29,0],"v":{"t":[0,0]}},{"k":[10,0,0,30,0],"v":{"t":[0,0]}},{"k":[9,0,0,31,0],"v":{"t":[0,0]}},{"k":[10,3,0,27,0],"v":{"t":[1,6]}},{"k":[11,3,0,26,0],"v":{"t":[1,6]}},{"k":[12,3,0,25,0],"v":{"t":[2,6]}},{"k":[14,0,0,25,0],"v":{"t":[0,0]}},{"k":[10,0,0,29,0],"v":{"t":[0,0]}},{"k":[9,0,0,30,0],"v":{"t":[0,0]}},{"k":[8,0,0,31,0],"v":{"t":[0,0]}},{"k":[10,3,0,26,0],"v":{"t":[1,6]}},{"k":[11,3,0,25,0],"v":{"t":[1,6]}},{"k":[9,3,0,27,0],"v":{"t":[0,6]}},{"k":[15,0,0,19,0],"v":{"t":[0,0]}},{"k":[14,0,0,20,0],"v":{"t":[0,0]}},{"k":[13,0,0,21,0],"v":{"t":[0,0]}},{"k":[12,0,0,22,0],"v":{"t":[0,0]}},{"k":[7,0,0,27,0],"v":{"t":[0,0]}},{"k":[6,0,0,28,0],"v":{"t":[0,0]}},{"k":[5,0,0,29,0],"v":{"t":[0,0]}},{"k":[4,0,0,30,0],"v":{"t":[0,0]}},{"k":[3,0,0,31,0],"v":{"t":[0,0]}},{"k":[0,5,0,29,0],"v":{"t":[0,0]}},{"k":[15,0,0,18,0],"v":{"t":[0,0]}},{"k":[14,0,0,19,0],"v":{"t":[0,0]}},{"k":[13,0,0,20,0],"v":{"t":[0,0]}},{"k":[12,0,0,21,0],"v":{"t":[0,0]}},{"k":[11,0,0,22,0],"v":{"t":[0,0]}},{"k":[7,0,0,26,0],"v":{"t":[0,0]}},{"k":[6,0,0,27,0],"v":{"t":[0,0]}},{"k":[5,0,0,28,0],"v":{"t":[0,0]}},{"k":[4,0,0,29,0],"v":{"t":[0,0]}},{"k":[3,0,0,30,0],"v":{"t":[0,0]}},{"k":[2,0,0,31,0],"v":{"t":[0,0]}},{"k":[0,5,0,28,0],"v":{"t":[0,0]}},{"k":[15,0,0,21,0],"v":{"t":[0,0]}},{"k":[14,0,0,22,0],"v":{"t":[0,0]}},{"k":[7,0,0,29,0],"v":{"t":[0,0]}},{"k":[6,0,0,30,0],"v":{"t":[0,0]}},{"k":[5,0,0,31,0],"v":{"t":[0,0]}},{"k":[0,5,0,31,0],"v":{"t":[0,0]}},{"k":[15,0,0,20,0],"v":{"t":[0,0]}},{"k":[14,0,0,21,0],"v":{"t":[0,0]}},{"k":[13,0,0,22,0],"v":{"t":[0,0]}},{"k":[7,0,0,28,0],"v":{"t":[0,0]}},{"k":[6,0,0,29,0],"v":{"t":[0,0]}},{"k":[5,0,0,30,0],"v":{"t":[0,0]}},{"k":[4,0,0,31,0],"v":{"t":[0,0]}},{"k":[0,5,0,30,0],"v":{"t":[0,0]}},{"k":[14,0,0,16,0],"v":{"t":[0,0]}},{"k":[13,0,0,17,0],"v":{"t":[0,0]}},{"k":[12,0,0,18,0],"v":{"t":[0,0]}},{"k":[11,0,0,19,0],"v":{"t":[0,0]}},{"k":[10,0,0,20,0],"v":{"t":[0,0]}},{"k":[9,0,0,21,0],"v":{"t":[0,0]}},{"k":[8,0,0,22,0],"v":{"t":[0,0]}},{"k":[7,0,0,23,0],"v":{"t":[0,0]}},{"k":[6,0,0,24,0],"v":{"t":[0,0]}},{"k":[5,0,0,25,0],"v":{"t":[0,0]}},{"k":[4,0,0,26,0],"v":{"t":[0,0]}},{"k":[3,0,0,27,0],"v":{"t":[0,0]}},{"k":[2,0,0,28,0],"v":{"t":[0,0]}},{"k":[1,0,0,29,0],"v":{"t":[0,0]}},{"k":[0,0,0,30,0],"v":{"t":[0,0]}},{"k":[0,5,0,25,0],"v":{"t":[0,0]}},{"k":[13,0,0,16,0],"v":{"t":[0,0]}},{"k":[12,0,0,17,0],"v":{"t":[0,0]}},{"k":[11,0,0,18,0],"v":{"t":[0,0]}},{"k":[10,0,0,19,0],"v":{"t":[0,0]}},{"k":[9,0,0,20,0],"v":{"t":[0,0]}},{"k":[8,0,0,21,0],"v":{"t":[0,0]}},{"k":[7,0,0,22,0],"v":{"t":[0,0]}},{"k":[6,0,0,23,0],"v":{"t":[0,0]}},{"k":[5,0,0,24,0],"v":{"t":[0,0]}},{"k":[4,0,0,25,0],"v":{"t":[0,0]}},{"k":[3,0,0,26,0],"v":{"t":[0,0]}},{"k":[2,0,0,27,0],"v":{"t":[0,0]}},{"k":[1,0,0,28,0],"v":{"t":[0,0]}},{"k":[0,0,0,29,0],"v":{"t":[0,0]}},{"k":[0,5,0,24,0],"v":{"t":[0,0]}},{"k":[15,0,0,17,0],"v":{"t":[0,0]}},{"k":[14,0,0,18,0],"v":{"t":[0,0]}},{"k":[13,0,0,19,0],"v":{"t":[0,0]}},{"k":[12,0,0,20,0],"v":{"t":[0,0]}},{"k":[11,0,0,21,0],"v":{"t":[0,0]}},{"k":[10,0,0,22,0],"v":{"t":[0,0]}},{"k":[7,0,0,25,0],"v":{"t":[0,0]}},{"k":[6,0,0,26,0],"v":{"t":[0,0]}},{"k":[5,0,0,27,0],"v":{"t":[0,0]}},{"k":[4,0,0,28,0],"v":{"t":[0,0]}},{"k":[3,0,0,29,0],"v":{"t":[0,0]}},{"k":[2,0,0,30,0],"v":{"t":[0,0]}},{"k":[1,0,0,31,0],"v":{"t":[0,0]}},{"k":[0,5,0,27,0],"v":{"t":[0,0]}},{"k":[15,0,0,16,0],"v":{"t":[0,0]}},{"k":[14,0,0,17,0],"v":{"t":[0,0]}},{"k":[13,0,0,18,0],"v":{"t":[0,0]}},{"k":[12,0,0,19,0],"v":{"t":[0,0]}},{"k":[11,0,0,20,0],"v":{"t":[0,0]}},{"k":[10,0,0,21,0],"v":{"t":[0,0]}},{"k":[9,0,0,22,0],"v":{"t":[0,0]}},{"k":[7,0,0,24,0],"v":{"t":[0,0]}},{"k":[6,0,0,25,0],"v":{"t":[0,0]}},{"k":[5,0,0,26,0],"v":{"t":[0,0]}},{"k":[4,0,0,27,0],"v":{"t":[0,0]}},{"k":[3,0,0,28,0],"v":{"t":[0,0]}},{"k":[2,0,0,29,0],"v":{"t":[0,0]}},{"k":[1,0,0,30,0],"v":{"t":[0,0]}},{"k":[0,0,0,31,0],"v":{"t":[0,0]}},{"k":[0,5,0,26,0],"v":{"t":[0,0]}},{"k":[10,0,0,16,0],"v":{"t":[0,0]}},{"k":[9,0,0,17,0],"v":{"t":[0,0]}},{"k":[8,0,0,18,0],"v":{"t":[0,0]}},{"k":[7,0,0,19,0],"v":{"t":[0,0]}},{"k":[6,0,0,20,0],"v":{"t":[0,0]}},{"k":[5,0,0,21,0],"v":{"t":[0,0]}},{"k":[4,0,0,22,0],"v":{"t":[0,0]}},{"k":[3,0,0,23,0],"v":{"t":[0,0]}},{"k":[2,0,0,24,0],"v":{"t":[0,0]}},{"k":[1,0,0,25,0],"v":{"t":[0,0]}},{"k":[0,0,0,26,0],"v":{"t":[0,0]}},{"k":[0,5,0,21,0],"v":{"t":[0,0]}},{"k":[9,0,0,16,0],"v":{"t":[0,0]}},{"k":[8,0,0,17,0],"v":{"t":[0,0]}},{"k":[7,0,0,18,0],"v":{"t":[0,0]}},{"k":[6,0,0,19,0],"v":{"t":[0,0]}},{"k":[5,0,0,20,0],"v":{"t":[0,0]}},{"k":[4,0,0,21,0],"v":{"t":[0,0]}},{"k":[3,0,0,22,0],"v":{"t":[0,0]}},{"k":[2,0,0,23,0],"v":{"t":[0,0]}},{"k":[1,0,0,24,0],"v":{"t":[0,0]}},{"k":[0,0,0,25,0],"v":{"t":[0,0]}},{"k":[0,5,0,20,0],"v":{"t":[0,0]}},{"k":[12,0,0,16,0],"v":{"t":[0,0]}},{"k":[11,0,0,17,0],"v":{"t":[0,0]}},{"k":[10,0,0,18,0],"v":{"t":[0,0]}},{"k":[9,0,0,19,0],"v":{"t":[0,0]}},{"k":[8,0,0,20,0],"v":{"t":[0,0]}},{"k":[7,0,0,21,0],"v":{"t":[0,0]}},{"k":[6,0,0,22,0],"v":{"t":[0,0]}},{"k":[5,0,0,23,0],"v":{"t":[0,0]}},{"k":[4,0,0,24,0],"v":{"t":[0,0]}},{"k":[3,0,0,25,0],"v":{"t":[0,0]}},{"k":[2,0,0,26,0],"v":{"t":[0,0]}},{"k":[1,0,0,27,0],"v":{"t":[0,0]}},{"k":[0,0,0,28,0],"v":{"t":[0,0]}},{"k":[0,5,0,23,0],"v":{"t":[0,0]}},{"k":[11,0,0,16,0],"v":{"t":[0,0]}},{"k":[10,0,0,17,0],"v":{"t":[0,0]}},{"k":[9,0,0,18,0],"v":{"t":[0,0]}},{"k":[8,0,0,19,0],"v":{"t":[0,0]}},{"k":[7,0,0,20,0],"v":{"t":[0,0]}},{"k":[6,0,0,21,0],"v":{"t":[0,0]}},{"k":[5,0,0,22,0],"v":{"t":[0,0]}},{"k":[4,0,0,23,0],"v":{"t":[0,0]}},{"k":[3,0,0,24,0],"v":{"t":[0,0]}},{"k":[2,0,0,25,0],"v":{"t":[0,0]}},{"k":[1,0,0,26,0],"v":{"t":[0,0]}},{"k":[0,0,0,27,0],"v":{"t":[0,0]}},{"k":[0,5,0,22,0],"v":{"t":[0,0]}},{"k":[2,3,50,31,0],"v":{"t":[0,0]}},{"k":[3,2,50,31,0],"v":{"t":[0,0]}},{"k":[1,3,50,31,0],"v":{"t":[0,0]}},{"k":[2,3,50,30,0],"v":{"t":[0,0]}},{"k":[3,2,50,30,0],"v":{"t":[0,0]}},{"k":[1,3,50,28,0],"v":{"t":[0,0]}},{"k":[2,3,50,27,0],"v":{"t":[0,0]}},{"k":[3,2,50,27,0],"v":{"t":[0,0]}},{"k":[1,3,50,27,0],"v":{"t":[0,0]}},{"k":[2,3,50,26,0],"v":{"t":[0,0]}},{"k":[3,2,50,26,0],"v":{"t":[0,0]}},{"k":[1,3,50,30,0],"v":{"t":[0,0]}},{"k":[2,3,50,29,0],"v":{"t":[0,0]}},{"k":[3,2,50,29,0],"v":{"t":[0,0]}},{"k":[1,3,50,29,0],"v":{"t":[0,0]}},{"k":[2,3,50,28,0],"v":{"t":[0,0]}},{"k":[3,2,50,28,0],"v":{"t":[0,0]}},{"k":[1,3,50,24,0],"v":{"t":[0,0]}},{"k":[2,3,50,23,0],"v":{"t":[0,0]}},{"k":[3,2,50,23,0],"v":{"t":[0,0]}},{"k":[1,3,50,23,0],"v":{"t":[0,0]}},{"k":[2,3,50,22,0],"v":{"t":[0,0]}},{"k":[3,2,50,22,0],"v":{"t":[0,0]}},{"k":[1,3,50,26,0],"v":{"t":[0,0]}},{"k":[2,3,50,25,0],"v":{"t":[0,0]}},{"k":[3,2,50,25,0],"v":{"t":[0,0]}},{"k":[1,3,50,25,0],"v":{"t":[0,0]}},{"k":[2,3,50,24,0],"v":{"t":[0,0]}},{"k":[3,2,50,24,0],"v":{"t":[0,0]}},{"k":[1,3,50,20,0],"v":{"t":[0,0]}},{"k":[2,3,50,19,0],"v":{"t":[0,0]}},{"k":[3,2,50,19,0],"v":{"t":[0,0]}},{"k":[1,3,50,19,0],"v":{"t":[0,0]}},{"k":[2,3,50,18,0],"v":{"t":[0,0]}},{"k":[3,2,50,18,0],"v":{"t":[0,0]}},{"k":[1,3,50,22,0],"v":{"t":[0,0]}},{"k":[2,3,50,21,0],"v":{"t":[0,0]}},{"k":[3,2,50,21,0],"v":{"t":[0,0]}},{"k":[1,3,50,21,0],"v":{"t":[0,0]}},{"k":[2,3,50,20,0],"v":{"t":[0,0]}},{"k":[3,2,50,20,0],"v":{"t":[0,0]}},{"k":[1,3,50,16,0],"v":{"t":[0,0]}},{"k":[1,3,50,18,0],"v":{"t":[0,0]}},{"k":[2,3,50,17,0],"v":{"t":[0,0]}},{"k":[3,2,50,17,0],"v":{"t":[0,0]}},{"k":[1,3,50,17,0],"v":{"t":[0,0]}},{"k":[2,3,50,16,0],"v":{"t":[0,0]}},{"k":[3,2,50,16,0],"v":{"t":[0,0]}}]},"moun":{"a":[{"k":[0,0,0,22,0],"v":{"b":true,"hs":5,"sid":1,"t":true,"wp":31.25}},{"k":[1,0,0,21,0],"v":{"b":true,"hp":50,"hs":3,"r":true,"sid":1,"t":true,"wp":31.25}},{"k":[2,0,0,20,0],"v":{"b":true,"hp":50,"hs":3,"l":true,"sid":1,"t":true,"wp":31.25}},{"k":[3,0,0,19,0],"v":{"b":true,"hp":50,"hs":2,"sid":1,"t":true,"wp":31.25}},{"k":[0,0,0,21,0],"v":{"b":true,"hs":5,"sid":1,"t":true,"wp":31.25}},{"k":[1,0,0,20,0],"v":{"b":true,"hp":50,"hs":3,"r":true,"sid":1,"t":true,"wp":31.25}},{"k":[2,0,0,19,0],"v":{"b":true,"hp":50,"hs":3,"l":true,"sid":1,"t":true,"wp":31.25}},{"k":[3,0,0,18,0],"v":{"b":true,"hp":50,"hs":2,"sid":1,"t":true,"wp":31.25}},{"k":[0,0,0,24,0],"v":{"b":true,"hs":5,"sid":1,"t":true,"wp":31.25}},{"k":[1,0,0,23,0],"v":{"b":true,"hp":50,"hs":3,"r":true,"sid":1,"t":true,"wp":31.25}},{"k":[2,0,0,22,0],"v":{"b":true,"hp":50,"hs":3,"l":true,"sid":1,"t":true,"wp":31.25}},{"k":[3,0,0,21,0],"v":{"b":true,"hp":50,"hs":2,"sid":1,"t":true,"wp":31.25}},{"k":[0,0,0,23,0],"v":{"b":true,"hs":5,"sid":1,"t":true,"wp":31.25}},{"k":[1,0,0,22,0],"v":{"b":true,"hp":50,"hs":3,"r":true,"sid":1,"t":true,"wp":31.25}},{"k":[2,0,0,21,0],"v":{"b":true,"hp":50,"hs":3,"l":true,"sid":1,"t":true,"wp":31.25}},{"k":[3,0,0,20,0],"v":{"b":true,"hp":50,"hs":2,"sid":1,"t":true,"wp":31.25}},{"k":[0,0,0,18,0],"v":{"b":true,"hs":5,"sid":1,"t":true,"wp":31.25}},{"k":[1,0,0,17,0],"v":{"b":true,"hp":50,"hs":3,"r":true,"sid":1,"t":true,"wp":31.25}},{"k":[2,0,0,16,0],"v":{"b":true,"hp":50,"hs":3,"l":true,"sid":1,"t":true,"wp":31.25}},{"k":[0,0,0,17,0],"v":{"b":true,"hs":5,"sid":1,"t":true,"wp":31.25}},{"k":[1,0,0,16,0],"v":{"b":true,"hp":50,"hs":3,"r":true,"sid":1,"t":true,"wp":31.25}},{"k":[0,0,0,20,0],"v":{"b":true,"hs":5,"sid":1,"t":true,"wp":31.25}},{"k":[1,0,0,19,0],"v":{"b":true,"hp":50,"hs":3,"r":true,"sid":1,"t":true,"wp":31.25}},{"k":[2,0,0,18,0],"v":{"b":true,"hp":50,"hs":3,"l":true,"sid":1,"t":true,"wp":31.25}},{"k":[3,0,0,17,0],"v":{"b":true,"hp":50,"hs":2,"sid":1,"t":true,"wp":31.25}},{"k":[0,0,0,19,0],"v":{"b":true,"hs":5,"sid":1,"t":true,"wp":31.25}},{"k":[1,0,0,18,0],"v":{"b":true,"hp":50,"hs":3,"r":true,"sid":1,"t":true,"wp":31.25}},{"k":[2,0,0,17,0],"v":{"b":true,"hp":50,"hs":3,"l":true,"sid":1,"t":true,"wp":31.25}},{"k":[3,0,0,16,0],"v":{"b":true,"hp":50,"hs":2,"sid":1,"t":true,"wp":31.25}},{"k":[0,0,0,16,0],"v":{"b":true,"hs":5,"sid":1,"t":true,"wp":31.25}},{"k":[3,0,0,31,0],"v":{"b":true,"hp":50,"hs":2,"sid":1,"t":true,"wp":31.25}},{"k":[2,0,0,31,0],"v":{"b":true,"hp":50,"hs":3,"l":true,"sid":1,"t":true,"wp":31.25}},{"k":[3,0,0,30,0],"v":{"b":true,"hp":50,"hs":2,"sid":1,"t":true,"wp":31.25}},{"k":[0,0,0,30,0],"v":{"b":true,"hs":5,"sid":1,"t":true,"wp":31.25}},{"k":[1,0,0,29,0],"v":{"b":true,"hp":50,"hs":3,"r":true,"sid":1,"t":true,"wp":31.25}},{"k":[2,0,0,28,0],"v":{"b":true,"hp":50,"hs":3,"l":true,"sid":1,"t":true,"wp":31.25}},{"k":[3,0,0,27,0],"v":{"b":true,"hp":50,"hs":2,"sid":1,"t":true,"wp":31.25}},{"k":[0,0,0,29,0],"v":{"b":true,"hs":5,"sid":1,"t":true,"wp":31.25}},{"k":[1,0,0,28,0],"v":{"b":true,"hp":50,"hs":3,"r":true,"sid":1,"t":true,"wp":31.25}},{"k":[2,0,0,27,0],"v":{"b":true,"hp":50,"hs":3,"l":true,"sid":1,"t":true,"wp":31.25}},{"k":[3,0,0,26,0],"v":{"b":true,"hp":50,"hs":2,"sid":1,"t":true,"wp":31.25}},{"k":[1,0,0,31,0],"v":{"b":true,"hp":50,"hs":3,"r":true,"sid":1,"t":true,"wp":31.25}},{"k":[2,0,0,30,0],"v":{"b":true,"hp":50,"hs":3,"l":true,"sid":1,"t":true,"wp":31.25}},{"k":[3,0,0,29,0],"v":{"b":true,"hp":50,"hs":2,"sid":1,"t":true,"wp":31.25}},{"k":[0,0,0,31,0],"v":{"b":true,"hs":5,"sid":1,"t":true,"wp":31.25}},{"k":[1,0,0,30,0],"v":{"b":true,"hp":50,"hs":3,"r":true,"sid":1,"t":true,"wp":31.25}},{"k":[2,0,0,29,0],"v":{"b":true,"hp":50,"hs":3,"l":true,"sid":1,"t":true,"wp":31.25}},{"k":[3,0,0,28,0],"v":{"b":true,"hp":50,"hs":2,"sid":1,"t":true,"wp":31.25}},{"k":[0,0,0,26,0],"v":{"b":true,"hs":5,"sid":1,"t":true,"wp":31.25}},{"k":[1,0,0,25,0],"v":{"b":true,"hp":50,"hs":3,"r":true,"sid":1,"t":true,"wp":31.25}},{"k":[2,0,0,24,0],"v":{"b":true,"hp":50,"hs":3,"l":true,"sid":1,"t":true,"wp":31.25}},{"k":[3,0,0,23,0],"v":{"b":true,"hp":50,"hs":2,"sid":1,"t":true,"wp":31.25}},{"k":[0,0,0,25,0],"v":{"b":true,"hs":5,"sid":1,"t":true,"wp":31.25}},{"k":[1,0,0,24,0],"v":{"b":true,"hp":50,"hs":3,"r":true,"sid":1,"t":true,"wp":31.25}},{"k":[2,0,0,23,0],"v":{"b":true,"hp":50,"hs":3,"l":true,"sid":1,"t":true,"wp":31.25}},{"k":[3,0,0,22,0],"v":{"b":true,"hp":50,"hs":2,"sid":1,"t":true,"wp":31.25}},{"k":[0,0,0,28,0],"v":{"b":true,"hs":5,"sid":1,"t":true,"wp":31.25}},{"k":[1,0,0,27,0],"v":{"b":true,"hp":50,"hs":3,"r":true,"sid":1,"t":true,"wp":31.25}},{"k":[2,0,0,26,0],"v":{"b":true,"hp":50,"hs":3,"l":true,"sid":1,"t":true,"wp":31.25}},{"k":[3,0,0,25,0],"v":{"b":true,"hp":50,"hs":2,"sid":1,"t":true,"wp":31.25}},{"k":[0,0,0,27,0],"v":{"b":true,"hs":5,"sid":1,"t":true,"wp":31.25}},{"k":[1,0,0,26,0],"v":{"b":true,"hp":50,"hs":3,"r":true,"sid":1,"t":true,"wp":31.25}},{"k":[2,0,0,25,0],"v":{"b":true,"hp":50,"hs":3,"l":true,"sid":1,"t":true,"wp":31.25}},{"k":[3,0,0,24,0],"v":{"b":true,"hp":50,"hs":2,"sid":1,"t":true,"wp":31.25}}],"o":[[2,0,0,32,0],[1,0,0,15,0],[1,0,0,32,0],[0,0,0,15,0],[3,0,0,32,0],[0,0,0,32,0],[3,0,0,15,0],[2,0,0,15,0]]},"objs":{"list":[]},"objs3d":{"a":[],"o":[]},"sprites":{"list":[{"k":[6,0,0,18,0],"v":{"f":false,"k":4,"t":[7,8,1,1]}},{"k":[7,0,0,16,0],"v":{"f":false,"k":4,"t":[0,8,2,3]}},{"k":[5,0,0,18,0],"v":{"f":false,"k":4,"t":[5,5,1,1]}},{"k":[15,0,0,31,0],"v":{"f":false,"k":4,"t":[0,8,2,3]}},{"k":[12,0,0,30,0],"v":{"f":false,"k":4,"t":[7,8,1,1]}},{"k":[11,0,0,31,0],"v":{"f":false,"k":4,"t":[7,7,1,1]}},{"k":[15,0,0,27,0],"v":{"f":false,"k":4,"t":[5,5,1,1]}},{"k":[10,0,0,31,0],"v":{"f":false,"k":4,"t":[5,5,1,1]}},{"k":[13,0,0,31,0],"v":{"f":false,"k":4,"t":[7,7,1,1]}},{"k":[12,0,0,31,0],"v":{"f":false,"k":4,"t":[7,7,1,1]}},{"k":[8,0,0,30,0],"v":{"f":false,"k":4,"t":[6,8,1,1]}},{"k":[10,0,0,30,0],"v":{"f":false,"k":4,"t":[6,8,1,1]}},{"k":[9,0,0,30,0],"v":{"f":false,"k":4,"t":[3,3,1,1]}},{"k":[14,0,0,20,0],"v":{"f":false,"k":4,"t":[7,8,1,1]}},{"k":[15,0,0,19,0],"v":{"f":false,"k":4,"t":[7,8,1,1]}},{"k":[13,0,0,21,0],"v":{"f":false,"k":4,"t":[5,5,1,1]}},{"k":[14,0,0,19,0],"v":{"f":false,"k":4,"t":[7,8,1,1]}},{"k":[15,0,0,18,0],"v":{"f":false,"k":4,"t":[7,8,1,1]}},{"k":[12,0,0,21,0],"v":{"k":4,"t":[7,8,1,1]}},{"k":[13,0,0,20,0],"v":{"k":4,"t":[7,8,1,1]}},{"k":[6,0,0,27,0],"v":{"f":false,"k":4,"t":[6,8,1,1]}},{"k":[6,0,0,30,0],"v":{"f":false,"k":4,"t":[0,8,2,3]}},{"k":[7,0,0,28,0],"v":{"f":false,"k":4,"t":[6,8,1,1]}},{"k":[15,0,0,20,0],"v":{"f":false,"k":4,"t":[6,8,1,1]}},{"k":[6,0,0,24,0],"v":{"f":false,"k":4,"t":[7,8,1,1]}},{"k":[10,0,0,20,0],"v":{"f":false,"k":4,"t":[7,8,1,1]}},{"k":[9,0,0,21,0],"v":{"f":false,"k":4,"t":[6,8,1,1]}},{"k":[13,0,0,17,0],"v":{"f":false,"k":4,"t":[3,3,1,1]}},{"k":[12,0,0,17,0],"v":{"f":false,"k":4,"t":[0,8,2,3]}},{"k":[6,0,0,23,0],"v":{"f":false,"k":4,"t":[7,8,1,1]}},{"k":[7,0,0,22,0],"v":{"f":false,"k":4,"t":[7,8,1,1]}},{"k":[8,0,0,21,0],"v":{"f":false,"k":4,"t":[7,8,1,1]}},{"k":[4,0,0,25,0],"v":{"f":false,"k":4,"t":[7,8,1,1]}},{"k":[9,0,0,20,0],"v":{"f":false,"k":4,"t":[7,8,1,1]}},{"k":[5,0,0,24,0],"v":{"f":false,"k":4,"t":[2,3,1,1]}},{"k":[5,0,0,27,0],"v":{"f":false,"k":4,"t":[7,8,1,1]}},{"k":[14,0,0,18,0],"v":{"f":false,"k":4,"t":[7,8,1,1]}},{"k":[13,0,0,19,0],"v":{"k":4,"t":[7,8,1,1]}},{"k":[11,0,0,21,0],"v":{"f":false,"k":4,"t":[6,8,1,1]}},{"k":[6,0,0,26,0],"v":{"f":false,"k":4,"t":[5,5,1,1]}},{"k":[6,0,0,25,0],"v":{"f":false,"k":4,"t":[7,8,1,1]}},{"k":[5,0,0,26,0],"v":{"f":false,"k":4,"t":[7,8,1,1]}},{"k":[14,0,0,17,0],"v":{"f":false,"k":4,"t":[7,8,1,1]}},{"k":[10,0,0,21,0],"v":{"f":false,"k":4,"t":[6,8,1,1]}},{"k":[7,0,0,19,0],"v":{"f":false,"k":4,"t":[7,8,1,1]}},{"k":[8,0,0,18,0],"v":{"f":false,"k":4,"t":[6,8,1,1]}},{"k":[9,0,0,16,0],"v":{"f":false,"k":4,"t":[7,8,1,1]}},{"k":[7,0,0,18,0],"v":{"f":false,"k":4,"t":[7,8,1,1]}},{"k":[6,0,0,19,0],"v":{"f":false,"k":4,"t":[7,8,1,1]}},{"k":[7,0,0,21,0],"v":{"f":false,"k":4,"t":[7,8,1,1]}},{"k":[6,0,0,22,0],"v":{"f":false,"k":4,"t":[7,8,1,1]}},{"k":[4,0,0,24,0],"v":{"f":false,"k":4,"t":[5,5,1,1]}},{"k":[8,0,0,20,0],"v":{"k":4,"t":[3,3,1,1]}},{"k":[5,0,0,23,0],"v":{"f":false,"k":4,"t":[7,8,1,1]}},{"k":[4,0,0,23,0],"v":{"f":false,"k":4,"t":[7,8,1,1]}},{"k":[5,0,0,22,0],"v":{"f":false,"k":4,"t":[6,8,1,1]}},{"k":[6,0,0,21,0],"v":{"f":false,"k":4,"t":[6,8,1,1]}},{"k":[8,0,0,19,0],"v":{"f":false,"k":4,"t":[6,8,1,1]}},{"k":[7,0,0,20,0],"v":{"f":false,"k":4,"t":[5,5,1,1]}}],"overflow":[],"walls":[{"k":[9,0,0,25,0,50,0,0],"v":{"k":3,"w":8}},{"k":[13,0,0,25,0,0,50,90],"v":{"k":2,"w":8}},{"k":[13,0,0,27,0,0,50,90],"v":{"k":0,"w":8}},{"k":[13,0,0,26,0,0,50,90],"v":{"k":1,"w":8}},{"k":[9,0,0,25,0,0,50,90],"v":{"k":2,"w":8}},{"k":[9,0,0,27,0,0,50,90],"v":{"k":0,"w":8}},{"k":[12,0,0,28,0,50,0,0],"v":{"k":2,"w":8}},{"k":[9,0,0,26,0,0,50,90],"v":{"k":1,"w":8}},{"k":[11,0,0,28,0,50,0,0],"v":{"k":1,"w":8}},{"k":[11,0,0,25,0,50,0,0],"v":{"k":2,"w":11}},{"k":[10,0,0,25,0,50,0,0],"v":{"k":0,"w":11}},{"k":[10,0,0,28,0,50,0,0],"v":{"k":1,"w":8}},{"k":[12,0,0,25,0,50,0,0],"v":{"k":3,"w":8}},{"k":[9,0,0,28,0,50,0,0],"v":{"k":0,"w":8}}]}}