{"lands":{"autotiles":[],"floors":[{"k":[11,5,0,49,0],"v":{"t":[0,0]}},{"k":[15,0,0,49,0],"v":{"t":[0,0]}},{"k":[10,5,0,49,0],"v":{"t":[0,0]}},{"k":[15,0,0,48,0],"v":{"t":[0,0]}},{"k":[14,0,0,49,0],"v":{"t":[0,0]}},{"k":[9,5,0,49,0],"v":{"t":[0,0]}},{"k":[14,0,0,48,0],"v":{"t":[0,0]}},{"k":[13,0,0,49,0],"v":{"t":[0,0]}},{"k":[8,5,0,49,0],"v":{"t":[0,0]}},{"k":[13,0,0,48,0],"v":{"t":[0,0]}},{"k":[12,0,0,49,0],"v":{"t":[0,0]}},{"k":[7,5,0,49,0],"v":{"t":[0,0]}},{"k":[12,0,0,48,0],"v":{"t":[0,0]}},{"k":[11,0,0,49,0],"v":{"t":[0,0]}},{"k":[6,5,0,49,0],"v":{"t":[0,0]}},{"k":[11,0,0,48,0],"v":{"t":[0,0]}},{"k":[10,0,0,49,0],"v":{"t":[0,0]}},{"k":[5,5,0,49,0],"v":{"t":[0,0]}},{"k":[10,0,0,48,0],"v":{"t":[0,0]}},{"k":[9,0,0,49,0],"v":{"t":[0,0]}},{"k":[4,5,0,49,0],"v":{"t":[0,0]}},{"k":[9,0,0,48,0],"v":{"t":[0,0]}},{"k":[8,0,0,49,0],"v":{"t":[0,0]}},{"k":[3,5,0,49,0],"v":{"t":[0,0]}},{"k":[8,0,0,48,0],"v":{"t":[0,0]}},{"k":[7,0,0,49,0],"v":{"t":[0,0]}},{"k":[2,5,0,49,0],"v":{"t":[0,0]}},{"k":[7,0,0,48,0],"v":{"t":[0,0]}},{"k":[6,0,0,49,0],"v":{"t":[0,0]}},{"k":[1,5,0,49,0],"v":{"t":[0,0]}},{"k":[15,3,50,48,0],"v":{"t":[0,0]}},{"k":[6,0,0,48,0],"v":{"t":[0,0]}},{"k":[5,0,0,49,0],"v":{"t":[0,0]}},{"k":[0,5,0,49,0],"v":{"t":[0,0]}},{"k":[14,3,50,48,0],"v":{"t":[0,0]}},{"k":[5,0,0,48,0],"v":{"t":[0,0]}},{"k":[4,0,0,49,0],"v":{"t":[0,0]}},{"k":[0,5,0,48,0],"v":{"t":[0,0]}},{"k":[13,3,50,48,0],"v":{"t":[0,0]}},{"k":[4,0,0,48,0],"v":{"t":[0,0]}},{"k":[3,0,0,49,0],"v":{"t":[0,0]}},{"k":[12,3,50,48,0],"v":{"t":[0,0]}},{"k":[3,0,0,48,0],"v":{"t":[0,0]}},{"k":[2,0,0,49,0],"v":{"t":[0,0]}},{"k":[11,3,50,48,0],"v":{"t":[0,0]}},{"k":[2,0,0,48,0],"v":{"t":[0,0]}},{"k":[1,0,0,49,0],"v":{"t":[0,0]}},{"k":[10,3,50,48,0],"v":{"t":[0,0]}},{"k":[1,0,0,48,0],"v":{"t":[0,0]}},{"k":[0,0,0,49,0],"v":{"t":[0,0]}},{"k":[9,3,50,48,0],"v":{"t":[0,0]}},{"k":[0,0,0,48,0],"v":{"t":[0,0]}},{"k":[8,3,50,48,0],"v":{"t":[0,0]}},{"k":[7,3,50,48,0],"v":{"t":[0,0]}},{"k":[6,3,50,48,0],"v":{"t":[0,0]}},{"k":[5,3,50,48,0],"v":{"t":[0,0]}},{"k":[4,3,50,48,0],"v":{"t":[0,0]}},{"k":[3,3,50,48,0],"v":{"t":[0,0]}},{"k":[2,3,50,48,0],"v":{"t":[0,0]}},{"k":[1,3,50,48,0],"v":{"t":[0,0]}},{"k":[15,5,0,49,0],"v":{"t":[0,0]}},{"k":[14,5,0,49,0],"v":{"t":[0,0]}},{"k":[13,5,0,49,0],"v":{"t":[0,0]}},{"k":[12,5,0,49,0],"v":{"t":[0,0]}}]},"moun":{"a":[{"k":[11,0,0,49,0],"v":{"hs":5,"l":true,"r":true,"sid":1,"wp":31.25}},{"k":[12,0,0,48,0],"v":{"hp":50,"hs":3,"l":true,"r":true,"sid":1,"t":true,"wp":31.25}},{"k":[10,0,0,49,0],"v":{"hs":5,"l":true,"r":true,"sid":1,"wp":31.25}},{"k":[11,0,0,48,0],"v":{"hp":50,"hs":3,"l":true,"r":true,"sid":1,"t":true,"wp":31.25}},{"k":[9,0,0,49,0],"v":{"hs":5,"l":true,"r":true,"sid":1,"wp":31.25}},{"k":[10,0,0,48,0],"v":{"hp":50,"hs":3,"l":true,"r":true,"sid":1,"t":true,"wp":31.25}},{"k":[8,0,0,49,0],"v":{"hs":5,"l":true,"r":true,"sid":1,"wp":31.25}},{"k":[9,0,0,48,0],"v":{"hp":50,"hs":3,"l":true,"r":true,"sid":1,"t":true,"wp":31.25}},{"k":[7,0,0,49,0],"v":{"hs":5,"l":true,"r":true,"sid":1,"wp":31.25}},{"k":[8,0,0,48,0],"v":{"hp":50,"hs":3,"l":true,"r":true,"sid":1,"t":true,"wp":31.25}},{"k":[6,0,0,49,0],"v":{"hs":5,"l":true,"r":true,"sid":1,"wp":31.25}},{"k":[7,0,0,48,0],"v":{"hp":50,"hs":3,"l":true,"r":true,"sid":1,"t":true,"wp":31.25}},{"k":[5,0,0,49,0],"v":{"hs":5,"l":true,"r":true,"sid":1,"wp":31.25}},{"k":[6,0,0,48,0],"v":{"hp":50,"hs":3,"l":true,"r":true,"sid":1,"wp":31.25}},{"k":[4,0,0,49,0],"v":{"hs":5,"l":true,"r":true,"sid":1,"wp":31.25}},{"k":[5,0,0,48,0],"v":{"hp":50,"hs":3,"l":true,"r":true,"sid":1,"wp":31.25}},{"k":[3,0,0,49,0],"v":{"hs":5,"l":true,"r":true,"sid":1,"wp":31.25}},{"k":[4,0,0,48,0],"v":{"hp":50,"hs":3,"l":true,"r":true,"sid":1,"wp":31.25}},{"k":[2,0,0,49,0],"v":{"hs":5,"l":true,"r":true,"sid":1,"wp":31.25}},{"k":[3,0,0,48,0],"v":{"hp":50,"hs":3,"l":true,"r":true,"sid":1,"wp":31.25}},{"k":[1,0,0,49,0],"v":{"hs":5,"l":true,"r":true,"sid":1,"wp":31.25}},{"k":[2,0,0,48,0],"v":{"hp":50,"hs":3,"l":true,"r":true,"sid":1,"wp":31.25}},{"k":[0,0,0,49,0],"v":{"hs":5,"r":true,"sid":1,"t":true,"wp":31.25}},{"k":[1,0,0,48,0],"v":{"hp":50,"hs":3,"r":true,"sid":1,"t":true,"wp":31.25}},{"k":[0,0,0,48,0],"v":{"b":true,"hs":5,"sid":1,"t":true,"wp":31.25}},{"k":[15,0,0,49,0],"v":{"hs":5,"l":true,"r":true,"sid":1,"wp":31.25}},{"k":[14,0,0,49,0],"v":{"hs":5,"l":true,"r":true,"sid":1,"wp":31.25}},{"k":[15,0,0,48,0],"v":{"hp":50,"hs":3,"l":true,"r":true,"sid":1,"t":true,"wp":31.25}},{"k":[13,0,0,49,0],"v":{"hs":5,"l":true,"r":true,"sid":1,"wp":31.25}},{"k":[14,0,0,48,0],"v":{"hp":50,"hs":3,"l":true,"r":true,"sid":1,"t":true,"wp":31.25}},{"k":[12,0,0,49,0],"v":{"hs":5,"l":true,"r":true,"sid":1,"wp":31.25}},{"k":[13,0,0,48,0],"v":{"hp":50,"hs":3,"l":true,"r":true,"sid":1,"t":true,"wp":31.25}}],"o":[]},"objs":{"list":[]},"objs3d":{"a":[],"o":[]},"sprites":{"list":[],"overflow":[],"walls":[]}}