{"lands":{"autotiles":[],"floors":[{"k":[14,3,50,47,0],"v":{"t":[0,0]}},{"k":[13,3,50,47,0],"v":{"t":[0,0]}},{"k":[15,2,50,46,0],"v":{"t":[0,0]}},{"k":[15,3,50,47,0],"v":{"t":[0,0]}},{"k":[10,3,50,47,0],"v":{"t":[0,0]}},{"k":[12,2,50,46,0],"v":{"t":[0,0]}},{"k":[9,3,50,47,0],"v":{"t":[0,0]}},{"k":[11,2,50,46,0],"v":{"t":[0,0]}},{"k":[12,3,50,47,0],"v":{"t":[0,0]}},{"k":[14,2,50,46,0],"v":{"t":[0,0]}},{"k":[11,3,50,47,0],"v":{"t":[0,0]}},{"k":[13,2,50,46,0],"v":{"t":[0,0]}},{"k":[6,3,50,47,0],"v":{"t":[0,0]}},{"k":[8,2,50,46,0],"v":{"t":[0,0]}},{"k":[5,3,50,47,0],"v":{"t":[0,0]}},{"k":[7,2,50,46,0],"v":{"t":[0,0]}},{"k":[8,3,50,47,0],"v":{"t":[0,0]}},{"k":[10,2,50,46,0],"v":{"t":[0,0]}},{"k":[7,3,50,47,0],"v":{"t":[0,0]}},{"k":[9,2,50,46,0],"v":{"t":[0,0]}},{"k":[3,3,50,46,0],"v":{"t":[0,0]}},{"k":[5,2,50,45,0],"v":{"t":[0,0]}},{"k":[1,3,50,47,0],"v":{"t":[0,0]}},{"k":[3,3,50,45,0],"v":{"t":[0,0]}},{"k":[4,2,50,45,0],"v":{"t":[0,0]}},{"k":[4,3,50,47,0],"v":{"t":[0,0]}},{"k":[6,2,50,46,0],"v":{"t":[0,0]}},{"k":[4,3,50,46,0],"v":{"t":[0,0]}},{"k":[5,2,50,46,0],"v":{"t":[0,0]}},{"k":[1,3,50,44,0],"v":{"t":[0,0]}},{"k":[2,3,50,43,0],"v":{"t":[0,0]}},{"k":[3,2,50,43,0],"v":{"t":[0,0]}},{"k":[1,3,50,43,0],"v":{"t":[0,0]}},{"k":[2,3,50,42,0],"v":{"t":[0,0]}},{"k":[3,2,50,42,0],"v":{"t":[0,0]}},{"k":[1,3,50,46,0],"v":{"t":[0,0]}},{"k":[2,3,50,45,0],"v":{"t":[0,0]}},{"k":[4,2,50,44,0],"v":{"t":[0,0]}},{"k":[1,3,50,45,0],"v":{"t":[0,0]}},{"k":[2,3,50,44,0],"v":{"t":[0,0]}},{"k":[3,2,50,44,0],"v":{"t":[0,0]}},{"k":[1,3,50,40,0],"v":{"t":[0,0]}},{"k":[2,3,50,39,0],"v":{"t":[0,0]}},{"k":[3,2,50,39,0],"v":{"t":[0,0]}},{"k":[1,3,50,39,0],"v":{"t":[0,0]}},{"k":[2,3,50,38,0],"v":{"t":[0,0]}},{"k":[3,2,50,38,0],"v":{"t":[0,0]}},{"k":[1,3,50,42,0],"v":{"t":[0,0]}},{"k":[2,3,50,41,0],"v":{"t":[0,0]}},{"k":[3,2,50,41,0],"v":{"t":[0,0]}},{"k":[1,3,50,41,0],"v":{"t":[0,0]}},{"k":[2,3,50,40,0],"v":{"t":[0,0]}},{"k":[3,2,50,40,0],"v":{"t":[0,0]}},{"k":[1,3,50,36,0],"v":{"t":[0,0]}},{"k":[2,3,50,35,0],"v":{"t":[0,0]}},{"k":[3,2,50,35,0],"v":{"t":[0,0]}},{"k":[1,3,50,35,0],"v":{"t":[0,0]}},{"k":[2,3,50,34,0],"v":{"t":[0,0]}},{"k":[3,2,50,34,0],"v":{"t":[0,0]}},{"k":[1,3,50,38,0],"v":{"t":[0,0]}},{"k":[2,3,50,37,0],"v":{"t":[0,0]}},{"k":[3,2,50,37,0],"v":{"t":[0,0]}},{"k":[1,3,50,37,0],"v":{"t":[0,0]}},{"k":[2,3,50,36,0],"v":{"t":[0,0]}},{"k":[3,2,50,36,0],"v":{"t":[0,0]}},{"k":[15,0,0,39,0],"v":{"t":[0,0]}},{"k":[14,0,0,40,0],"v":{"t":[0,0]}},{"k":[13,0,0,41,0],"v":{"t":[0,0]}},{"k":[12,0,0,42,0],"v":{"t":[0,0]}},{"k":[11,0,0,43,0],"v":{"t":[0,0]}},{"k":[10,0,0,44,0],"v":{"t":[0,0]}},{"k":[9,0,0,45,0],"v":{"t":[0,0]}},{"k":[8,0,0,46,0],"v":{"t":[0,0]}},{"k":[7,0,0,47,0],"v":{"t":[0,0]}},{"k":[15,0,0,38,0],"v":{"t":[0,0]}},{"k":[14,0,0,39,0],"v":{"t":[0,0]}},{"k":[13,0,0,40,0],"v":{"t":[0,0]}},{"k":[12,0,0,41,0],"v":{"t":[0,0]}},{"k":[11,0,0,42,0],"v":{"t":[0,0]}},{"k":[10,0,0,43,0],"v":{"t":[0,0]}},{"k":[9,0,0,44,0],"v":{"t":[0,0]}},{"k":[8,0,0,45,0],"v":{"t":[0,0]}},{"k":[7,0,0,46,0],"v":{"t":[0,0]}},{"k":[6,0,0,47,0],"v":{"t":[0,0]}},{"k":[15,0,0,41,0],"v":{"t":[0,0]}},{"k":[14,0,0,42,0],"v":{"t":[0,0]}},{"k":[13,0,0,43,0],"v":{"t":[0,0]}},{"k":[12,0,0,44,0],"v":{"t":[0,0]}},{"k":[11,0,0,45,0],"v":{"t":[0,0]}},{"k":[10,0,0,46,0],"v":{"t":[0,0]}},{"k":[9,0,0,47,0],"v":{"t":[0,0]}},{"k":[15,0,0,40,0],"v":{"t":[0,0]}},{"k":[14,0,0,41,0],"v":{"t":[0,0]}},{"k":[13,0,0,42,0],"v":{"t":[0,0]}},{"k":[12,0,0,43,0],"v":{"t":[0,0]}},{"k":[11,0,0,44,0],"v":{"t":[0,0]}},{"k":[10,0,0,45,0],"v":{"t":[0,0]}},{"k":[9,0,0,46,0],"v":{"t":[0,0]}},{"k":[8,0,0,47,0],"v":{"t":[0,0]}},{"k":[15,0,0,35,0],"v":{"t":[0,0]}},{"k":[14,0,0,36,0],"v":{"t":[0,0]}},{"k":[13,0,0,37,0],"v":{"t":[0,0]}},{"k":[12,0,0,38,0],"v":{"t":[0,0]}},{"k":[11,0,0,39,0],"v":{"t":[0,0]}},{"k":[10,0,0,40,0],"v":{"t":[0,0]}},{"k":[9,0,0,41,0],"v":{"t":[0,0]}},{"k":[8,0,0,42,0],"v":{"t":[0,0]}},{"k":[7,0,0,43,0],"v":{"t":[0,0]}},{"k":[6,0,0,44,0],"v":{"t":[0,0]}},{"k":[5,0,0,45,0],"v":{"t":[0,0]}},{"k":[4,0,0,46,0],"v":{"t":[0,0]}},{"k":[3,0,0,47,0],"v":{"t":[0,0]}},{"k":[0,5,0,45,0],"v":{"t":[0,0]}},{"k":[15,0,0,34,0],"v":{"t":[0,0]}},{"k":[14,0,0,35,0],"v":{"t":[0,0]}},{"k":[13,0,0,36,0],"v":{"t":[0,0]}},{"k":[12,0,0,37,0],"v":{"t":[0,0]}},{"k":[11,0,0,38,0],"v":{"t":[0,0]}},{"k":[10,0,0,39,0],"v":{"t":[0,0]}},{"k":[9,0,0,40,0],"v":{"t":[0,0]}},{"k":[8,0,0,41,0],"v":{"t":[0,0]}},{"k":[7,0,0,42,0],"v":{"t":[0,0]}},{"k":[6,0,0,43,0],"v":{"t":[0,0]}},{"k":[5,0,0,44,0],"v":{"t":[0,0]}},{"k":[4,0,0,45,0],"v":{"t":[0,0]}},{"k":[3,0,0,46,0],"v":{"t":[0,0]}},{"k":[2,0,0,47,0],"v":{"t":[0,0]}},{"k":[0,5,0,44,0],"v":{"t":[0,0]}},{"k":[15,0,0,37,0],"v":{"t":[0,0]}},{"k":[14,0,0,38,0],"v":{"t":[0,0]}},{"k":[13,0,0,39,0],"v":{"t":[0,0]}},{"k":[12,0,0,40,0],"v":{"t":[0,0]}},{"k":[11,0,0,41,0],"v":{"t":[0,0]}},{"k":[10,0,0,42,0],"v":{"t":[0,0]}},{"k":[9,0,0,43,0],"v":{"t":[0,0]}},{"k":[8,0,0,44,0],"v":{"t":[0,0]}},{"k":[7,0,0,45,0],"v":{"t":[0,0]}},{"k":[6,0,0,46,0],"v":{"t":[0,0]}},{"k":[5,0,0,47,0],"v":{"t":[0,0]}},{"k":[0,5,0,47,0],"v":{"t":[0,0]}},{"k":[15,0,0,36,0],"v":{"t":[0,0]}},{"k":[14,0,0,37,0],"v":{"t":[0,0]}},{"k":[13,0,0,38,0],"v":{"t":[0,0]}},{"k":[12,0,0,39,0],"v":{"t":[0,0]}},{"k":[11,0,0,40,0],"v":{"t":[0,0]}},{"k":[10,0,0,41,0],"v":{"t":[0,0]}},{"k":[9,0,0,42,0],"v":{"t":[0,0]}},{"k":[8,0,0,43,0],"v":{"t":[0,0]}},{"k":[7,0,0,44,0],"v":{"t":[0,0]}},{"k":[6,0,0,45,0],"v":{"t":[0,0]}},{"k":[5,0,0,46,0],"v":{"t":[0,0]}},{"k":[4,0,0,47,0],"v":{"t":[0,0]}},{"k":[0,5,0,46,0],"v":{"t":[0,0]}},{"k":[14,0,0,32,0],"v":{"t":[0,0]}},{"k":[13,0,0,33,0],"v":{"t":[0,0]}},{"k":[12,0,0,34,0],"v":{"t":[0,0]}},{"k":[11,0,0,35,0],"v":{"t":[0,0]}},{"k":[10,0,0,36,0],"v":{"t":[0,0]}},{"k":[9,0,0,37,0],"v":{"t":[0,0]}},{"k":[8,0,0,38,0],"v":{"t":[0,0]}},{"k":[7,0,0,39,0],"v":{"t":[0,0]}},{"k":[6,0,0,40,0],"v":{"t":[0,0]}},{"k":[5,0,0,41,0],"v":{"t":[0,0]}},{"k":[4,0,0,42,0],"v":{"t":[0,0]}},{"k":[3,0,0,43,0],"v":{"t":[0,0]}},{"k":[2,0,0,44,0],"v":{"t":[0,0]}},{"k":[1,0,0,45,0],"v":{"t":[0,0]}},{"k":[0,0,0,46,0],"v":{"t":[0,0]}},{"k":[0,5,0,41,0],"v":{"t":[0,0]}},{"k":[13,0,0,32,0],"v":{"t":[0,0]}},{"k":[12,0,0,33,0],"v":{"t":[0,0]}},{"k":[11,0,0,34,0],"v":{"t":[0,0]}},{"k":[10,0,0,35,0],"v":{"t":[0,0]}},{"k":[9,0,0,36,0],"v":{"t":[0,0]}},{"k":[8,0,0,37,0],"v":{"t":[0,0]}},{"k":[7,0,0,38,0],"v":{"t":[0,0]}},{"k":[6,0,0,39,0],"v":{"t":[0,0]}},{"k":[5,0,0,40,0],"v":{"t":[0,0]}},{"k":[4,0,0,41,0],"v":{"t":[0,0]}},{"k":[3,0,0,42,0],"v":{"t":[0,0]}},{"k":[2,0,0,43,0],"v":{"t":[0,0]}},{"k":[1,0,0,44,0],"v":{"t":[0,0]}},{"k":[0,0,0,45,0],"v":{"t":[0,0]}},{"k":[0,5,0,40,0],"v":{"t":[0,0]}},{"k":[15,0,0,33,0],"v":{"t":[0,0]}},{"k":[14,0,0,34,0],"v":{"t":[0,0]}},{"k":[13,0,0,35,0],"v":{"t":[0,0]}},{"k":[12,0,0,36,0],"v":{"t":[0,0]}},{"k":[11,0,0,37,0],"v":{"t":[0,0]}},{"k":[10,0,0,38,0],"v":{"t":[0,0]}},{"k":[9,0,0,39,0],"v":{"t":[0,0]}},{"k":[8,0,0,40,0],"v":{"t":[0,0]}},{"k":[7,0,0,41,0],"v":{"t":[0,0]}},{"k":[6,0,0,42,0],"v":{"t":[0,0]}},{"k":[5,0,0,43,0],"v":{"t":[0,0]}},{"k":[4,0,0,44,0],"v":{"t":[0,0]}},{"k":[3,0,0,45,0],"v":{"t":[0,0]}},{"k":[2,0,0,46,0],"v":{"t":[0,0]}},{"k":[1,0,0,47,0],"v":{"t":[0,0]}},{"k":[0,5,0,43,0],"v":{"t":[0,0]}},{"k":[15,0,0,32,0],"v":{"t":[0,0]}},{"k":[14,0,0,33,0],"v":{"t":[0,0]}},{"k":[13,0,0,34,0],"v":{"t":[0,0]}},{"k":[12,0,0,35,0],"v":{"t":[0,0]}},{"k":[11,0,0,36,0],"v":{"t":[0,0]}},{"k":[10,0,0,37,0],"v":{"t":[0,0]}},{"k":[9,0,0,38,0],"v":{"t":[0,0]}},{"k":[8,0,0,39,0],"v":{"t":[0,0]}},{"k":[7,0,0,40,0],"v":{"t":[0,0]}},{"k":[6,0,0,41,0],"v":{"t":[0,0]}},{"k":[5,0,0,42,0],"v":{"t":[0,0]}},{"k":[4,0,0,43,0],"v":{"t":[0,0]}},{"k":[3,0,0,44,0],"v":{"t":[0,0]}},{"k":[2,0,0,45,0],"v":{"t":[0,0]}},{"k":[1,0,0,46,0],"v":{"t":[0,0]}},{"k":[0,0,0,47,0],"v":{"t":[0,0]}},{"k":[0,5,0,42,0],"v":{"t":[0,0]}},{"k":[10,0,0,32,0],"v":{"t":[0,0]}},{"k":[9,0,0,33,0],"v":{"t":[0,0]}},{"k":[8,0,0,34,0],"v":{"t":[0,0]}},{"k":[7,0,0,35,0],"v":{"t":[0,0]}},{"k":[6,0,0,36,0],"v":{"t":[0,0]}},{"k":[5,0,0,37,0],"v":{"t":[0,0]}},{"k":[4,0,0,38,0],"v":{"t":[0,0]}},{"k":[3,0,0,39,0],"v":{"t":[0,0]}},{"k":[2,0,0,40,0],"v":{"t":[0,0]}},{"k":[1,0,0,41,0],"v":{"t":[0,0]}},{"k":[0,0,0,42,0],"v":{"t":[0,0]}},{"k":[0,5,0,37,0],"v":{"t":[0,0]}},{"k":[9,0,0,32,0],"v":{"t":[0,0]}},{"k":[8,0,0,33,0],"v":{"t":[0,0]}},{"k":[7,0,0,34,0],"v":{"t":[0,0]}},{"k":[6,0,0,35,0],"v":{"t":[0,0]}},{"k":[5,0,0,36,0],"v":{"t":[0,0]}},{"k":[4,0,0,37,0],"v":{"t":[0,0]}},{"k":[3,0,0,38,0],"v":{"t":[0,0]}},{"k":[2,0,0,39,0],"v":{"t":[0,0]}},{"k":[1,0,0,40,0],"v":{"t":[0,0]}},{"k":[0,0,0,41,0],"v":{"t":[0,0]}},{"k":[0,5,0,36,0],"v":{"t":[0,0]}},{"k":[12,0,0,32,0],"v":{"t":[0,0]}},{"k":[11,0,0,33,0],"v":{"t":[0,0]}},{"k":[10,0,0,34,0],"v":{"t":[0,0]}},{"k":[9,0,0,35,0],"v":{"t":[0,0]}},{"k":[8,0,0,36,0],"v":{"t":[0,0]}},{"k":[7,0,0,37,0],"v":{"t":[0,0]}},{"k":[6,0,0,38,0],"v":{"t":[0,0]}},{"k":[5,0,0,39,0],"v":{"t":[0,0]}},{"k":[4,0,0,40,0],"v":{"t":[0,0]}},{"k":[3,0,0,41,0],"v":{"t":[0,0]}},{"k":[2,0,0,42,0],"v":{"t":[0,0]}},{"k":[1,0,0,43,0],"v":{"t":[0,0]}},{"k":[0,0,0,44,0],"v":{"t":[0,0]}},{"k":[0,5,0,39,0],"v":{"t":[0,0]}},{"k":[11,0,0,32,0],"v":{"t":[0,0]}},{"k":[10,0,0,33,0],"v":{"t":[0,0]}},{"k":[9,0,0,34,0],"v":{"t":[0,0]}},{"k":[8,0,0,35,0],"v":{"t":[0,0]}},{"k":[7,0,0,36,0],"v":{"t":[0,0]}},{"k":[6,0,0,37,0],"v":{"t":[0,0]}},{"k":[5,0,0,38,0],"v":{"t":[0,0]}},{"k":[4,0,0,39,0],"v":{"t":[0,0]}},{"k":[3,0,0,40,0],"v":{"t":[0,0]}},{"k":[2,0,0,41,0],"v":{"t":[0,0]}},{"k":[1,0,0,42,0],"v":{"t":[0,0]}},{"k":[0,0,0,43,0],"v":{"t":[0,0]}},{"k":[0,5,0,38,0],"v":{"t":[0,0]}},{"k":[6,0,0,32,0],"v":{"t":[0,0]}},{"k":[5,0,0,33,0],"v":{"t":[0,0]}},{"k":[4,0,0,34,0],"v":{"t":[0,0]}},{"k":[3,0,0,35,0],"v":{"t":[0,0]}},{"k":[2,0,0,36,0],"v":{"t":[0,0]}},{"k":[1,0,0,37,0],"v":{"t":[0,0]}},{"k":[0,0,0,38,0],"v":{"t":[0,0]}},{"k":[0,5,0,33,0],"v":{"t":[0,0]}},{"k":[5,0,0,32,0],"v":{"t":[0,0]}},{"k":[4,0,0,33,0],"v":{"t":[0,0]}},{"k":[3,0,0,34,0],"v":{"t":[0,0]}},{"k":[2,0,0,35,0],"v":{"t":[0,0]}},{"k":[1,0,0,36,0],"v":{"t":[0,0]}},{"k":[0,0,0,37,0],"v":{"t":[0,0]}},{"k":[0,5,0,32,0],"v":{"t":[0,0]}},{"k":[8,0,0,32,0],"v":{"t":[0,0]}},{"k":[7,0,0,33,0],"v":{"t":[0,0]}},{"k":[6,0,0,34,0],"v":{"t":[0,0]}},{"k":[5,0,0,35,0],"v":{"t":[0,0]}},{"k":[4,0,0,36,0],"v":{"t":[0,0]}},{"k":[3,0,0,37,0],"v":{"t":[0,0]}},{"k":[2,0,0,38,0],"v":{"t":[0,0]}},{"k":[1,0,0,39,0],"v":{"t":[0,0]}},{"k":[0,0,0,40,0],"v":{"t":[0,0]}},{"k":[0,5,0,35,0],"v":{"t":[0,0]}},{"k":[7,0,0,32,0],"v":{"t":[0,0]}},{"k":[6,0,0,33,0],"v":{"t":[0,0]}},{"k":[5,0,0,34,0],"v":{"t":[0,0]}},{"k":[4,0,0,35,0],"v":{"t":[0,0]}},{"k":[3,0,0,36,0],"v":{"t":[0,0]}},{"k":[2,0,0,37,0],"v":{"t":[0,0]}},{"k":[1,0,0,38,0],"v":{"t":[0,0]}},{"k":[0,0,0,39,0],"v":{"t":[0,0]}},{"k":[0,5,0,34,0],"v":{"t":[0,0]}},{"k":[2,0,0,32,0],"v":{"t":[0,0]}},{"k":[1,0,0,33,0],"v":{"t":[0,0]}},{"k":[0,0,0,34,0],"v":{"t":[0,0]}},{"k":[1,0,0,32,0],"v":{"t":[0,0]}},{"k":[0,0,0,33,0],"v":{"t":[0,0]}},{"k":[4,0,0,32,0],"v":{"t":[0,0]}},{"k":[3,0,0,33,0],"v":{"t":[0,0]}},{"k":[2,0,0,34,0],"v":{"t":[0,0]}},{"k":[1,0,0,35,0],"v":{"t":[0,0]}},{"k":[0,0,0,36,0],"v":{"t":[0,0]}},{"k":[3,0,0,32,0],"v":{"t":[0,0]}},{"k":[2,0,0,33,0],"v":{"t":[0,0]}},{"k":[1,0,0,34,0],"v":{"t":[0,0]}},{"k":[0,0,0,35,0],"v":{"t":[0,0]}},{"k":[0,0,0,32,0],"v":{"t":[0,0]}},{"k":[1,3,50,32,0],"v":{"t":[0,0]}},{"k":[1,3,50,34,0],"v":{"t":[0,0]}},{"k":[2,3,50,33,0],"v":{"t":[0,0]}},{"k":[3,2,50,33,0],"v":{"t":[0,0]}},{"k":[1,3,50,33,0],"v":{"t":[0,0]}},{"k":[2,3,50,32,0],"v":{"t":[0,0]}},{"k":[3,2,50,32,0],"v":{"t":[0,0]}},{"k":[15,0,0,47,0],"v":{"t":[0,0]}},{"k":[15,0,0,46,0],"v":{"t":[0,0]}},{"k":[14,0,0,47,0],"v":{"t":[0,0]}},{"k":[15,0,0,43,0],"v":{"t":[0,0]}},{"k":[14,0,0,44,0],"v":{"t":[0,0]}},{"k":[13,0,0,45,0],"v":{"t":[0,0]}},{"k":[12,0,0,46,0],"v":{"t":[0,0]}},{"k":[11,0,0,47,0],"v":{"t":[0,0]}},{"k":[15,0,0,42,0],"v":{"t":[0,0]}},{"k":[14,0,0,43,0],"v":{"t":[0,0]}},{"k":[13,0,0,44,0],"v":{"t":[0,0]}},{"k":[12,0,0,45,0],"v":{"t":[0,0]}},{"k":[11,0,0,46,0],"v":{"t":[0,0]}},{"k":[10,0,0,47,0],"v":{"t":[0,0]}},{"k":[15,0,0,45,0],"v":{"t":[0,0]}},{"k":[14,0,0,46,0],"v":{"t":[0,0]}},{"k":[13,0,0,47,0],"v":{"t":[0,0]}},{"k":[15,0,0,44,0],"v":{"t":[0,0]}},{"k":[14,0,0,45,0],"v":{"t":[0,0]}},{"k":[13,0,0,46,0],"v":{"t":[0,0]}},{"k":[12,0,0,47,0],"v":{"t":[0,0]}}]},"moun":{"a":[{"k":[7,0,0,47,0],"v":{"b":true,"hp":50,"hs":3,"l":true,"r":true,"sid":1,"wp":31.25}},{"k":[8,0,0,46,0],"v":{"hp":50,"hs":2,"l":true,"r":true,"sid":1,"wp":31.25}},{"k":[6,0,0,47,0],"v":{"b":true,"hp":50,"hs":3,"l":true,"r":true,"sid":1,"wp":31.25}},{"k":[7,0,0,46,0],"v":{"hp":50,"hs":2,"l":true,"r":true,"sid":1,"wp":31.25}},{"k":[9,0,0,47,0],"v":{"b":true,"hp":50,"hs":3,"l":true,"r":true,"sid":1,"wp":31.25}},{"k":[10,0,0,46,0],"v":{"hp":50,"hs":2,"l":true,"r":true,"sid":1,"wp":31.25}},{"k":[8,0,0,47,0],"v":{"b":true,"hp":50,"hs":3,"l":true,"r":true,"sid":1,"wp":31.25}},{"k":[9,0,0,46,0],"v":{"hp":50,"hs":2,"l":true,"r":true,"sid":1,"wp":31.25}},{"k":[4,0,0,46,0],"v":{"b":true,"hp":50,"hs":3,"l":true,"sid":1,"wp":31.25}},{"k":[5,0,0,45,0],"v":{"b":true,"hp":50,"hs":2,"l":true,"sid":1,"wp":31.25}},{"k":[3,0,0,46,0],"v":{"hp":50,"hs":3,"r":true,"sid":1,"t":true,"wp":31.25}},{"k":[4,0,0,45,0],"v":{"hp":50,"hs":2,"r":true,"sid":1,"t":true,"wp":31.25}},{"k":[5,0,0,47,0],"v":{"b":true,"hp":50,"hs":3,"l":true,"r":true,"sid":1,"wp":31.25}},{"k":[6,0,0,46,0],"v":{"hp":50,"hs":2,"l":true,"r":true,"sid":1,"wp":31.25}},{"k":[4,0,0,47,0],"v":{"b":true,"hp":50,"hs":3,"r":true,"sid":1,"t":true,"wp":31.25}},{"k":[5,0,0,46,0],"v":{"hp":50,"hs":2,"r":true,"sid":1,"t":true,"wp":31.25}},{"k":[0,0,0,46,0],"v":{"b":true,"hs":5,"sid":1,"t":true,"wp":31.25}},{"k":[1,0,0,45,0],"v":{"b":true,"hp":50,"hs":3,"r":true,"sid":1,"t":true,"wp":31.25}},{"k":[2,0,0,44,0],"v":{"b":true,"hp":50,"hs":3,"l":true,"sid":1,"t":true,"wp":31.25}},{"k":[3,0,0,43,0],"v":{"b":true,"hp":50,"hs":2,"sid":1,"t":true,"wp":31.25}},{"k":[0,0,0,45,0],"v":{"b":true,"hs":5,"sid":1,"t":true,"wp":31.25}},{"k":[1,0,0,44,0],"v":{"b":true,"hp":50,"hs":3,"r":true,"sid":1,"t":true,"wp":31.25}},{"k":[2,0,0,43,0],"v":{"b":true,"hp":50,"hs":3,"l":true,"sid":1,"t":true,"wp":31.25}},{"k":[3,0,0,42,0],"v":{"b":true,"hp":50,"hs":2,"sid":1,"t":true,"wp":31.25}},{"k":[1,0,0,47,0],"v":{"b":true,"hp":50,"hs":3,"sid":1,"t":true,"wp":31.25}},{"k":[3,0,0,45,0],"v":{"b":true,"hp":50,"hs":3,"l":true,"sid":1,"wp":31.25}},{"k":[4,0,0,44,0],"v":{"b":true,"hp":50,"hs":2,"l":true,"sid":1,"wp":31.25}},{"k":[0,0,0,47,0],"v":{"b":true,"hs":5,"sid":1,"t":true,"wp":31.25}},{"k":[1,0,0,46,0],"v":{"b":true,"hp":50,"hs":3,"sid":1,"t":true,"wp":31.25}},{"k":[2,0,0,45,0],"v":{"hp":50,"hs":3,"l":true,"r":true,"sid":1,"t":true,"wp":31.25}},{"k":[3,0,0,44,0],"v":{"hp":50,"hs":2,"r":true,"sid":1,"t":true,"wp":31.25}},{"k":[0,0,0,42,0],"v":{"b":true,"hs":5,"sid":1,"t":true,"wp":31.25}},{"k":[1,0,0,41,0],"v":{"b":true,"hp":50,"hs":3,"r":true,"sid":1,"t":true,"wp":31.25}},{"k":[2,0,0,40,0],"v":{"b":true,"hp":50,"hs":3,"l":true,"sid":1,"t":true,"wp":31.25}},{"k":[3,0,0,39,0],"v":{"b":true,"hp":50,"hs":2,"sid":1,"t":true,"wp":31.25}},{"k":[0,0,0,41,0],"v":{"b":true,"hs":5,"sid":1,"t":true,"wp":31.25}},{"k":[1,0,0,40,0],"v":{"b":true,"hp":50,"hs":3,"r":true,"sid":1,"t":true,"wp":31.25}},{"k":[2,0,0,39,0],"v":{"b":true,"hp":50,"hs":3,"l":true,"sid":1,"t":true,"wp":31.25}},{"k":[3,0,0,38,0],"v":{"b":true,"hp":50,"hs":2,"sid":1,"t":true,"wp":31.25}},{"k":[0,0,0,44,0],"v":{"b":true,"hs":5,"sid":1,"t":true,"wp":31.25}},{"k":[1,0,0,43,0],"v":{"b":true,"hp":50,"hs":3,"r":true,"sid":1,"t":true,"wp":31.25}},{"k":[2,0,0,42,0],"v":{"b":true,"hp":50,"hs":3,"l":true,"sid":1,"t":true,"wp":31.25}},{"k":[3,0,0,41,0],"v":{"b":true,"hp":50,"hs":2,"sid":1,"t":true,"wp":31.25}},{"k":[0,0,0,43,0],"v":{"b":true,"hs":5,"sid":1,"t":true,"wp":31.25}},{"k":[1,0,0,42,0],"v":{"b":true,"hp":50,"hs":3,"r":true,"sid":1,"t":true,"wp":31.25}},{"k":[2,0,0,41,0],"v":{"b":true,"hp":50,"hs":3,"l":true,"sid":1,"t":true,"wp":31.25}},{"k":[3,0,0,40,0],"v":{"b":true,"hp":50,"hs":2,"sid":1,"t":true,"wp":31.25}},{"k":[0,0,0,38,0],"v":{"b":true,"hs":5,"sid":1,"t":true,"wp":31.25}},{"k":[1,0,0,37,0],"v":{"b":true,"hp":50,"hs":3,"r":true,"sid":1,"t":true,"wp":31.25}},{"k":[2,0,0,36,0],"v":{"b":true,"hp":50,"hs":3,"l":true,"sid":1,"t":true,"wp":31.25}},{"k":[3,0,0,35,0],"v":{"b":true,"hp":50,"hs":2,"sid":1,"t":true,"wp":31.25}},{"k":[0,0,0,37,0],"v":{"b":true,"hs":5,"sid":1,"t":true,"wp":31.25}},{"k":[1,0,0,36,0],"v":{"b":true,"hp":50,"hs":3,"r":true,"sid":1,"t":true,"wp":31.25}},{"k":[2,0,0,35,0],"v":{"b":true,"hp":50,"hs":3,"l":true,"sid":1,"t":true,"wp":31.25}},{"k":[3,0,0,34,0],"v":{"b":true,"hp":50,"hs":2,"sid":1,"t":true,"wp":31.25}},{"k":[0,0,0,40,0],"v":{"b":true,"hs":5,"sid":1,"t":true,"wp":31.25}},{"k":[1,0,0,39,0],"v":{"b":true,"hp":50,"hs":3,"r":true,"sid":1,"t":true,"wp":31.25}},{"k":[2,0,0,38,0],"v":{"b":true,"hp":50,"hs":3,"l":true,"sid":1,"t":true,"wp":31.25}},{"k":[3,0,0,37,0],"v":{"b":true,"hp":50,"hs":2,"sid":1,"t":true,"wp":31.25}},{"k":[0,0,0,39,0],"v":{"b":true,"hs":5,"sid":1,"t":true,"wp":31.25}},{"k":[1,0,0,38,0],"v":{"b":true,"hp":50,"hs":3,"r":true,"sid":1,"t":true,"wp":31.25}},{"k":[2,0,0,37,0],"v":{"b":true,"hp":50,"hs":3,"l":true,"sid":1,"t":true,"wp":31.25}},{"k":[3,0,0,36,0],"v":{"b":true,"hp":50,"hs":2,"sid":1,"t":true,"wp":31.25}},{"k":[0,0,0,34,0],"v":{"b":true,"hs":5,"sid":1,"t":true,"wp":31.25}},{"k":[1,0,0,33,0],"v":{"b":true,"hp":50,"hs":3,"r":true,"sid":1,"t":true,"wp":31.25}},{"k":[2,0,0,32,0],"v":{"b":true,"hp":50,"hs":3,"l":true,"sid":1,"t":true,"wp":31.25}},{"k":[0,0,0,33,0],"v":{"b":true,"hs":5,"sid":1,"t":true,"wp":31.25}},{"k":[1,0,0,32,0],"v":{"b":true,"hp":50,"hs":3,"r":true,"sid":1,"t":true,"wp":31.25}},{"k":[0,0,0,36,0],"v":{"b":true,"hs":5,"sid":1,"t":true,"wp":31.25}},{"k":[1,0,0,35,0],"v":{"b":true,"hp":50,"hs":3,"r":true,"sid":1,"t":true,"wp":31.25}},{"k":[2,0,0,34,0],"v":{"b":true,"hp":50,"hs":3,"l":true,"sid":1,"t":true,"wp":31.25}},{"k":[3,0,0,33,0],"v":{"b":true,"hp":50,"hs":2,"sid":1,"t":true,"wp":31.25}},{"k":[0,0,0,35,0],"v":{"b":true,"hs":5,"sid":1,"t":true,"wp":31.25}},{"k":[1,0,0,34,0],"v":{"b":true,"hp":50,"hs":3,"r":true,"sid":1,"t":true,"wp":31.25}},{"k":[2,0,0,33,0],"v":{"b":true,"hp":50,"hs":3,"l":true,"sid":1,"t":true,"wp":31.25}},{"k":[3,0,0,32,0],"v":{"b":true,"hp":50,"hs":2,"sid":1,"t":true,"wp":31.25}},{"k":[0,0,0,32,0],"v":{"b":true,"hs":5,"sid":1,"t":true,"wp":31.25}},{"k":[15,0,0,47,0],"v":{"b":true,"hp":50,"hs":3,"l":true,"r":true,"sid":1,"wp":31.25}},{"k":[14,0,0,47,0],"v":{"b":true,"hp":50,"hs":3,"l":true,"r":true,"sid":1,"wp":31.25}},{"k":[15,0,0,46,0],"v":{"hp":50,"hs":2,"l":true,"r":true,"sid":1,"wp":31.25}},{"k":[11,0,0,47,0],"v":{"b":true,"hp":50,"hs":3,"l":true,"r":true,"sid":1,"wp":31.25}},{"k":[12,0,0,46,0],"v":{"hp":50,"hs":2,"l":true,"r":true,"sid":1,"wp":31.25}},{"k":[10,0,0,47,0],"v":{"b":true,"hp":50,"hs":3,"l":true,"r":true,"sid":1,"wp":31.25}},{"k":[11,0,0,46,0],"v":{"hp":50,"hs":2,"l":true,"r":true,"sid":1,"wp":31.25}},{"k":[13,0,0,47,0],"v":{"b":true,"hp":50,"hs":3,"l":true,"r":true,"sid":1,"wp":31.25}},{"k":[14,0,0,46,0],"v":{"hp":50,"hs":2,"l":true,"r":true,"sid":1,"wp":31.25}},{"k":[12,0,0,47,0],"v":{"b":true,"hp":50,"hs":3,"l":true,"r":true,"sid":1,"wp":31.25}},{"k":[13,0,0,46,0],"v":{"hp":50,"hs":2,"l":true,"r":true,"sid":1,"wp":31.25}}],"o":[[0,0,0,48,0],[14,0,0,48,0],[16,0,0,46,0],[13,0,0,48,0],[3,0,0,31,0],[2,0,0,31,0],[16,0,0,48,0],[15,0,0,48,0],[16,0,0,47,0],[10,0,0,48,0],[9,0,0,48,0],[12,0,0,48,0],[1,0,0,31,0],[11,0,0,48,0],[0,0,0,31,0],[6,0,0,48,0],[5,0,0,48,0],[8,0,0,48,0],[7,0,0,48,0],[2,0,0,48,0],[1,0,0,48,0],[4,0,0,48,0],[3,0,0,48,0]]},"objs":{"list":[]},"objs3d":{"a":[],"o":[]},"sprites":{"list":[{"k":[15,0,0,42,0],"v":{"f":false,"k":4,"t":[3,3,1,1]}},{"k":[14,0,0,40,0],"v":{"f":false,"k":4,"t":[0,8,2,3]}},{"k":[15,0,0,39,0],"v":{"f":false,"k":4,"t":[3,7,1,1]}},{"k":[13,0,0,37,0],"v":{"f":false,"k":4,"t":[7,8,1,1]}},{"k":[7,0,0,43,0],"v":{"f":false,"k":4,"t":[7,8,1,1]}},{"k":[11,0,0,39,0],"v":{"f":false,"k":4,"t":[5,5,1,1]}},{"k":[8,0,0,42,0],"v":{"f":false,"k":4,"t":[3,3,1,1]}},{"k":[14,0,0,35,0],"v":{"f":false,"k":4,"t":[0,8,2,3]}},{"k":[15,0,0,34,0],"v":{"f":false,"k":4,"t":[7,8,1,1]}},{"k":[10,0,0,39,0],"v":{"f":false,"k":4,"t":[7,8,1,1]}},{"k":[11,0,0,38,0],"v":{"f":false,"k":4,"t":[6,8,1,1]}},{"k":[12,0,0,37,0],"v":{"f":false,"k":4,"t":[2,3,1,1]}},{"k":[9,0,0,43,0],"v":{"f":false,"k":4,"t":[7,8,1,1]}},{"k":[12,0,0,39,0],"v":{"f":false,"k":4,"t":[0,8,2,3]}},{"k":[8,0,0,43,0],"v":{"f":false,"k":4,"t":[7,8,1,1]}},{"k":[9,0,0,37,0],"v":{"f":false,"k":4,"t":[7,8,1,1]}},{"k":[7,0,0,39,0],"v":{"f":false,"k":4,"t":[0,8,2,3]}},{"k":[5,0,0,41,0],"v":{"k":4,"t":[7,8,1,1]}},{"k":[13,0,0,33,0],"v":{"f":false,"k":4,"t":[7,7,1,1]}},{"k":[11,0,0,34,0],"v":{"f":false,"k":4,"t":[0,8,2,3]}},{"k":[12,0,0,33,0],"v":{"f":false,"k":4,"t":[7,8,1,1]}},{"k":[9,0,0,36,0],"v":{"f":false,"k":4,"t":[7,8,1,1]}},{"k":[5,0,0,40,0],"v":{"k":4,"t":[7,8,1,1]}},{"k":[13,0,0,32,0],"v":{"f":false,"k":4,"t":[7,7,1,1]}},{"k":[8,0,0,37,0],"v":{"f":false,"k":4,"t":[5,5,1,1]}},{"k":[14,0,0,34,0],"v":{"f":false,"k":4,"t":[7,8,1,1]}},{"k":[10,0,0,38,0],"v":{"f":false,"k":4,"t":[7,8,1,1]}},{"k":[9,0,0,38,0],"v":{"f":false,"k":4,"t":[7,8,1,1]}},{"k":[14,0,0,33,0],"v":{"f":false,"k":4,"t":[7,7,1,1]}},{"k":[13,0,0,34,0],"v":{"f":false,"k":4,"t":[7,7,1,1]}},{"k":[9,0,0,33,0],"v":{"f":false,"k":4,"t":[7,8,1,1]}},{"k":[5,0,0,37,0],"v":{"f":false,"k":4,"t":[7,8,1,1]}},{"k":[10,0,0,32,0],"v":{"f":false,"k":4,"t":[7,7,1,1]}},{"k":[8,0,0,33,0],"v":{"f":false,"k":4,"t":[0,8,2,3]}},{"k":[5,0,0,36,0],"v":{"f":false,"k":4,"t":[7,8,1,1]}},{"k":[9,0,0,35,0],"v":{"f":false,"k":4,"t":[7,8,1,1]}},{"k":[5,0,0,39,0],"v":{"f":false,"k":4,"t":[7,8,1,1]}},{"k":[12,0,0,32,0],"v":{"f":false,"k":4,"t":[3,3,1,1]}},{"k":[9,0,0,34,0],"v":{"f":false,"k":4,"t":[7,8,1,1]}},{"k":[5,0,0,38,0],"v":{"f":false,"k":4,"t":[7,8,1,1]}},{"k":[11,0,0,32,0],"v":{"f":false,"k":4,"t":[7,7,1,1]}},{"k":[5,0,0,33,0],"v":{"f":false,"k":4,"t":[7,8,1,1]}},{"k":[5,0,0,32,0],"v":{"f":false,"k":4,"t":[7,8,1,1]}},{"k":[5,0,0,34,0],"v":{"f":false,"k":4,"t":[7,8,1,1]}},{"k":[6,0,0,33,0],"v":{"f":false,"k":4,"t":[5,5,1,1]}}],"overflow":[],"walls":[]}}