{"lands":{"autotiles":[{"k":[24,0,0,43,0],"v":{"id":1,"t":[1,0],"tid":116}},{"k":[23,0,0,42,0],"v":{"id":1,"t":[5,0],"tid":372}},{"k":[22,0,0,43,0],"v":{"id":1,"t":[1,0],"tid":477}},{"k":[24,0,0,41,0],"v":{"id":1,"t":[1,0],"tid":636}},{"k":[23,0,0,43,0],"v":{"id":1,"t":[1,0],"tid":477}},{"k":[24,0,0,42,0],"v":{"id":1,"t":[1,0],"tid":636}},{"k":[20,0,0,39,0],"v":{"id":1,"t":[5,0],"tid":225}},{"k":[22,0,0,37,0],"v":{"id":1,"t":[1,0],"tid":370}},{"k":[21,0,0,38,0],"v":{"id":1,"t":[1,0],"tid":68}},{"k":[19,0,0,40,0],"v":{"id":1,"t":[1,0],"tid":636}},{"k":[20,0,0,40,0],"v":{"id":1,"t":[5,0],"tid":584}},{"k":[21,0,0,39,0],"v":{"id":1,"t":[5,0],"tid":471}},{"k":[22,0,0,38,0],"v":{"id":1,"t":[1,0],"tid":274}},{"k":[19,0,0,41,0],"v":{"id":1,"t":[1,0],"tid":636}},{"k":[21,0,0,36,0],"v":{"id":1,"t":[1,0],"tid":584}},{"k":[22,0,0,35,0],"v":{"id":1,"t":[1,0],"tid":370}},{"k":[19,0,0,38,0],"v":{"id":1,"t":[1,0],"tid":223}},{"k":[22,0,0,36,0],"v":{"id":1,"t":[1,0],"tid":370}},{"k":[21,0,0,37,0],"v":{"id":1,"t":[1,0],"tid":584}},{"k":[20,0,0,38,0],"v":{"id":1,"t":[1,0],"tid":477}},{"k":[19,0,0,39,0],"v":{"id":1,"t":[1,0],"tid":636}},{"k":[21,0,0,42,0],"v":{"id":1,"t":[5,0],"tid":324}},{"k":[23,0,0,40,0],"v":{"id":1,"t":[5,0],"tid":370}},{"k":[22,0,0,41,0],"v":{"id":1,"t":[5,0],"tid":318}},{"k":[20,0,0,43,0],"v":{"id":1,"t":[1,0],"tid":477}},{"k":[24,0,0,39,0],"v":{"id":1,"t":[1,0],"tid":636}},{"k":[22,0,0,42,0],"v":{"id":1,"t":[5,0],"tid":324}},{"k":[23,0,0,41,0],"v":{"id":1,"t":[5,0],"tid":370}},{"k":[21,0,0,43,0],"v":{"id":1,"t":[1,0],"tid":477}},{"k":[24,0,0,40,0],"v":{"id":1,"t":[1,0],"tid":636}},{"k":[20,0,0,41,0],"v":{"id":1,"t":[5,0],"tid":584}},{"k":[22,0,0,39,0],"v":{"id":1,"t":[5,0],"tid":471}},{"k":[21,0,0,40,0],"v":{"id":1,"t":[5,0],"tid":318}},{"k":[23,0,0,38,0],"v":{"id":1,"t":[1,0],"tid":477}},{"k":[19,0,0,42,0],"v":{"id":1,"t":[1,0],"tid":636}},{"k":[20,0,0,42,0],"v":{"id":1,"t":[5,0],"tid":570}},{"k":[23,0,0,39,0],"v":{"id":1,"t":[5,0],"tid":423}},{"k":[22,0,0,40,0],"v":{"id":1,"t":[5,0],"tid":318}},{"k":[21,0,0,41,0],"v":{"id":1,"t":[5,0],"tid":318}},{"k":[19,0,0,43,0],"v":{"id":1,"t":[1,0],"tid":520}},{"k":[24,0,0,38,0],"v":{"id":1,"t":[1,0],"tid":413}},{"k":[21,0,0,34,0],"v":{"id":1,"t":[1,0],"tid":584}},{"k":[22,0,0,33,0],"v":{"id":1,"t":[1,0],"tid":370}},{"k":[21,0,0,35,0],"v":{"id":1,"t":[1,0],"tid":584}},{"k":[22,0,0,34,0],"v":{"id":1,"t":[1,0],"tid":370}},{"k":[21,0,0,32,0],"v":{"id":1,"t":[1,0],"tid":584}},{"k":[21,0,0,33,0],"v":{"id":1,"t":[1,0],"tid":584}},{"k":[22,0,0,32,0],"v":{"id":1,"t":[1,0],"tid":370}}],"floors":[{"k":[31,3,50,47,0],"v":{"t":[0,0]}},{"k":[29,3,50,47,0],"v":{"t":[0,0]}},{"k":[31,2,50,46,0],"v":{"t":[0,0]}},{"k":[30,3,50,47,0],"v":{"t":[0,0]}},{"k":[23,3,50,47,0],"v":{"t":[0,0]}},{"k":[25,2,50,46,0],"v":{"t":[0,0]}},{"k":[24,3,50,47,0],"v":{"t":[0,0]}},{"k":[26,2,50,46,0],"v":{"t":[0,0]}},{"k":[23,2,50,46,0],"v":{"t":[0,0]}},{"k":[24,2,50,46,0],"v":{"t":[0,0]}},{"k":[27,3,50,47,0],"v":{"t":[0,0]}},{"k":[29,2,50,46,0],"v":{"t":[0,0]}},{"k":[28,3,50,47,0],"v":{"t":[0,0]}},{"k":[30,2,50,46,0],"v":{"t":[0,0]}},{"k":[25,3,50,47,0],"v":{"t":[0,0]}},{"k":[27,2,50,46,0],"v":{"t":[0,0]}},{"k":[26,3,50,47,0],"v":{"t":[0,0]}},{"k":[28,2,50,46,0],"v":{"t":[0,0]}},{"k":[17,2,50,46,0],"v":{"t":[0,0]}},{"k":[16,3,50,47,0],"v":{"t":[0,0]}},{"k":[18,2,50,46,0],"v":{"t":[0,0]}},{"k":[16,2,50,46,0],"v":{"t":[0,0]}},{"k":[19,3,50,47,0],"v":{"t":[0,0]}},{"k":[20,3,50,47,0],"v":{"t":[0,0]}},{"k":[17,3,50,47,0],"v":{"t":[0,0]}},{"k":[19,2,50,46,0],"v":{"t":[0,0]}},{"k":[18,3,50,47,0],"v":{"t":[0,0]}},{"k":[20,2,50,46,0],"v":{"t":[0,0]}},{"k":[31,0,0,44,0],"v":{"t":[0,0]}},{"k":[30,0,0,45,0],"v":{"t":[0,0]}},{"k":[29,0,0,46,0],"v":{"t":[0,0]}},{"k":[28,0,0,47,0],"v":{"t":[0,0]}},{"k":[31,0,0,45,0],"v":{"t":[0,0]}},{"k":[30,0,0,46,0],"v":{"t":[0,0]}},{"k":[29,0,0,47,0],"v":{"t":[0,0]}},{"k":[31,0,0,42,0],"v":{"t":[0,0]}},{"k":[30,0,0,43,0],"v":{"t":[0,0]}},{"k":[29,0,0,44,0],"v":{"t":[0,0]}},{"k":[28,0,0,45,0],"v":{"t":[0,0]}},{"k":[27,0,0,46,0],"v":{"t":[0,0]}},{"k":[26,0,0,47,0],"v":{"t":[0,0]}},{"k":[31,0,0,43,0],"v":{"t":[0,0]}},{"k":[30,0,0,44,0],"v":{"t":[0,0]}},{"k":[29,0,0,45,0],"v":{"t":[0,0]}},{"k":[28,0,0,46,0],"v":{"t":[0,0]}},{"k":[27,0,0,47,0],"v":{"t":[0,0]}},{"k":[31,0,0,46,0],"v":{"t":[0,0]}},{"k":[30,0,0,47,0],"v":{"t":[0,0]}},{"k":[31,0,0,47,0],"v":{"t":[0,0]}},{"k":[31,0,0,36,0],"v":{"t":[0,0]}},{"k":[30,0,0,37,0],"v":{"t":[0,0]}},{"k":[29,0,0,38,0],"v":{"t":[0,0]}},{"k":[28,0,0,39,0],"v":{"t":[0,0]}},{"k":[27,0,0,40,0],"v":{"t":[0,0]}},{"k":[26,0,0,41,0],"v":{"t":[0,0]}},{"k":[25,0,0,42,0],"v":{"t":[0,0]}},{"k":[23,0,0,44,0],"v":{"t":[0,0]}},{"k":[22,0,0,45,0],"v":{"t":[0,0]}},{"k":[21,0,0,46,0],"v":{"t":[0,0]}},{"k":[20,0,0,47,0],"v":{"t":[0,0]}},{"k":[22,3,0,42,0],"v":{"t":[1,6]}},{"k":[23,3,0,41,0],"v":{"t":[2,6]}},{"k":[31,0,0,37,0],"v":{"t":[0,0]}},{"k":[30,0,0,38,0],"v":{"t":[0,0]}},{"k":[29,0,0,39,0],"v":{"t":[0,0]}},{"k":[28,0,0,40,0],"v":{"t":[0,0]}},{"k":[27,0,0,41,0],"v":{"t":[0,0]}},{"k":[26,0,0,42,0],"v":{"t":[0,0]}},{"k":[25,0,0,43,0],"v":{"t":[0,0]}},{"k":[24,0,0,44,0],"v":{"t":[0,0]}},{"k":[23,0,0,45,0],"v":{"t":[0,0]}},{"k":[22,0,0,46,0],"v":{"t":[0,0]}},{"k":[21,0,0,47,0],"v":{"t":[0,0]}},{"k":[23,3,0,42,0],"v":{"t":[2,6]}},{"k":[31,0,0,34,0],"v":{"t":[0,0]}},{"k":[30,0,0,35,0],"v":{"t":[0,0]}},{"k":[29,0,0,36,0],"v":{"t":[0,0]}},{"k":[28,0,0,37,0],"v":{"t":[0,0]}},{"k":[27,0,0,38,0],"v":{"t":[0,0]}},{"k":[26,0,0,39,0],"v":{"t":[0,0]}},{"k":[25,0,0,40,0],"v":{"t":[0,0]}},{"k":[21,0,0,44,0],"v":{"t":[0,0]}},{"k":[20,0,0,45,0],"v":{"t":[0,0]}},{"k":[19,0,0,46,0],"v":{"t":[0,0]}},{"k":[18,0,0,47,0],"v":{"t":[0,0]}},{"k":[20,3,0,42,0],"v":{"t":[0,6]}},{"k":[22,3,0,40,0],"v":{"t":[1,6]}},{"k":[21,3,0,41,0],"v":{"t":[1,6]}},{"k":[23,3,0,39,0],"v":{"t":[2,6]}},{"k":[31,0,0,35,0],"v":{"t":[0,0]}},{"k":[30,0,0,36,0],"v":{"t":[0,0]}},{"k":[29,0,0,37,0],"v":{"t":[0,0]}},{"k":[28,0,0,38,0],"v":{"t":[0,0]}},{"k":[27,0,0,39,0],"v":{"t":[0,0]}},{"k":[26,0,0,40,0],"v":{"t":[0,0]}},{"k":[25,0,0,41,0],"v":{"t":[0,0]}},{"k":[22,0,0,44,0],"v":{"t":[0,0]}},{"k":[21,0,0,45,0],"v":{"t":[0,0]}},{"k":[20,0,0,46,0],"v":{"t":[0,0]}},{"k":[19,0,0,47,0],"v":{"t":[0,0]}},{"k":[21,3,0,42,0],"v":{"t":[1,6]}},{"k":[22,3,0,41,0],"v":{"t":[1,6]}},{"k":[23,3,0,40,0],"v":{"t":[2,6]}},{"k":[31,0,0,40,0],"v":{"t":[0,0]}},{"k":[30,0,0,41,0],"v":{"t":[0,0]}},{"k":[29,0,0,42,0],"v":{"t":[0,0]}},{"k":[28,0,0,43,0],"v":{"t":[0,0]}},{"k":[27,0,0,44,0],"v":{"t":[0,0]}},{"k":[26,0,0,45,0],"v":{"t":[0,0]}},{"k":[25,0,0,46,0],"v":{"t":[0,0]}},{"k":[24,0,0,47,0],"v":{"t":[0,0]}},{"k":[31,0,0,41,0],"v":{"t":[0,0]}},{"k":[30,0,0,42,0],"v":{"t":[0,0]}},{"k":[29,0,0,43,0],"v":{"t":[0,0]}},{"k":[28,0,0,44,0],"v":{"t":[0,0]}},{"k":[27,0,0,45,0],"v":{"t":[0,0]}},{"k":[26,0,0,46,0],"v":{"t":[0,0]}},{"k":[25,0,0,47,0],"v":{"t":[0,0]}},{"k":[31,0,0,38,0],"v":{"t":[0,0]}},{"k":[30,0,0,39,0],"v":{"t":[0,0]}},{"k":[29,0,0,40,0],"v":{"t":[0,0]}},{"k":[28,0,0,41,0],"v":{"t":[0,0]}},{"k":[27,0,0,42,0],"v":{"t":[0,0]}},{"k":[26,0,0,43,0],"v":{"t":[0,0]}},{"k":[25,0,0,44,0],"v":{"t":[0,0]}},{"k":[24,0,0,45,0],"v":{"t":[0,0]}},{"k":[23,0,0,46,0],"v":{"t":[0,0]}},{"k":[22,0,0,47,0],"v":{"t":[0,0]}},{"k":[31,0,0,39,0],"v":{"t":[0,0]}},{"k":[30,0,0,40,0],"v":{"t":[0,0]}},{"k":[29,0,0,41,0],"v":{"t":[0,0]}},{"k":[28,0,0,42,0],"v":{"t":[0,0]}},{"k":[27,0,0,43,0],"v":{"t":[0,0]}},{"k":[26,0,0,44,0],"v":{"t":[0,0]}},{"k":[25,0,0,45,0],"v":{"t":[0,0]}},{"k":[24,0,0,46,0],"v":{"t":[0,0]}},{"k":[23,0,0,47,0],"v":{"t":[0,0]}},{"k":[27,0,0,32,0],"v":{"t":[0,0]}},{"k":[26,0,0,33,0],"v":{"t":[0,0]}},{"k":[25,0,0,34,0],"v":{"t":[0,0]}},{"k":[24,0,0,35,0],"v":{"t":[0,0]}},{"k":[23,0,0,36,0],"v":{"t":[0,0]}},{"k":[18,0,0,41,0],"v":{"t":[0,0]}},{"k":[17,0,0,42,0],"v":{"t":[0,0]}},{"k":[16,0,0,43,0],"v":{"t":[0,0]}},{"k":[28,0,0,32,0],"v":{"t":[0,0]}},{"k":[27,0,0,33,0],"v":{"t":[0,0]}},{"k":[26,0,0,34,0],"v":{"t":[0,0]}},{"k":[25,0,0,35,0],"v":{"t":[0,0]}},{"k":[24,0,0,36,0],"v":{"t":[0,0]}},{"k":[23,0,0,37,0],"v":{"t":[0,0]}},{"k":[18,0,0,42,0],"v":{"t":[0,0]}},{"k":[17,0,0,43,0],"v":{"t":[0,0]}},{"k":[16,0,0,44,0],"v":{"t":[0,0]}},{"k":[25,0,0,32,0],"v":{"t":[0,0]}},{"k":[24,0,0,33,0],"v":{"t":[0,0]}},{"k":[23,0,0,34,0],"v":{"t":[0,0]}},{"k":[20,0,0,37,0],"v":{"t":[0,0]}},{"k":[18,0,0,39,0],"v":{"t":[0,0]}},{"k":[17,0,0,40,0],"v":{"t":[0,0]}},{"k":[16,0,0,41,0],"v":{"t":[0,0]}},{"k":[26,0,0,32,0],"v":{"t":[0,0]}},{"k":[25,0,0,33,0],"v":{"t":[0,0]}},{"k":[24,0,0,34,0],"v":{"t":[0,0]}},{"k":[23,0,0,35,0],"v":{"t":[0,0]}},{"k":[18,0,0,40,0],"v":{"t":[0,0]}},{"k":[17,0,0,41,0],"v":{"t":[0,0]}},{"k":[16,0,0,42,0],"v":{"t":[0,0]}},{"k":[31,0,0,32,0],"v":{"t":[0,0]}},{"k":[30,0,0,33,0],"v":{"t":[0,0]}},{"k":[29,0,0,34,0],"v":{"t":[0,0]}},{"k":[28,0,0,35,0],"v":{"t":[0,0]}},{"k":[27,0,0,36,0],"v":{"t":[0,0]}},{"k":[26,0,0,37,0],"v":{"t":[0,0]}},{"k":[25,0,0,38,0],"v":{"t":[0,0]}},{"k":[19,0,0,44,0],"v":{"t":[0,0]}},{"k":[18,0,0,45,0],"v":{"t":[0,0]}},{"k":[17,0,0,46,0],"v":{"t":[0,0]}},{"k":[16,0,0,47,0],"v":{"t":[0,0]}},{"k":[20,3,0,40,0],"v":{"t":[0,6]}},{"k":[21,3,0,39,0],"v":{"t":[1,6]}},{"k":[31,0,0,33,0],"v":{"t":[0,0]}},{"k":[30,0,0,34,0],"v":{"t":[0,0]}},{"k":[29,0,0,35,0],"v":{"t":[0,0]}},{"k":[28,0,0,36,0],"v":{"t":[0,0]}},{"k":[27,0,0,37,0],"v":{"t":[0,0]}},{"k":[26,0,0,38,0],"v":{"t":[0,0]}},{"k":[25,0,0,39,0],"v":{"t":[0,0]}},{"k":[20,0,0,44,0],"v":{"t":[0,0]}},{"k":[19,0,0,45,0],"v":{"t":[0,0]}},{"k":[18,0,0,46,0],"v":{"t":[0,0]}},{"k":[17,0,0,47,0],"v":{"t":[0,0]}},{"k":[20,3,0,41,0],"v":{"t":[0,6]}},{"k":[22,3,0,39,0],"v":{"t":[1,6]}},{"k":[21,3,0,40,0],"v":{"t":[1,6]}},{"k":[29,0,0,32,0],"v":{"t":[0,0]}},{"k":[28,0,0,33,0],"v":{"t":[0,0]}},{"k":[27,0,0,34,0],"v":{"t":[0,0]}},{"k":[26,0,0,35,0],"v":{"t":[0,0]}},{"k":[25,0,0,36,0],"v":{"t":[0,0]}},{"k":[24,0,0,37,0],"v":{"t":[0,0]}},{"k":[18,0,0,43,0],"v":{"t":[0,0]}},{"k":[17,0,0,44,0],"v":{"t":[0,0]}},{"k":[16,0,0,45,0],"v":{"t":[0,0]}},{"k":[30,0,0,32,0],"v":{"t":[0,0]}},{"k":[29,0,0,33,0],"v":{"t":[0,0]}},{"k":[28,0,0,34,0],"v":{"t":[0,0]}},{"k":[27,0,0,35,0],"v":{"t":[0,0]}},{"k":[26,0,0,36,0],"v":{"t":[0,0]}},{"k":[25,0,0,37,0],"v":{"t":[0,0]}},{"k":[18,0,0,44,0],"v":{"t":[0,0]}},{"k":[17,0,0,45,0],"v":{"t":[0,0]}},{"k":[16,0,0,46,0],"v":{"t":[0,0]}},{"k":[20,3,0,39,0],"v":{"t":[0,6]}},{"k":[19,0,0,32,0],"v":{"t":[0,0]}},{"k":[18,0,0,33,0],"v":{"t":[0,0]}},{"k":[17,0,0,34,0],"v":{"t":[0,0]}},{"k":[16,0,0,35,0],"v":{"t":[0,0]}},{"k":[20,0,0,32,0],"v":{"t":[0,0]}},{"k":[19,0,0,33,0],"v":{"t":[0,0]}},{"k":[18,0,0,34,0],"v":{"t":[0,0]}},{"k":[17,0,0,35,0],"v":{"t":[0,0]}},{"k":[16,0,0,36,0],"v":{"t":[0,0]}},{"k":[17,0,0,32,0],"v":{"t":[0,0]}},{"k":[16,0,0,33,0],"v":{"t":[0,0]}},{"k":[18,0,0,32,0],"v":{"t":[0,0]}},{"k":[17,0,0,33,0],"v":{"t":[0,0]}},{"k":[16,0,0,34,0],"v":{"t":[0,0]}},{"k":[23,0,0,32,0],"v":{"t":[0,0]}},{"k":[20,0,0,35,0],"v":{"t":[0,0]}},{"k":[19,0,0,36,0],"v":{"t":[0,0]}},{"k":[18,0,0,37,0],"v":{"t":[0,0]}},{"k":[17,0,0,38,0],"v":{"t":[0,0]}},{"k":[16,0,0,39,0],"v":{"t":[0,0]}},{"k":[24,0,0,32,0],"v":{"t":[0,0]}},{"k":[23,0,0,33,0],"v":{"t":[0,0]}},{"k":[20,0,0,36,0],"v":{"t":[0,0]}},{"k":[19,0,0,37,0],"v":{"t":[0,0]}},{"k":[18,0,0,38,0],"v":{"t":[0,0]}},{"k":[17,0,0,39,0],"v":{"t":[0,0]}},{"k":[16,0,0,40,0],"v":{"t":[0,0]}},{"k":[20,0,0,33,0],"v":{"t":[0,0]}},{"k":[19,0,0,34,0],"v":{"t":[0,0]}},{"k":[18,0,0,35,0],"v":{"t":[0,0]}},{"k":[17,0,0,36,0],"v":{"t":[0,0]}},{"k":[16,0,0,37,0],"v":{"t":[0,0]}},{"k":[20,0,0,34,0],"v":{"t":[0,0]}},{"k":[19,0,0,35,0],"v":{"t":[0,0]}},{"k":[18,0,0,36,0],"v":{"t":[0,0]}},{"k":[17,0,0,37,0],"v":{"t":[0,0]}},{"k":[16,0,0,38,0],"v":{"t":[0,0]}},{"k":[16,0,0,32,0],"v":{"t":[0,0]}}]},"moun":{"a":[{"k":[16,0,0,46,0],"v":{"hp":50,"hs":2,"l":true,"r":true,"sid":1,"wp":31.25}},{"k":[28,0,0,47,0],"v":{"b":true,"hp":50,"hs":3,"l":true,"r":true,"sid":1,"wp":31.25}},{"k":[29,0,0,46,0],"v":{"hp":50,"hs":2,"l":true,"r":true,"sid":1,"wp":31.25}},{"k":[29,0,0,47,0],"v":{"b":true,"hp":50,"hs":3,"l":true,"r":true,"sid":1,"wp":31.25}},{"k":[30,0,0,46,0],"v":{"hp":50,"hs":2,"l":true,"r":true,"sid":1,"wp":31.25}},{"k":[26,0,0,47,0],"v":{"b":true,"hp":50,"hs":3,"l":true,"r":true,"sid":1,"wp":31.25}},{"k":[27,0,0,46,0],"v":{"hp":50,"hs":2,"l":true,"r":true,"sid":1,"wp":31.25}},{"k":[27,0,0,47,0],"v":{"b":true,"hp":50,"hs":3,"l":true,"r":true,"sid":1,"wp":31.25}},{"k":[28,0,0,46,0],"v":{"hp":50,"hs":2,"l":true,"r":true,"sid":1,"wp":31.25}},{"k":[30,0,0,47,0],"v":{"b":true,"hp":50,"hs":3,"l":true,"r":true,"sid":1,"wp":31.25}},{"k":[31,0,0,46,0],"v":{"hp":50,"hs":2,"l":true,"r":true,"sid":1,"wp":31.25}},{"k":[31,0,0,47,0],"v":{"b":true,"hp":50,"hs":3,"l":true,"r":true,"sid":1,"wp":31.25}},{"k":[20,0,0,47,0],"v":{"b":true,"hp":50,"hs":3,"l":true,"sid":1,"wp":31.25}},{"k":[18,0,0,47,0],"v":{"b":true,"hp":50,"hs":3,"l":true,"r":true,"sid":1,"wp":31.25}},{"k":[19,0,0,46,0],"v":{"hp":50,"hs":2,"l":true,"r":true,"sid":1,"wp":31.25}},{"k":[19,0,0,47,0],"v":{"b":true,"hp":50,"hs":3,"l":true,"r":true,"sid":1,"wp":31.25}},{"k":[20,0,0,46,0],"v":{"hp":50,"hs":2,"l":true,"sid":1,"wp":31.25}},{"k":[24,0,0,47,0],"v":{"b":true,"hp":50,"hs":3,"l":true,"r":true,"sid":1,"wp":31.25}},{"k":[25,0,0,46,0],"v":{"hp":50,"hs":2,"l":true,"r":true,"sid":1,"wp":31.25}},{"k":[25,0,0,47,0],"v":{"b":true,"hp":50,"hs":3,"l":true,"r":true,"sid":1,"wp":31.25}},{"k":[26,0,0,46,0],"v":{"hp":50,"hs":2,"l":true,"r":true,"sid":1,"wp":31.25}},{"k":[23,0,0,46,0],"v":{"hp":50,"hs":2,"r":true,"sid":1,"wp":31.25}},{"k":[23,0,0,47,0],"v":{"b":true,"hp":50,"hs":3,"r":true,"sid":1,"wp":31.25}},{"k":[24,0,0,46,0],"v":{"hp":50,"hs":2,"l":true,"r":true,"sid":1,"wp":31.25}},{"k":[16,0,0,47,0],"v":{"b":true,"hp":50,"hs":3,"l":true,"r":true,"sid":1,"wp":31.25}},{"k":[17,0,0,46,0],"v":{"hp":50,"hs":2,"l":true,"r":true,"sid":1,"wp":31.25}},{"k":[17,0,0,47,0],"v":{"b":true,"hp":50,"hs":3,"l":true,"r":true,"sid":1,"wp":31.25}},{"k":[18,0,0,46,0],"v":{"hp":50,"hs":2,"l":true,"r":true,"sid":1,"wp":31.25}}],"o":[[15,0,0,47,0],[27,0,0,48,0],[28,0,0,48,0],[25,0,0,48,0],[26,0,0,48,0],[31,0,0,48,0],[32,0,0,47,0],[32,0,0,48,0],[29,0,0,48,0],[30,0,0,48,0],[32,0,0,46,0],[19,0,0,48,0],[20,0,0,48,0],[17,0,0,48,0],[18,0,0,48,0],[23,0,0,48,0],[24,0,0,48,0],[15,0,0,48,0],[16,0,0,48,0],[15,0,0,46,0]]},"objs":{"list":[]},"objs3d":{"a":[{"k":[23,0,0,42,0],"v":{"did":97}},{"k":[23,0,0,41,0],"v":{"did":91}},{"k":[20,0,0,42,0],"v":{"did":76}}],"o":[]},"sprites":{"list":[{"k":[27,0,0,32,0],"v":{"f":false,"k":4,"t":[7,8,1,1]}},{"k":[26,0,0,33,0],"v":{"f":false,"k":4,"t":[6,8,1,1]}},{"k":[17,0,0,42,0],"v":{"f":false,"k":4,"t":[6,8,1,1]}},{"k":[25,0,0,34,0],"v":{"f":false,"k":4,"t":[7,7,1,1]}},{"k":[19,0,0,40,0],"v":{"k":4,"t":[6,6,1,1]}},{"k":[27,0,0,33,0],"v":{"f":false,"k":4,"t":[7,8,1,1]}},{"k":[28,0,0,32,0],"v":{"f":false,"k":4,"t":[6,8,1,1]}},{"k":[25,0,0,35,0],"v":{"f":false,"k":4,"t":[7,7,1,1]}},{"k":[19,0,0,41,0],"v":{"f":false,"k":4,"t":[6,6,1,1]}},{"k":[18,0,0,39,0],"v":{"f":false,"k":4,"t":[3,5,1,1]}},{"k":[16,0,0,41,0],"v":{"f":false,"k":4,"t":[6,8,1,1]}},{"k":[19,0,0,38,0],"v":{"k":4,"t":[6,6,1,1]}},{"k":[17,0,0,41,0],"v":{"f":false,"k":4,"t":[6,8,1,1]}},{"k":[24,0,0,34,0],"v":{"f":false,"k":4,"t":[5,5,1,1]}},{"k":[19,0,0,39,0],"v":{"k":4,"t":[6,6,1,1]}},{"k":[20,0,0,38,0],"v":{"f":false,"k":4,"t":[3,6,1,1]}},{"k":[31,0,0,32,0],"v":{"f":false,"k":4,"t":[7,8,1,1]}},{"k":[30,0,0,33,0],"v":{"f":false,"k":4,"t":[7,8,1,1]}},{"k":[20,0,0,43,0],"v":{"k":4,"t":[6,6,1,1]}},{"k":[24,0,0,39,0],"v":{"k":4,"t":[6,6,1,1]}},{"k":[25,0,0,39,0],"v":{"f":false,"k":4,"t":[4,5,1,1]}},{"k":[31,0,0,33,0],"v":{"f":false,"k":4,"t":[7,8,1,1]}},{"k":[29,0,0,35,0],"v":{"f":false,"k":4,"t":[7,8,1,1]}},{"k":[30,0,0,34,0],"v":{"f":false,"k":4,"t":[7,8,1,1]}},{"k":[21,0,0,43,0],"v":{"k":4,"t":[6,6,1,1]}},{"k":[24,0,0,40,0],"v":{"k":4,"t":[6,6,1,1]}},{"k":[27,0,0,34,0],"v":{"f":false,"k":4,"t":[0,8,2,3]}},{"k":[28,0,0,33,0],"v":{"f":false,"k":4,"t":[7,8,1,1]}},{"k":[25,0,0,36,0],"v":{"f":false,"k":4,"t":[7,7,1,1]}},{"k":[19,0,0,42,0],"v":{"f":false,"k":4,"t":[6,6,1,1]}},{"k":[23,0,0,38,0],"v":{"f":false,"k":4,"t":[3,6,1,1]}},{"k":[30,0,0,32,0],"v":{"f":false,"k":4,"t":[7,8,1,1]}},{"k":[29,0,0,33,0],"v":{"f":false,"k":4,"t":[7,8,1,1]}},{"k":[25,0,0,37,0],"v":{"f":false,"k":4,"t":[7,7,1,1]}},{"k":[19,0,0,43,0],"v":{"f":false,"k":4,"t":[6,6,1,1]}},{"k":[24,0,0,38,0],"v":{"k":4,"t":[6,6,1,1]}},{"k":[26,0,0,36,0],"v":{"f":false,"k":4,"t":[2,3,1,1]}},{"k":[18,0,0,33,0],"v":{"f":false,"k":4,"t":[0,8,2,3]}},{"k":[16,0,0,35,0],"v":{"f":false,"k":4,"t":[7,8,1,1]}},{"k":[19,0,0,32,0],"v":{"f":false,"k":4,"t":[5,5,1,1]}},{"k":[17,0,0,35,0],"v":{"f":false,"k":4,"t":[7,8,1,1]}},{"k":[16,0,0,34,0],"v":{"f":false,"k":4,"t":[7,8,1,1]}},{"k":[17,0,0,38,0],"v":{"f":false,"k":4,"t":[6,8,1,1]}},{"k":[16,0,0,39,0],"v":{"f":false,"k":4,"t":[6,8,1,1]}},{"k":[18,0,0,37,0],"v":{"f":false,"k":4,"t":[7,7,1,1]}},{"k":[16,0,0,40,0],"v":{"f":false,"k":4,"t":[6,8,1,1]}},{"k":[17,0,0,36,0],"v":{"f":false,"k":4,"t":[7,7,1,1]}},{"k":[16,0,0,37,0],"v":{"f":false,"k":4,"t":[5,5,1,1]}},{"k":[17,0,0,37,0],"v":{"f":false,"k":4,"t":[6,8,1,1]}},{"k":[16,0,0,38,0],"v":{"f":false,"k":4,"t":[6,8,1,1]}},{"k":[31,0,0,44,0],"v":{"f":false,"k":4,"t":[7,7,1,1]}},{"k":[28,0,0,45,0],"v":{"f":false,"k":4,"t":[7,7,1,1]}},{"k":[28,0,0,46,0],"v":{"f":false,"k":4,"t":[7,7,1,1]}},{"k":[31,0,0,43,0],"v":{"f":false,"k":4,"t":[7,7,1,1]}},{"k":[33,0,0,44,0],"v":{"f":false,"k":4,"t":[7,7,1,1]}},{"k":[28,0,0,39,0],"v":{"f":false,"k":4,"t":[0,8,2,3]}},{"k":[24,0,0,43,0],"v":{"k":4,"t":[6,6,1,1]}},{"k":[26,0,0,42,0],"v":{"f":false,"k":4,"t":[7,7,1,1]}},{"k":[29,0,0,36,0],"v":{"f":false,"k":4,"t":[7,8,1,1]}},{"k":[30,0,0,35,0],"v":{"f":false,"k":4,"t":[7,8,1,1]}},{"k":[31,0,0,34,0],"v":{"f":false,"k":4,"t":[7,8,1,1]}},{"k":[27,0,0,38,0],"v":{"f":false,"k":4,"t":[4,8,1,1]}},{"k":[22,0,0,43,0],"v":{"k":4,"t":[6,6,1,1]}},{"k":[24,0,0,41,0],"v":{"k":4,"t":[6,6,1,1]}},{"k":[30,0,0,36,0],"v":{"f":false,"k":4,"t":[7,8,1,1]}},{"k":[29,0,0,37,0],"v":{"f":false,"k":4,"t":[5,5,1,1]}},{"k":[23,0,0,43,0],"v":{"k":4,"t":[6,6,1,1]}},{"k":[24,0,0,42,0],"v":{"f":false,"k":4,"t":[6,6,1,1]}},{"k":[31,0,0,35,0],"v":{"f":false,"k":4,"t":[3,3,1,1]}},{"k":[28,0,0,44,0],"v":{"f":false,"k":4,"t":[7,7,1,1]}},{"k":[26,0,0,43,0],"v":{"f":false,"k":4,"t":[7,7,1,1]}},{"k":[27,0,0,43,0],"v":{"f":false,"k":4,"t":[7,7,1,1]}}],"overflow":[[32,0,0,34,0]],"walls":[{"k":[20,0,0,39,0,0,50,90],"v":{"k":2,"w":15}},{"k":[20,0,0,40,0,0,50,90],"v":{"k":1,"w":15}},{"k":[22,0,0,39,0,50,0,0],"v":{"k":2,"w":11}},{"k":[24,0,0,39,0,0,50,90],"v":{"k":2,"w":15}},{"k":[23,0,0,39,0,50,0,0],"v":{"k":3,"w":15}},{"k":[24,0,0,40,0,0,50,90],"v":{"k":1,"w":15}},{"k":[20,0,0,39,0,50,0,0],"v":{"k":3,"w":15}},{"k":[20,0,0,41,0,0,50,90],"v":{"k":1,"w":15}},{"k":[21,0,0,39,0,50,0,0],"v":{"k":0,"w":11}},{"k":[20,0,0,42,0,0,50,90],"v":{"k":0,"w":15}},{"k":[22,0,0,43,0,50,0,0],"v":{"k":1,"w":15}},{"k":[23,0,0,43,0,50,0,0],"v":{"k":2,"w":15}},{"k":[20,0,0,43,0,50,0,0],"v":{"k":0,"w":15}},{"k":[21,0,0,43,0,50,0,0],"v":{"k":1,"w":15}},{"k":[24,0,0,41,0,0,50,90],"v":{"k":1,"w":15}},{"k":[24,0,0,42,0,0,50,90],"v":{"k":0,"w":15}}]}}