{"lands":{"autotiles":[],"floors":[{"k":[30,5,0,49,0],"v":{"t":[0,0]}},{"k":[27,5,0,49,0],"v":{"t":[0,0]}},{"k":[28,5,0,49,0],"v":{"t":[0,0]}},{"k":[31,5,0,49,0],"v":{"t":[0,0]}},{"k":[27,0,0,48,0],"v":{"t":[0,0]}},{"k":[26,0,0,49,0],"v":{"t":[0,0]}},{"k":[28,0,0,48,0],"v":{"t":[0,0]}},{"k":[27,0,0,49,0],"v":{"t":[0,0]}},{"k":[25,0,0,48,0],"v":{"t":[0,0]}},{"k":[24,0,0,49,0],"v":{"t":[0,0]}},{"k":[19,5,0,49,0],"v":{"t":[0,0]}},{"k":[26,0,0,48,0],"v":{"t":[0,0]}},{"k":[25,0,0,49,0],"v":{"t":[0,0]}},{"k":[20,5,0,49,0],"v":{"t":[0,0]}},{"k":[31,0,0,48,0],"v":{"t":[0,0]}},{"k":[30,0,0,49,0],"v":{"t":[0,0]}},{"k":[25,5,0,49,0],"v":{"t":[0,0]}},{"k":[31,0,0,49,0],"v":{"t":[0,0]}},{"k":[26,5,0,49,0],"v":{"t":[0,0]}},{"k":[29,0,0,48,0],"v":{"t":[0,0]}},{"k":[28,0,0,49,0],"v":{"t":[0,0]}},{"k":[23,5,0,49,0],"v":{"t":[0,0]}},{"k":[30,0,0,48,0],"v":{"t":[0,0]}},{"k":[29,0,0,49,0],"v":{"t":[0,0]}},{"k":[24,5,0,49,0],"v":{"t":[0,0]}},{"k":[19,0,0,48,0],"v":{"t":[0,0]}},{"k":[18,0,0,49,0],"v":{"t":[0,0]}},{"k":[20,0,0,48,0],"v":{"t":[0,0]}},{"k":[19,0,0,49,0],"v":{"t":[0,0]}},{"k":[17,0,0,48,0],"v":{"t":[0,0]}},{"k":[16,0,0,49,0],"v":{"t":[0,0]}},{"k":[30,3,50,48,0],"v":{"t":[0,0]}},{"k":[18,0,0,48,0],"v":{"t":[0,0]}},{"k":[17,0,0,49,0],"v":{"t":[0,0]}},{"k":[23,0,0,48,0],"v":{"t":[0,0]}},{"k":[22,0,0,49,0],"v":{"t":[0,0]}},{"k":[17,5,0,49,0],"v":{"t":[0,0]}},{"k":[31,3,50,48,0],"v":{"t":[0,0]}},{"k":[24,0,0,48,0],"v":{"t":[0,0]}},{"k":[23,0,0,49,0],"v":{"t":[0,0]}},{"k":[18,5,0,49,0],"v":{"t":[0,0]}},{"k":[28,3,50,48,0],"v":{"t":[0,0]}},{"k":[21,0,0,48,0],"v":{"t":[0,0]}},{"k":[20,0,0,49,0],"v":{"t":[0,0]}},{"k":[29,3,50,48,0],"v":{"t":[0,0]}},{"k":[22,0,0,48,0],"v":{"t":[0,0]}},{"k":[21,0,0,49,0],"v":{"t":[0,0]}},{"k":[16,5,0,49,0],"v":{"t":[0,0]}},{"k":[23,3,50,48,0],"v":{"t":[0,0]}},{"k":[20,3,50,48,0],"v":{"t":[0,0]}},{"k":[16,0,0,48,0],"v":{"t":[0,0]}},{"k":[26,3,50,48,0],"v":{"t":[0,0]}},{"k":[27,3,50,48,0],"v":{"t":[0,0]}},{"k":[24,3,50,48,0],"v":{"t":[0,0]}},{"k":[25,3,50,48,0],"v":{"t":[0,0]}},{"k":[18,3,50,48,0],"v":{"t":[0,0]}},{"k":[19,3,50,48,0],"v":{"t":[0,0]}},{"k":[16,3,50,48,0],"v":{"t":[0,0]}},{"k":[17,3,50,48,0],"v":{"t":[0,0]}},{"k":[29,5,0,49,0],"v":{"t":[0,0]}}]},"moun":{"a":[{"k":[26,0,0,49,0],"v":{"hs":5,"l":true,"r":true,"sid":1,"wp":31.25}},{"k":[27,0,0,48,0],"v":{"hp":50,"hs":3,"l":true,"r":true,"sid":1,"t":true,"wp":31.25}},{"k":[27,0,0,49,0],"v":{"hs":5,"l":true,"r":true,"sid":1,"wp":31.25}},{"k":[28,0,0,48,0],"v":{"hp":50,"hs":3,"l":true,"r":true,"sid":1,"t":true,"wp":31.25}},{"k":[24,0,0,49,0],"v":{"hs":5,"l":true,"r":true,"sid":1,"wp":31.25}},{"k":[25,0,0,48,0],"v":{"hp":50,"hs":3,"l":true,"r":true,"sid":1,"t":true,"wp":31.25}},{"k":[25,0,0,49,0],"v":{"hs":5,"l":true,"r":true,"sid":1,"wp":31.25}},{"k":[26,0,0,48,0],"v":{"hp":50,"hs":3,"l":true,"r":true,"sid":1,"t":true,"wp":31.25}},{"k":[30,0,0,49,0],"v":{"hs":5,"l":true,"r":true,"sid":1,"wp":31.25}},{"k":[31,0,0,48,0],"v":{"hp":50,"hs":3,"l":true,"r":true,"sid":1,"t":true,"wp":31.25}},{"k":[31,0,0,49,0],"v":{"hs":5,"l":true,"r":true,"sid":1,"wp":31.25}},{"k":[28,0,0,49,0],"v":{"hs":5,"l":true,"r":true,"sid":1,"wp":31.25}},{"k":[29,0,0,48,0],"v":{"hp":50,"hs":3,"l":true,"r":true,"sid":1,"t":true,"wp":31.25}},{"k":[29,0,0,49,0],"v":{"hs":5,"l":true,"r":true,"sid":1,"wp":31.25}},{"k":[30,0,0,48,0],"v":{"hp":50,"hs":3,"l":true,"r":true,"sid":1,"t":true,"wp":31.25}},{"k":[18,0,0,49,0],"v":{"hs":5,"l":true,"r":true,"sid":1,"wp":31.25}},{"k":[19,0,0,48,0],"v":{"hp":50,"hs":3,"l":true,"r":true,"sid":1,"t":true,"wp":31.25}},{"k":[19,0,0,49,0],"v":{"hs":5,"l":true,"r":true,"sid":1,"wp":31.25}},{"k":[20,0,0,48,0],"v":{"hp":50,"hs":3,"l":true,"sid":1,"t":true,"wp":31.25}},{"k":[16,0,0,49,0],"v":{"hs":5,"l":true,"r":true,"sid":1,"wp":31.25}},{"k":[17,0,0,48,0],"v":{"hp":50,"hs":3,"l":true,"r":true,"sid":1,"t":true,"wp":31.25}},{"k":[17,0,0,49,0],"v":{"hs":5,"l":true,"r":true,"sid":1,"wp":31.25}},{"k":[18,0,0,48,0],"v":{"hp":50,"hs":3,"l":true,"r":true,"sid":1,"t":true,"wp":31.25}},{"k":[23,0,0,48,0],"v":{"hp":50,"hs":3,"r":true,"sid":1,"t":true,"wp":31.25}},{"k":[23,0,0,49,0],"v":{"hs":5,"r":true,"sid":1,"wp":31.25}},{"k":[24,0,0,48,0],"v":{"hp":50,"hs":3,"l":true,"r":true,"sid":1,"t":true,"wp":31.25}},{"k":[20,0,0,49,0],"v":{"hs":5,"l":true,"sid":1,"wp":31.25}},{"k":[16,0,0,48,0],"v":{"hp":50,"hs":3,"l":true,"r":true,"sid":1,"t":true,"wp":31.25}}],"o":[]},"objs":{"list":[{"k":[22,0,0,49,0],"v":{"events":[{"id":2,"name":"Hero touch","p":[],"r":{"1":{"bh":true,"c":[{"command":[7,0,0,6,1,0,0,24,0,0,0],"kind":20}]}},"sys":false}],"hId":-1,"id":10,"name":"OBJ0006","ooepf":false,"states":[{"cam":true,"climb":false,"dir":false,"gid":-1,"gk":0,"id":1,"move":true,"name":"State 1","pix":true,"pos":false,"stop":false,"sx":{"k":12,"v":1},"sy":{"k":12,"v":1},"sz":{"k":12,"v":1},"through":false,"x":0,"y":0}]}},{"k":[21,0,0,49,0],"v":{"events":[{"id":2,"name":"Hero touch","p":[],"r":{"1":{"bh":true,"c":[{"command":[7,0,0,6,1,0,0,24,0,0,0],"kind":20}]}},"sys":false}],"hId":-1,"id":6,"name":"OBJ0006","ooepf":false,"states":[{"cam":true,"climb":false,"dir":false,"gid":-1,"gk":0,"id":1,"move":true,"name":"State 1","pix":true,"pos":false,"stop":false,"sx":{"k":12,"v":1},"sy":{"k":12,"v":1},"sz":{"k":12,"v":1},"through":false,"x":0,"y":0}]}}]},"objs3d":{"a":[],"o":[]},"sprites":{"list":[],"overflow":[],"walls":[{"k":[21,0,0,49,0,50,100,0],"v":{"k":0,"w":1}},{"k":[22,0,0,49,0,50,100,0],"v":{"k":2,"w":1}}]}}