{"lands":{"autotiles":[{"k":[26,0,0,28,0],"v":{"id":1,"t":[1,0],"tid":324}},{"k":[27,0,0,27,0],"v":{"id":1,"t":[1,0],"tid":471}},{"k":[22,0,0,31,0],"v":{"id":1,"t":[1,0],"tid":370}},{"k":[25,0,0,28,0],"v":{"id":1,"t":[1,0],"tid":324}},{"k":[26,0,0,27,0],"v":{"id":1,"t":[1,0],"tid":471}},{"k":[28,0,0,28,0],"v":{"id":1,"t":[1,0],"tid":324}},{"k":[29,0,0,27,0],"v":{"id":1,"t":[1,0],"tid":471}},{"k":[27,0,0,28,0],"v":{"id":1,"t":[1,0],"tid":324}},{"k":[28,0,0,27,0],"v":{"id":1,"t":[1,0],"tid":471}},{"k":[21,0,0,29,0],"v":{"id":1,"t":[1,0],"tid":584}},{"k":[22,0,0,28,0],"v":{"id":1,"t":[1,0],"tid":316}},{"k":[23,0,0,27,0],"v":{"id":1,"t":[1,0],"tid":471}},{"k":[30,0,0,20,0],"v":{"id":1,"t":[1,0],"tid":520}},{"k":[31,0,0,19,0],"v":{"id":1,"t":[4,1],"tid":570}},{"k":[21,0,0,28,0],"v":{"id":1,"t":[1,0],"tid":584}},{"k":[22,0,0,27,0],"v":{"id":1,"t":[1,0],"tid":268}},{"k":[30,0,0,19,0],"v":{"id":1,"t":[1,0],"tid":636}},{"k":[31,0,0,18,0],"v":{"id":1,"t":[4,1],"tid":584}},{"k":[21,0,0,31,0],"v":{"id":1,"t":[1,0],"tid":584}},{"k":[22,0,0,30,0],"v":{"id":1,"t":[1,0],"tid":370}},{"k":[24,0,0,28,0],"v":{"id":1,"t":[1,0],"tid":324}},{"k":[25,0,0,27,0],"v":{"id":1,"t":[1,0],"tid":471}},{"k":[21,0,0,30,0],"v":{"id":1,"t":[1,0],"tid":584}},{"k":[22,0,0,29,0],"v":{"id":1,"t":[1,0],"tid":370}},{"k":[23,0,0,28,0],"v":{"id":1,"t":[1,0],"tid":324}},{"k":[24,0,0,27,0],"v":{"id":1,"t":[1,0],"tid":471}},{"k":[31,0,0,20,0],"v":{"id":1,"t":[1,0],"tid":477}},{"k":[21,0,0,25,0],"v":{"id":1,"t":[1,0],"tid":584}},{"k":[22,0,0,24,0],"v":{"id":1,"t":[1,0],"tid":370}},{"k":[30,0,0,16,0],"v":{"id":1,"t":[1,0],"tid":306}},{"k":[22,0,0,23,0],"v":{"id":1,"t":[1,0],"tid":370}},{"k":[21,0,0,24,0],"v":{"id":1,"t":[1,0],"tid":308}},{"k":[29,0,0,16,0],"v":{"id":1,"t":[1,0],"tid":324}},{"k":[21,0,0,27,0],"v":{"id":1,"t":[1,0],"tid":584}},{"k":[22,0,0,26,0],"v":{"id":1,"t":[1,0],"tid":370}},{"k":[30,0,0,18,0],"v":{"id":1,"t":[1,0],"tid":636}},{"k":[31,0,0,17,0],"v":{"id":1,"t":[4,1],"tid":225}},{"k":[21,0,0,26,0],"v":{"id":1,"t":[1,0],"tid":584}},{"k":[22,0,0,25,0],"v":{"id":1,"t":[1,0],"tid":370}},{"k":[31,0,0,16,0],"v":{"id":1,"t":[1,0],"tid":324}},{"k":[30,0,0,17,0],"v":{"id":1,"t":[1,0],"tid":636}},{"k":[25,0,0,17,0],"v":{"id":1,"t":[1,0],"tid":370}},{"k":[22,0,0,20,0],"v":{"id":1,"t":[1,0],"tid":370}},{"k":[21,0,0,21,0],"v":{"id":1,"t":[1,0],"tid":584}},{"k":[24,0,0,18,0],"v":{"id":1,"t":[1,0],"tid":62}},{"k":[23,0,0,19,0],"v":{"id":1,"t":[1,0],"tid":324}},{"k":[26,0,0,16,0],"v":{"id":1,"t":[1,0],"tid":324}},{"k":[18,0,0,24,0],"v":{"id":1,"t":[1,0],"tid":324}},{"k":[19,0,0,23,0],"v":{"id":1,"t":[1,0],"tid":471}},{"k":[24,0,0,17,0],"v":{"id":1,"t":[1,0],"tid":584}},{"k":[25,0,0,16,0],"v":{"id":1,"t":[1,0],"tid":316}},{"k":[21,0,0,20,0],"v":{"id":1,"t":[1,0],"tid":584}},{"k":[22,0,0,19,0],"v":{"id":1,"t":[1,0],"tid":316}},{"k":[23,0,0,18,0],"v":{"id":1,"t":[1,0],"tid":471}},{"k":[17,0,0,24,0],"v":{"id":1,"t":[1,0],"tid":324}},{"k":[18,0,0,23,0],"v":{"id":1,"t":[1,0],"tid":471}},{"k":[22,0,0,22,0],"v":{"id":1,"t":[1,0],"tid":370}},{"k":[21,0,0,23,0],"v":{"id":1,"t":[1,0],"tid":62}},{"k":[25,0,0,19,0],"v":{"id":1,"t":[1,0],"tid":372}},{"k":[28,0,0,16,0],"v":{"id":1,"t":[1,0],"tid":324}},{"k":[20,0,0,24,0],"v":{"id":1,"t":[1,0],"tid":324}},{"k":[22,0,0,21,0],"v":{"id":1,"t":[1,0],"tid":370}},{"k":[21,0,0,22,0],"v":{"id":1,"t":[1,0],"tid":584}},{"k":[25,0,0,18,0],"v":{"id":1,"t":[1,0],"tid":370}},{"k":[24,0,0,19,0],"v":{"id":1,"t":[1,0],"tid":324}},{"k":[27,0,0,16,0],"v":{"id":1,"t":[1,0],"tid":324}},{"k":[19,0,0,24,0],"v":{"id":1,"t":[1,0],"tid":324}},{"k":[20,0,0,23,0],"v":{"id":1,"t":[1,0],"tid":471}},{"k":[24,0,0,16,0],"v":{"id":1,"t":[1,0],"tid":584}},{"k":[21,0,0,19,0],"v":{"id":1,"t":[1,0],"tid":584}},{"k":[22,0,0,18,0],"v":{"id":1,"t":[1,0],"tid":471}},{"k":[16,0,0,24,0],"v":{"id":1,"t":[1,0],"tid":324}},{"k":[17,0,0,23,0],"v":{"id":1,"t":[1,0],"tid":471}},{"k":[21,0,0,18,0],"v":{"id":1,"t":[1,0],"tid":225}},{"k":[16,0,0,23,0],"v":{"id":1,"t":[1,0],"tid":471}},{"k":[30,0,0,28,0],"v":{"id":1,"t":[1,0],"tid":324}},{"k":[31,0,0,27,0],"v":{"id":1,"t":[1,0],"tid":471}},{"k":[29,0,0,28,0],"v":{"id":1,"t":[1,0],"tid":324}},{"k":[30,0,0,27,0],"v":{"id":1,"t":[1,0],"tid":471}},{"k":[31,0,0,28,0],"v":{"id":1,"t":[1,0],"tid":324}}],"floors":[{"k":[31,0,0,23,0],"v":{"t":[0,0]}},{"k":[30,0,0,24,0],"v":{"t":[0,0]}},{"k":[29,0,0,25,0],"v":{"t":[0,0]}},{"k":[28,0,0,26,0],"v":{"t":[0,0]}},{"k":[25,0,0,29,0],"v":{"t":[0,0]}},{"k":[24,0,0,30,0],"v":{"t":[0,0]}},{"k":[23,0,0,31,0],"v":{"t":[0,0]}},{"k":[31,0,0,22,0],"v":{"t":[0,0]}},{"k":[30,0,0,23,0],"v":{"t":[0,0]}},{"k":[29,0,0,24,0],"v":{"t":[0,0]}},{"k":[28,0,0,25,0],"v":{"t":[0,0]}},{"k":[27,0,0,26,0],"v":{"t":[0,0]}},{"k":[24,0,0,29,0],"v":{"t":[0,0]}},{"k":[23,0,0,30,0],"v":{"t":[0,0]}},{"k":[31,3,0,19,0],"v":{"t":[0,6]}},{"k":[31,0,0,25,0],"v":{"t":[0,0]}},{"k":[30,0,0,26,0],"v":{"t":[0,0]}},{"k":[27,0,0,29,0],"v":{"t":[0,0]}},{"k":[26,0,0,30,0],"v":{"t":[0,0]}},{"k":[25,0,0,31,0],"v":{"t":[0,0]}},{"k":[31,0,0,24,0],"v":{"t":[0,0]}},{"k":[30,0,0,25,0],"v":{"t":[0,0]}},{"k":[29,0,0,26,0],"v":{"t":[0,0]}},{"k":[26,0,0,29,0],"v":{"t":[0,0]}},{"k":[25,0,0,30,0],"v":{"t":[0,0]}},{"k":[24,0,0,31,0],"v":{"t":[0,0]}},{"k":[29,0,0,21,0],"v":{"t":[0,0]}},{"k":[28,0,0,22,0],"v":{"t":[0,0]}},{"k":[27,0,0,23,0],"v":{"t":[0,0]}},{"k":[26,0,0,24,0],"v":{"t":[0,0]}},{"k":[25,0,0,25,0],"v":{"t":[0,0]}},{"k":[24,0,0,26,0],"v":{"t":[0,0]}},{"k":[20,0,0,30,0],"v":{"t":[0,0]}},{"k":[19,0,0,31,0],"v":{"t":[0,0]}},{"k":[29,0,0,20,0],"v":{"t":[0,0]}},{"k":[28,0,0,21,0],"v":{"t":[0,0]}},{"k":[27,0,0,22,0],"v":{"t":[0,0]}},{"k":[26,0,0,23,0],"v":{"t":[0,0]}},{"k":[25,0,0,24,0],"v":{"t":[0,0]}},{"k":[24,0,0,25,0],"v":{"t":[0,0]}},{"k":[20,0,0,29,0],"v":{"t":[0,0]}},{"k":[19,0,0,30,0],"v":{"t":[0,0]}},{"k":[18,0,0,31,0],"v":{"t":[0,0]}},{"k":[23,0,0,26,0],"v":{"t":[0,0]}},{"k":[31,0,0,21,0],"v":{"t":[0,0]}},{"k":[30,0,0,22,0],"v":{"t":[0,0]}},{"k":[29,0,0,23,0],"v":{"t":[0,0]}},{"k":[28,0,0,24,0],"v":{"t":[0,0]}},{"k":[27,0,0,25,0],"v":{"t":[0,0]}},{"k":[26,0,0,26,0],"v":{"t":[0,0]}},{"k":[23,0,0,29,0],"v":{"t":[0,0]}},{"k":[31,3,0,18,0],"v":{"t":[0,6]}},{"k":[30,0,0,21,0],"v":{"t":[0,0]}},{"k":[29,0,0,22,0],"v":{"t":[0,0]}},{"k":[28,0,0,23,0],"v":{"t":[0,0]}},{"k":[27,0,0,24,0],"v":{"t":[0,0]}},{"k":[26,0,0,25,0],"v":{"t":[0,0]}},{"k":[25,0,0,26,0],"v":{"t":[0,0]}},{"k":[20,0,0,31,0],"v":{"t":[0,0]}},{"k":[31,3,0,17,0],"v":{"t":[0,6]}},{"k":[29,0,0,17,0],"v":{"t":[0,0]}},{"k":[28,0,0,18,0],"v":{"t":[0,0]}},{"k":[27,0,0,19,0],"v":{"t":[0,0]}},{"k":[26,0,0,20,0],"v":{"t":[0,0]}},{"k":[25,0,0,21,0],"v":{"t":[0,0]}},{"k":[24,0,0,22,0],"v":{"t":[0,0]}},{"k":[23,0,0,23,0],"v":{"t":[0,0]}},{"k":[19,0,0,27,0],"v":{"t":[0,0]}},{"k":[18,0,0,28,0],"v":{"t":[0,0]}},{"k":[17,0,0,29,0],"v":{"t":[0,0]}},{"k":[16,0,0,30,0],"v":{"t":[0,0]}},{"k":[20,0,0,26,0],"v":{"t":[0,0]}},{"k":[28,0,0,17,0],"v":{"t":[0,0]}},{"k":[27,0,0,18,0],"v":{"t":[0,0]}},{"k":[26,0,0,19,0],"v":{"t":[0,0]}},{"k":[25,0,0,20,0],"v":{"t":[0,0]}},{"k":[24,0,0,21,0],"v":{"t":[0,0]}},{"k":[23,0,0,22,0],"v":{"t":[0,0]}},{"k":[20,0,0,25,0],"v":{"t":[0,0]}},{"k":[19,0,0,26,0],"v":{"t":[0,0]}},{"k":[18,0,0,27,0],"v":{"t":[0,0]}},{"k":[17,0,0,28,0],"v":{"t":[0,0]}},{"k":[16,0,0,29,0],"v":{"t":[0,0]}},{"k":[29,0,0,19,0],"v":{"t":[0,0]}},{"k":[28,0,0,20,0],"v":{"t":[0,0]}},{"k":[27,0,0,21,0],"v":{"t":[0,0]}},{"k":[26,0,0,22,0],"v":{"t":[0,0]}},{"k":[25,0,0,23,0],"v":{"t":[0,0]}},{"k":[24,0,0,24,0],"v":{"t":[0,0]}},{"k":[19,0,0,29,0],"v":{"t":[0,0]}},{"k":[18,0,0,30,0],"v":{"t":[0,0]}},{"k":[17,0,0,31,0],"v":{"t":[0,0]}},{"k":[20,0,0,28,0],"v":{"t":[0,0]}},{"k":[23,0,0,25,0],"v":{"t":[0,0]}},{"k":[29,0,0,18,0],"v":{"t":[0,0]}},{"k":[28,0,0,19,0],"v":{"t":[0,0]}},{"k":[27,0,0,20,0],"v":{"t":[0,0]}},{"k":[26,0,0,21,0],"v":{"t":[0,0]}},{"k":[25,0,0,22,0],"v":{"t":[0,0]}},{"k":[24,0,0,23,0],"v":{"t":[0,0]}},{"k":[19,0,0,28,0],"v":{"t":[0,0]}},{"k":[18,0,0,29,0],"v":{"t":[0,0]}},{"k":[17,0,0,30,0],"v":{"t":[0,0]}},{"k":[16,0,0,31,0],"v":{"t":[0,0]}},{"k":[20,0,0,27,0],"v":{"t":[0,0]}},{"k":[23,0,0,24,0],"v":{"t":[0,0]}},{"k":[20,0,0,22,0],"v":{"t":[0,0]}},{"k":[17,0,0,25,0],"v":{"t":[0,0]}},{"k":[16,0,0,26,0],"v":{"t":[0,0]}},{"k":[20,0,0,21,0],"v":{"t":[0,0]}},{"k":[19,0,0,22,0],"v":{"t":[0,0]}},{"k":[16,0,0,25,0],"v":{"t":[0,0]}},{"k":[27,0,0,17,0],"v":{"t":[0,0]}},{"k":[26,0,0,18,0],"v":{"t":[0,0]}},{"k":[24,0,0,20,0],"v":{"t":[0,0]}},{"k":[23,0,0,21,0],"v":{"t":[0,0]}},{"k":[19,0,0,25,0],"v":{"t":[0,0]}},{"k":[18,0,0,26,0],"v":{"t":[0,0]}},{"k":[17,0,0,27,0],"v":{"t":[0,0]}},{"k":[16,0,0,28,0],"v":{"t":[0,0]}},{"k":[26,0,0,17,0],"v":{"t":[0,0]}},{"k":[23,0,0,20,0],"v":{"t":[0,0]}},{"k":[18,0,0,25,0],"v":{"t":[0,0]}},{"k":[17,0,0,26,0],"v":{"t":[0,0]}},{"k":[16,0,0,27,0],"v":{"t":[0,0]}},{"k":[22,0,0,16,0],"v":{"t":[0,0]}},{"k":[20,0,0,18,0],"v":{"t":[0,0]}},{"k":[19,0,0,19,0],"v":{"t":[0,0]}},{"k":[18,0,0,20,0],"v":{"t":[0,0]}},{"k":[17,0,0,21,0],"v":{"t":[0,0]}},{"k":[16,0,0,22,0],"v":{"t":[0,0]}},{"k":[21,0,0,17,0],"v":{"t":[0,0]}},{"k":[21,0,0,16,0],"v":{"t":[0,0]}},{"k":[20,0,0,17,0],"v":{"t":[0,0]}},{"k":[19,0,0,18,0],"v":{"t":[0,0]}},{"k":[18,0,0,19,0],"v":{"t":[0,0]}},{"k":[17,0,0,20,0],"v":{"t":[0,0]}},{"k":[16,0,0,21,0],"v":{"t":[0,0]}},{"k":[20,0,0,20,0],"v":{"t":[0,0]}},{"k":[19,0,0,21,0],"v":{"t":[0,0]}},{"k":[18,0,0,22,0],"v":{"t":[0,0]}},{"k":[23,0,0,17,0],"v":{"t":[0,0]}},{"k":[23,0,0,16,0],"v":{"t":[0,0]}},{"k":[20,0,0,19,0],"v":{"t":[0,0]}},{"k":[19,0,0,20,0],"v":{"t":[0,0]}},{"k":[18,0,0,21,0],"v":{"t":[0,0]}},{"k":[17,0,0,22,0],"v":{"t":[0,0]}},{"k":[22,0,0,17,0],"v":{"t":[0,0]}},{"k":[18,0,0,16,0],"v":{"t":[0,0]}},{"k":[17,0,0,17,0],"v":{"t":[0,0]}},{"k":[16,0,0,18,0],"v":{"t":[0,0]}},{"k":[17,0,0,16,0],"v":{"t":[0,0]}},{"k":[16,0,0,17,0],"v":{"t":[0,0]}},{"k":[20,0,0,16,0],"v":{"t":[0,0]}},{"k":[19,0,0,17,0],"v":{"t":[0,0]}},{"k":[18,0,0,18,0],"v":{"t":[0,0]}},{"k":[17,0,0,19,0],"v":{"t":[0,0]}},{"k":[16,0,0,20,0],"v":{"t":[0,0]}},{"k":[19,0,0,16,0],"v":{"t":[0,0]}},{"k":[18,0,0,17,0],"v":{"t":[0,0]}},{"k":[17,0,0,18,0],"v":{"t":[0,0]}},{"k":[16,0,0,19,0],"v":{"t":[0,0]}},{"k":[16,0,0,16,0],"v":{"t":[0,0]}},{"k":[31,0,0,31,0],"v":{"t":[0,0]}},{"k":[31,0,0,30,0],"v":{"t":[0,0]}},{"k":[30,0,0,31,0],"v":{"t":[0,0]}},{"k":[29,0,0,29,0],"v":{"t":[0,0]}},{"k":[28,0,0,30,0],"v":{"t":[0,0]}},{"k":[27,0,0,31,0],"v":{"t":[0,0]}},{"k":[31,0,0,26,0],"v":{"t":[0,0]}},{"k":[28,0,0,29,0],"v":{"t":[0,0]}},{"k":[27,0,0,30,0],"v":{"t":[0,0]}},{"k":[26,0,0,31,0],"v":{"t":[0,0]}},{"k":[31,0,0,29,0],"v":{"t":[0,0]}},{"k":[30,0,0,30,0],"v":{"t":[0,0]}},{"k":[29,0,0,31,0],"v":{"t":[0,0]}},{"k":[30,0,0,29,0],"v":{"t":[0,0]}},{"k":[29,0,0,30,0],"v":{"t":[0,0]}},{"k":[28,0,0,31,0],"v":{"t":[0,0]}}]},"moun":{"a":[],"o":[]},"objs":{"list":[]},"objs3d":{"a":[],"o":[]},"sprites":{"list":[{"k":[30,0,0,31,0],"v":{"f":false,"k":4,"t":[6,8,1,1]}},{"k":[29,0,0,29,0],"v":{"f":false,"k":4,"t":[0,8,2,3]}},{"k":[27,0,0,31,0],"v":{"f":false,"k":4,"t":[7,8,1,1]}},{"k":[29,0,0,31,0],"v":{"f":false,"k":4,"t":[7,8,1,1]}},{"k":[28,0,0,31,0],"v":{"f":false,"k":4,"t":[7,8,1,1]}},{"k":[30,0,0,24,0],"v":{"f":false,"k":4,"t":[7,8,1,1]}},{"k":[30,0,0,23,0],"v":{"f":false,"k":4,"t":[7,8,1,1]}},{"k":[29,0,0,24,0],"v":{"f":false,"k":4,"t":[6,8,1,1]}},{"k":[28,0,0,25,0],"v":{"f":false,"k":4,"t":[6,8,1,1]}},{"k":[31,0,0,25,0],"v":{"f":false,"k":4,"t":[7,8,1,1]}},{"k":[25,0,0,30,0],"v":{"f":false,"k":4,"t":[0,8,2,3]}},{"k":[30,0,0,25,0],"v":{"f":false,"k":4,"t":[7,8,1,1]}},{"k":[26,0,0,24,0],"v":{"f":false,"k":4,"t":[7,8,1,1]}},{"k":[20,0,0,30,0],"v":{"f":false,"k":4,"t":[7,8,1,1]}},{"k":[27,0,0,23,0],"v":{"f":false,"k":4,"t":[6,8,1,1]}},{"k":[19,0,0,31,0],"v":{"f":false,"k":4,"t":[7,7,1,1]}},{"k":[24,0,0,25,0],"v":{"f":false,"k":4,"t":[0,8,2,3]}},{"k":[26,0,0,23,0],"v":{"f":false,"k":4,"t":[7,8,1,1]}},{"k":[20,0,0,29,0],"v":{"f":false,"k":4,"t":[7,8,1,1]}},{"k":[19,0,0,30,0],"v":{"f":false,"k":4,"t":[7,7,1,1]}},{"k":[28,0,0,24,0],"v":{"f":false,"k":4,"t":[6,8,1,1]}},{"k":[27,0,0,25,0],"v":{"f":false,"k":4,"t":[6,8,1,1]}},{"k":[20,0,0,31,0],"v":{"f":false,"k":4,"t":[7,8,1,1]}},{"k":[28,0,0,23,0],"v":{"f":false,"k":4,"t":[6,8,1,1]}},{"k":[18,0,0,28,0],"v":{"f":false,"k":4,"t":[0,8,2,3]}},{"k":[26,0,0,20,0],"v":{"f":false,"k":4,"t":[7,8,1,1]}},{"k":[25,0,0,21,0],"v":{"f":false,"k":4,"t":[7,8,1,1]}},{"k":[20,0,0,26,0],"v":{"f":false,"k":4,"t":[7,8,1,1]}},{"k":[16,0,0,30,0],"v":{"f":false,"k":4,"t":[7,7,1,1]}},{"k":[28,0,0,17,0],"v":{"f":false,"k":4,"t":[0,8,2,3]}},{"k":[25,0,0,20,0],"v":{"f":false,"k":4,"t":[7,8,1,1]}},{"k":[16,0,0,29,0],"v":{"f":false,"k":4,"t":[7,7,1,1]}},{"k":[26,0,0,22,0],"v":{"f":false,"k":4,"t":[7,8,1,1]}},{"k":[27,0,0,21,0],"v":{"f":false,"k":4,"t":[7,8,1,1]}},{"k":[20,0,0,28,0],"v":{"f":false,"k":4,"t":[7,8,1,1]}},{"k":[18,0,0,30,0],"v":{"f":false,"k":4,"t":[7,7,1,1]}},{"k":[25,0,0,23,0],"v":{"f":false,"k":4,"t":[5,5,1,1]}},{"k":[26,0,0,21,0],"v":{"f":false,"k":4,"t":[7,8,1,1]}},{"k":[27,0,0,20,0],"v":{"f":false,"k":4,"t":[7,8,1,1]}},{"k":[20,0,0,27,0],"v":{"f":false,"k":4,"t":[7,8,1,1]}},{"k":[16,0,0,31,0],"v":{"f":false,"k":4,"t":[7,7,1,1]}},{"k":[16,0,0,28,0],"v":{"f":false,"k":4,"t":[7,7,1,1]}},{"k":[17,0,0,26,0],"v":{"f":false,"k":4,"t":[0,8,2,3]}},{"k":[16,0,0,27,0],"v":{"f":false,"k":4,"t":[7,7,1,1]}},{"k":[19,0,0,19,0],"v":{"f":false,"k":4,"t":[7,8,1,1]}},{"k":[17,0,0,20,0],"v":{"f":false,"k":4,"t":[0,8,2,3]}},{"k":[19,0,0,18,0],"v":{"f":false,"k":4,"t":[7,8,1,1]}},{"k":[17,0,0,17,0],"v":{"k":4,"t":[7,8,1,1]}},{"k":[18,0,0,16,0],"v":{"k":4,"t":[7,8,1,1]}},{"k":[16,0,0,18,0],"v":{"f":false,"k":4,"t":[6,8,1,1]}},{"k":[17,0,0,16,0],"v":{"k":4,"t":[7,8,1,1]}},{"k":[16,0,0,17,0],"v":{"f":false,"k":4,"t":[6,8,1,1]}},{"k":[18,0,0,18,0],"v":{"f":false,"k":4,"t":[7,8,1,1]}},{"k":[16,0,0,20,0],"v":{"f":false,"k":4,"t":[6,8,1,1]}},{"k":[19,0,0,17,0],"v":{"f":false,"k":4,"t":[5,5,1,1]}},{"k":[19,0,0,16,0],"v":{"f":false,"k":4,"t":[7,8,1,1]}},{"k":[16,0,0,19,0],"v":{"f":false,"k":4,"t":[6,8,1,1]}},{"k":[18,0,0,17,0],"v":{"f":false,"k":4,"t":[2,3,1,1]}},{"k":[16,0,0,16,0],"v":{"k":4,"t":[7,8,1,1]}}],"overflow":[[32,0,0,23,0]],"walls":[{"k":[31,0,0,20,0,50,0,0],"v":{"k":0,"w":6}},{"k":[31,0,0,19,0,0,50,90],"v":{"k":0,"w":6}},{"k":[31,0,0,18,0,0,50,90],"v":{"k":1,"w":6}},{"k":[31,0,0,17,0,50,0,0],"v":{"k":0,"w":6}},{"k":[31,0,0,17,0,0,50,90],"v":{"k":2,"w":6}}]}}