{"lands":{"autotiles":[{"k":[39,0,0,28,0],"v":{"id":1,"t":[1,0],"tid":360}},{"k":[39,0,0,29,0],"v":{"id":1,"t":[1,0],"tid":636}},{"k":[37,0,0,28,0],"v":{"id":1,"t":[1,0],"tid":324}},{"k":[38,0,0,27,0],"v":{"id":1,"t":[1,0],"tid":471}},{"k":[34,0,0,31,0],"v":{"id":1,"t":[1,0],"tid":636}},{"k":[38,0,0,28,0],"v":{"id":1,"t":[1,0],"tid":324}},{"k":[39,0,0,27,0],"v":{"id":1,"t":[1,0],"tid":423}},{"k":[39,0,0,30,0],"v":{"id":1,"t":[1,0],"tid":636}},{"k":[39,0,0,31,0],"v":{"id":1,"t":[1,0],"tid":636}},{"k":[43,0,0,16,0],"v":{"id":1,"t":[1,0],"tid":324}},{"k":[32,0,0,27,0],"v":{"id":1,"t":[1,0],"tid":471}},{"k":[32,0,0,28,0],"v":{"id":1,"t":[1,0],"tid":324}},{"k":[33,0,0,27,0],"v":{"id":1,"t":[1,0],"tid":471}},{"k":[44,0,0,16,0],"v":{"id":1,"t":[1,0],"tid":324}},{"k":[41,0,0,16,0],"v":{"id":1,"t":[1,0],"tid":324}},{"k":[37,0,0,20,0],"v":{"id":1,"t":[1,0],"tid":116}},{"k":[42,0,0,16,0],"v":{"id":1,"t":[1,0],"tid":324}},{"k":[35,0,0,28,0],"v":{"id":1,"t":[1,0],"tid":324}},{"k":[36,0,0,27,0],"v":{"id":1,"t":[1,0],"tid":471}},{"k":[34,0,0,29,0],"v":{"id":1,"t":[1,0],"tid":636}},{"k":[47,0,0,16,0],"v":{"id":1,"t":[1,0],"tid":324}},{"k":[36,0,0,28,0],"v":{"id":1,"t":[1,0],"tid":324}},{"k":[37,0,0,27,0],"v":{"id":1,"t":[1,0],"tid":471}},{"k":[34,0,0,30,0],"v":{"id":1,"t":[1,0],"tid":636}},{"k":[33,0,0,28,0],"v":{"id":1,"t":[1,0],"tid":324}},{"k":[34,0,0,27,0],"v":{"id":1,"t":[1,0],"tid":471}},{"k":[45,0,0,16,0],"v":{"id":1,"t":[1,0],"tid":324}},{"k":[34,0,0,28,0],"v":{"id":1,"t":[1,0],"tid":306}},{"k":[35,0,0,27,0],"v":{"id":1,"t":[1,0],"tid":471}},{"k":[46,0,0,16,0],"v":{"id":1,"t":[1,0],"tid":324}},{"k":[35,0,0,16,0],"v":{"id":1,"t":[1,0],"tid":324}},{"k":[32,0,0,19,0],"v":{"id":1,"t":[4,1],"tid":324}},{"k":[33,0,0,18,0],"v":{"id":1,"t":[4,1],"tid":318}},{"k":[34,0,0,17,0],"v":{"id":1,"t":[4,1],"tid":471}},{"k":[36,0,0,16,0],"v":{"id":1,"t":[1,0],"tid":324}},{"k":[32,0,0,20,0],"v":{"id":1,"t":[1,0],"tid":477}},{"k":[35,0,0,17,0],"v":{"id":1,"t":[4,1],"tid":471}},{"k":[34,0,0,18,0],"v":{"id":1,"t":[4,1],"tid":318}},{"k":[33,0,0,19,0],"v":{"id":1,"t":[4,1],"tid":324}},{"k":[33,0,0,16,0],"v":{"id":1,"t":[1,0],"tid":324}},{"k":[32,0,0,17,0],"v":{"id":1,"t":[4,1],"tid":471}},{"k":[34,0,0,16,0],"v":{"id":1,"t":[1,0],"tid":324}},{"k":[32,0,0,18,0],"v":{"id":1,"t":[4,1],"tid":318}},{"k":[33,0,0,17,0],"v":{"id":1,"t":[4,1],"tid":471}},{"k":[39,0,0,16,0],"v":{"id":1,"t":[1,0],"tid":324}},{"k":[37,0,0,18,0],"v":{"id":1,"t":[1,0],"tid":636}},{"k":[35,0,0,20,0],"v":{"id":1,"t":[1,0],"tid":477}},{"k":[36,0,0,19,0],"v":{"id":1,"t":[4,1],"tid":372}},{"k":[40,0,0,16,0],"v":{"id":1,"t":[1,0],"tid":324}},{"k":[37,0,0,19,0],"v":{"id":1,"t":[1,0],"tid":636}},{"k":[36,0,0,20,0],"v":{"id":1,"t":[1,0],"tid":477}},{"k":[37,0,0,16,0],"v":{"id":1,"t":[1,0],"tid":306}},{"k":[33,0,0,20,0],"v":{"id":1,"t":[1,0],"tid":477}},{"k":[36,0,0,17,0],"v":{"id":1,"t":[4,1],"tid":423}},{"k":[35,0,0,18,0],"v":{"id":1,"t":[4,1],"tid":318}},{"k":[34,0,0,19,0],"v":{"id":1,"t":[4,1],"tid":324}},{"k":[38,0,0,16,0],"v":{"id":1,"t":[1,0],"tid":324}},{"k":[37,0,0,17,0],"v":{"id":1,"t":[1,0],"tid":636}},{"k":[34,0,0,20,0],"v":{"id":1,"t":[1,0],"tid":477}},{"k":[36,0,0,18,0],"v":{"id":1,"t":[4,1],"tid":370}},{"k":[35,0,0,19,0],"v":{"id":1,"t":[4,1],"tid":324}},{"k":[32,0,0,16,0],"v":{"id":1,"t":[1,0],"tid":324}}],"floors":[{"k":[47,3,50,31,0],"v":{"t":[0,0]}},{"k":[47,3,50,29,0],"v":{"t":[0,0]}},{"k":[46,2,50,31,0],"v":{"t":[0,0]}},{"k":[47,3,50,30,0],"v":{"t":[0,0]}},{"k":[47,3,50,23,0],"v":{"t":[0,0]}},{"k":[46,2,50,25,0],"v":{"t":[0,0]}},{"k":[47,3,50,24,0],"v":{"t":[0,0]}},{"k":[46,2,50,26,0],"v":{"t":[0,0]}},{"k":[47,3,50,21,0],"v":{"t":[0,0]}},{"k":[46,2,50,23,0],"v":{"t":[0,0]}},{"k":[47,3,50,22,0],"v":{"t":[0,0]}},{"k":[46,2,50,24,0],"v":{"t":[0,0]}},{"k":[47,3,50,27,0],"v":{"t":[0,0]}},{"k":[46,2,50,29,0],"v":{"t":[0,0]}},{"k":[47,3,50,28,0],"v":{"t":[0,0]}},{"k":[46,2,50,30,0],"v":{"t":[0,0]}},{"k":[47,3,50,25,0],"v":{"t":[0,0]}},{"k":[46,2,50,27,0],"v":{"t":[0,0]}},{"k":[47,3,50,26,0],"v":{"t":[0,0]}},{"k":[46,2,50,28,0],"v":{"t":[0,0]}},{"k":[46,2,50,17,0],"v":{"t":[0,0]}},{"k":[46,2,50,18,0],"v":{"t":[0,0]}},{"k":[47,3,50,19,0],"v":{"t":[0,0]}},{"k":[46,2,50,21,0],"v":{"t":[0,0]}},{"k":[47,3,50,20,0],"v":{"t":[0,0]}},{"k":[46,2,50,22,0],"v":{"t":[0,0]}},{"k":[47,3,50,17,0],"v":{"t":[0,0]}},{"k":[46,2,50,19,0],"v":{"t":[0,0]}},{"k":[47,3,50,18,0],"v":{"t":[0,0]}},{"k":[46,2,50,20,0],"v":{"t":[0,0]}},{"k":[47,0,0,28,0],"v":{"t":[0,0]}},{"k":[46,0,0,29,0],"v":{"t":[0,0]}},{"k":[45,0,0,30,0],"v":{"t":[0,0]}},{"k":[44,0,0,31,0],"v":{"t":[0,0]}},{"k":[47,0,0,29,0],"v":{"t":[0,0]}},{"k":[46,0,0,30,0],"v":{"t":[0,0]}},{"k":[45,0,0,31,0],"v":{"t":[0,0]}},{"k":[47,0,0,26,0],"v":{"t":[0,0]}},{"k":[46,0,0,27,0],"v":{"t":[0,0]}},{"k":[45,0,0,28,0],"v":{"t":[0,0]}},{"k":[44,0,0,29,0],"v":{"t":[0,0]}},{"k":[43,0,0,30,0],"v":{"t":[0,0]}},{"k":[42,0,0,31,0],"v":{"t":[0,0]}},{"k":[47,0,0,27,0],"v":{"t":[0,0]}},{"k":[46,0,0,28,0],"v":{"t":[0,0]}},{"k":[45,0,0,29,0],"v":{"t":[0,0]}},{"k":[44,0,0,30,0],"v":{"t":[0,0]}},{"k":[43,0,0,31,0],"v":{"t":[0,0]}},{"k":[47,0,0,30,0],"v":{"t":[0,0]}},{"k":[46,0,0,31,0],"v":{"t":[0,0]}},{"k":[47,0,0,31,0],"v":{"t":[0,0]}},{"k":[47,0,0,20,0],"v":{"t":[0,0]}},{"k":[46,0,0,21,0],"v":{"t":[0,0]}},{"k":[45,0,0,22,0],"v":{"t":[0,0]}},{"k":[44,0,0,23,0],"v":{"t":[0,0]}},{"k":[43,0,0,24,0],"v":{"t":[0,0]}},{"k":[42,0,0,25,0],"v":{"t":[0,0]}},{"k":[41,0,0,26,0],"v":{"t":[0,0]}},{"k":[40,0,0,27,0],"v":{"t":[0,0]}},{"k":[35,3,0,29,0],"v":{"t":[0,6]}},{"k":[36,0,0,31,0],"v":{"t":[1,6]}},{"k":[37,0,0,30,0],"v":{"t":[1,6]}},{"k":[38,0,0,29,0],"v":{"t":[1,6]}},{"k":[47,0,0,21,0],"v":{"t":[0,0]}},{"k":[46,0,0,22,0],"v":{"t":[0,0]}},{"k":[45,0,0,23,0],"v":{"t":[0,0]}},{"k":[44,0,0,24,0],"v":{"t":[0,0]}},{"k":[43,0,0,25,0],"v":{"t":[0,0]}},{"k":[42,0,0,26,0],"v":{"t":[0,0]}},{"k":[41,0,0,27,0],"v":{"t":[0,0]}},{"k":[40,0,0,28,0],"v":{"t":[0,0]}},{"k":[35,3,0,30,0],"v":{"t":[0,6]}},{"k":[36,3,0,29,0],"v":{"t":[1,6]}},{"k":[37,0,0,31,0],"v":{"t":[1,6]}},{"k":[38,0,0,30,0],"v":{"t":[1,6]}},{"k":[47,0,0,18,0],"v":{"t":[0,0]}},{"k":[46,0,0,19,0],"v":{"t":[0,0]}},{"k":[45,0,0,20,0],"v":{"t":[0,0]}},{"k":[44,0,0,21,0],"v":{"t":[0,0]}},{"k":[43,0,0,22,0],"v":{"t":[0,0]}},{"k":[42,0,0,23,0],"v":{"t":[0,0]}},{"k":[41,0,0,24,0],"v":{"t":[0,0]}},{"k":[40,0,0,25,0],"v":{"t":[0,0]}},{"k":[39,0,0,26,0],"v":{"t":[0,0]}},{"k":[35,0,0,30,0],"v":{"t":[1,6]}},{"k":[36,0,0,29,0],"v":{"t":[1,6]}},{"k":[47,0,0,19,0],"v":{"t":[0,0]}},{"k":[46,0,0,20,0],"v":{"t":[0,0]}},{"k":[45,0,0,21,0],"v":{"t":[0,0]}},{"k":[44,0,0,22,0],"v":{"t":[0,0]}},{"k":[43,0,0,23,0],"v":{"t":[0,0]}},{"k":[42,0,0,24,0],"v":{"t":[0,0]}},{"k":[41,0,0,25,0],"v":{"t":[0,0]}},{"k":[40,0,0,26,0],"v":{"t":[0,0]}},{"k":[35,0,0,31,0],"v":{"t":[1,6]}},{"k":[37,0,0,29,0],"v":{"t":[1,6]}},{"k":[36,0,0,30,0],"v":{"t":[1,6]}},{"k":[47,0,0,24,0],"v":{"t":[0,0]}},{"k":[46,0,0,25,0],"v":{"t":[0,0]}},{"k":[45,0,0,26,0],"v":{"t":[0,0]}},{"k":[44,0,0,27,0],"v":{"t":[0,0]}},{"k":[43,0,0,28,0],"v":{"t":[0,0]}},{"k":[42,0,0,29,0],"v":{"t":[0,0]}},{"k":[41,0,0,30,0],"v":{"t":[0,0]}},{"k":[40,0,0,31,0],"v":{"t":[0,0]}},{"k":[38,3,0,30,0],"v":{"t":[2,6]}},{"k":[37,3,0,31,0],"v":{"t":[1,6]}},{"k":[47,0,0,25,0],"v":{"t":[0,0]}},{"k":[46,0,0,26,0],"v":{"t":[0,0]}},{"k":[45,0,0,27,0],"v":{"t":[0,0]}},{"k":[44,0,0,28,0],"v":{"t":[0,0]}},{"k":[43,0,0,29,0],"v":{"t":[0,0]}},{"k":[42,0,0,30,0],"v":{"t":[0,0]}},{"k":[41,0,0,31,0],"v":{"t":[0,0]}},{"k":[38,3,0,31,0],"v":{"t":[2,6]}},{"k":[47,0,0,22,0],"v":{"t":[0,0]}},{"k":[46,0,0,23,0],"v":{"t":[0,0]}},{"k":[45,0,0,24,0],"v":{"t":[0,0]}},{"k":[44,0,0,25,0],"v":{"t":[0,0]}},{"k":[43,0,0,26,0],"v":{"t":[0,0]}},{"k":[42,0,0,27,0],"v":{"t":[0,0]}},{"k":[41,0,0,28,0],"v":{"t":[0,0]}},{"k":[40,0,0,29,0],"v":{"t":[0,0]}},{"k":[35,3,0,31,0],"v":{"t":[0,6]}},{"k":[37,3,0,29,0],"v":{"t":[1,6]}},{"k":[36,3,0,30,0],"v":{"t":[1,6]}},{"k":[38,0,0,31,0],"v":{"t":[1,6]}},{"k":[47,0,0,23,0],"v":{"t":[0,0]}},{"k":[46,0,0,24,0],"v":{"t":[0,0]}},{"k":[45,0,0,25,0],"v":{"t":[0,0]}},{"k":[44,0,0,26,0],"v":{"t":[0,0]}},{"k":[43,0,0,27,0],"v":{"t":[0,0]}},{"k":[42,0,0,28,0],"v":{"t":[0,0]}},{"k":[41,0,0,29,0],"v":{"t":[0,0]}},{"k":[40,0,0,30,0],"v":{"t":[0,0]}},{"k":[38,3,0,29,0],"v":{"t":[2,6]}},{"k":[36,3,0,31,0],"v":{"t":[1,6]}},{"k":[37,3,0,30,0],"v":{"t":[1,6]}},{"k":[42,0,0,17,0],"v":{"t":[0,0]}},{"k":[41,0,0,18,0],"v":{"t":[0,0]}},{"k":[40,0,0,19,0],"v":{"t":[0,0]}},{"k":[39,0,0,20,0],"v":{"t":[0,0]}},{"k":[38,0,0,21,0],"v":{"t":[0,0]}},{"k":[37,0,0,22,0],"v":{"t":[0,0]}},{"k":[36,0,0,23,0],"v":{"t":[0,0]}},{"k":[35,0,0,24,0],"v":{"t":[0,0]}},{"k":[34,0,0,25,0],"v":{"t":[0,0]}},{"k":[33,0,0,26,0],"v":{"t":[0,0]}},{"k":[43,0,0,17,0],"v":{"t":[0,0]}},{"k":[42,0,0,18,0],"v":{"t":[0,0]}},{"k":[41,0,0,19,0],"v":{"t":[0,0]}},{"k":[40,0,0,20,0],"v":{"t":[0,0]}},{"k":[39,0,0,21,0],"v":{"t":[0,0]}},{"k":[38,0,0,22,0],"v":{"t":[0,0]}},{"k":[37,0,0,23,0],"v":{"t":[0,0]}},{"k":[36,0,0,24,0],"v":{"t":[0,0]}},{"k":[35,0,0,25,0],"v":{"t":[0,0]}},{"k":[34,0,0,26,0],"v":{"t":[0,0]}},{"k":[40,0,0,17,0],"v":{"t":[0,0]}},{"k":[39,0,0,18,0],"v":{"t":[0,0]}},{"k":[38,0,0,19,0],"v":{"t":[0,0]}},{"k":[36,0,0,21,0],"v":{"t":[0,0]}},{"k":[35,0,0,22,0],"v":{"t":[0,0]}},{"k":[34,0,0,23,0],"v":{"t":[0,0]}},{"k":[33,0,0,24,0],"v":{"t":[0,0]}},{"k":[32,0,0,25,0],"v":{"t":[0,0]}},{"k":[36,3,0,18,0],"v":{"t":[2,6]}},{"k":[35,3,0,19,0],"v":{"t":[1,6]}},{"k":[41,0,0,17,0],"v":{"t":[0,0]}},{"k":[40,0,0,18,0],"v":{"t":[0,0]}},{"k":[39,0,0,19,0],"v":{"t":[0,0]}},{"k":[38,0,0,20,0],"v":{"t":[0,0]}},{"k":[37,0,0,21,0],"v":{"t":[0,0]}},{"k":[36,0,0,22,0],"v":{"t":[0,0]}},{"k":[35,0,0,23,0],"v":{"t":[0,0]}},{"k":[34,0,0,24,0],"v":{"t":[0,0]}},{"k":[33,0,0,25,0],"v":{"t":[0,0]}},{"k":[32,0,0,26,0],"v":{"t":[0,0]}},{"k":[36,3,0,19,0],"v":{"t":[2,6]}},{"k":[46,0,0,17,0],"v":{"t":[0,0]}},{"k":[45,0,0,18,0],"v":{"t":[0,0]}},{"k":[44,0,0,19,0],"v":{"t":[0,0]}},{"k":[43,0,0,20,0],"v":{"t":[0,0]}},{"k":[42,0,0,21,0],"v":{"t":[0,0]}},{"k":[41,0,0,22,0],"v":{"t":[0,0]}},{"k":[40,0,0,23,0],"v":{"t":[0,0]}},{"k":[39,0,0,24,0],"v":{"t":[0,0]}},{"k":[38,0,0,25,0],"v":{"t":[0,0]}},{"k":[37,0,0,26,0],"v":{"t":[0,0]}},{"k":[33,0,0,30,0],"v":{"t":[0,0]}},{"k":[32,0,0,31,0],"v":{"t":[0,0]}},{"k":[47,0,0,17,0],"v":{"t":[0,0]}},{"k":[46,0,0,18,0],"v":{"t":[0,0]}},{"k":[45,0,0,19,0],"v":{"t":[0,0]}},{"k":[44,0,0,20,0],"v":{"t":[0,0]}},{"k":[43,0,0,21,0],"v":{"t":[0,0]}},{"k":[42,0,0,22,0],"v":{"t":[0,0]}},{"k":[41,0,0,23,0],"v":{"t":[0,0]}},{"k":[40,0,0,24,0],"v":{"t":[0,0]}},{"k":[39,0,0,25,0],"v":{"t":[0,0]}},{"k":[38,0,0,26,0],"v":{"t":[0,0]}},{"k":[33,0,0,31,0],"v":{"t":[0,0]}},{"k":[35,0,0,29,0],"v":{"t":[1,6]}},{"k":[44,0,0,17,0],"v":{"t":[0,0]}},{"k":[43,0,0,18,0],"v":{"t":[0,0]}},{"k":[42,0,0,19,0],"v":{"t":[0,0]}},{"k":[41,0,0,20,0],"v":{"t":[0,0]}},{"k":[40,0,0,21,0],"v":{"t":[0,0]}},{"k":[39,0,0,22,0],"v":{"t":[0,0]}},{"k":[38,0,0,23,0],"v":{"t":[0,0]}},{"k":[37,0,0,24,0],"v":{"t":[0,0]}},{"k":[36,0,0,25,0],"v":{"t":[0,0]}},{"k":[35,0,0,26,0],"v":{"t":[0,0]}},{"k":[32,0,0,29,0],"v":{"t":[0,0]}},{"k":[45,0,0,17,0],"v":{"t":[0,0]}},{"k":[44,0,0,18,0],"v":{"t":[0,0]}},{"k":[43,0,0,19,0],"v":{"t":[0,0]}},{"k":[42,0,0,20,0],"v":{"t":[0,0]}},{"k":[41,0,0,21,0],"v":{"t":[0,0]}},{"k":[40,0,0,22,0],"v":{"t":[0,0]}},{"k":[39,0,0,23,0],"v":{"t":[0,0]}},{"k":[38,0,0,24,0],"v":{"t":[0,0]}},{"k":[37,0,0,25,0],"v":{"t":[0,0]}},{"k":[36,0,0,26,0],"v":{"t":[0,0]}},{"k":[33,0,0,29,0],"v":{"t":[0,0]}},{"k":[32,0,0,30,0],"v":{"t":[0,0]}},{"k":[32,3,0,17,0],"v":{"t":[1,6]}},{"k":[38,0,0,17,0],"v":{"t":[0,0]}},{"k":[34,0,0,21,0],"v":{"t":[0,0]}},{"k":[33,0,0,22,0],"v":{"t":[0,0]}},{"k":[32,0,0,23,0],"v":{"t":[0,0]}},{"k":[35,3,0,17,0],"v":{"t":[1,6]}},{"k":[34,3,0,18,0],"v":{"t":[1,6]}},{"k":[33,3,0,19,0],"v":{"t":[1,6]}},{"k":[39,0,0,17,0],"v":{"t":[0,0]}},{"k":[38,0,0,18,0],"v":{"t":[0,0]}},{"k":[35,0,0,21,0],"v":{"t":[0,0]}},{"k":[34,0,0,22,0],"v":{"t":[0,0]}},{"k":[33,0,0,23,0],"v":{"t":[0,0]}},{"k":[32,0,0,24,0],"v":{"t":[0,0]}},{"k":[35,3,0,18,0],"v":{"t":[1,6]}},{"k":[36,3,0,17,0],"v":{"t":[2,6]}},{"k":[34,3,0,19,0],"v":{"t":[1,6]}},{"k":[32,0,0,21,0],"v":{"t":[0,0]}},{"k":[32,3,0,18,0],"v":{"t":[1,6]}},{"k":[33,3,0,17,0],"v":{"t":[1,6]}},{"k":[33,0,0,21,0],"v":{"t":[0,0]}},{"k":[32,0,0,22,0],"v":{"t":[0,0]}},{"k":[33,3,0,18,0],"v":{"t":[1,6]}},{"k":[34,3,0,17,0],"v":{"t":[1,6]}},{"k":[32,3,0,19,0],"v":{"t":[1,6]}}]},"moun":{"a":[{"k":[47,0,0,28,0],"v":{"b":true,"hp":50,"hs":3,"r":true,"sid":1,"t":true,"wp":31.25}},{"k":[46,0,0,29,0],"v":{"b":true,"hp":50,"hs":2,"sid":1,"t":true,"wp":31.25}},{"k":[47,0,0,29,0],"v":{"b":true,"hp":50,"hs":3,"r":true,"sid":1,"t":true,"wp":31.25}},{"k":[46,0,0,30,0],"v":{"b":true,"hp":50,"hs":2,"sid":1,"t":true,"wp":31.25}},{"k":[47,0,0,26,0],"v":{"b":true,"hp":50,"hs":3,"r":true,"sid":1,"t":true,"wp":31.25}},{"k":[46,0,0,27,0],"v":{"b":true,"hp":50,"hs":2,"sid":1,"t":true,"wp":31.25}},{"k":[47,0,0,27,0],"v":{"b":true,"hp":50,"hs":3,"r":true,"sid":1,"t":true,"wp":31.25}},{"k":[46,0,0,28,0],"v":{"b":true,"hp":50,"hs":2,"sid":1,"t":true,"wp":31.25}},{"k":[47,0,0,30,0],"v":{"b":true,"hp":50,"hs":3,"r":true,"sid":1,"t":true,"wp":31.25}},{"k":[46,0,0,31,0],"v":{"b":true,"hp":50,"hs":2,"sid":1,"t":true,"wp":31.25}},{"k":[47,0,0,31,0],"v":{"b":true,"hp":50,"hs":3,"r":true,"sid":1,"t":true,"wp":31.25}},{"k":[47,0,0,20,0],"v":{"b":true,"hp":50,"hs":3,"r":true,"sid":1,"t":true,"wp":31.25}},{"k":[46,0,0,21,0],"v":{"b":true,"hp":50,"hs":2,"sid":1,"t":true,"wp":31.25}},{"k":[47,0,0,21,0],"v":{"b":true,"hp":50,"hs":3,"r":true,"sid":1,"t":true,"wp":31.25}},{"k":[46,0,0,22,0],"v":{"b":true,"hp":50,"hs":2,"sid":1,"t":true,"wp":31.25}},{"k":[47,0,0,18,0],"v":{"b":true,"hp":50,"hs":3,"r":true,"sid":1,"t":true,"wp":31.25}},{"k":[46,0,0,19,0],"v":{"b":true,"hp":50,"hs":2,"sid":1,"t":true,"wp":31.25}},{"k":[47,0,0,19,0],"v":{"b":true,"hp":50,"hs":3,"r":true,"sid":1,"t":true,"wp":31.25}},{"k":[46,0,0,20,0],"v":{"b":true,"hp":50,"hs":2,"sid":1,"t":true,"wp":31.25}},{"k":[47,0,0,24,0],"v":{"b":true,"hp":50,"hs":3,"r":true,"sid":1,"t":true,"wp":31.25}},{"k":[46,0,0,25,0],"v":{"b":true,"hp":50,"hs":2,"sid":1,"t":true,"wp":31.25}},{"k":[47,0,0,25,0],"v":{"b":true,"hp":50,"hs":3,"r":true,"sid":1,"t":true,"wp":31.25}},{"k":[46,0,0,26,0],"v":{"b":true,"hp":50,"hs":2,"sid":1,"t":true,"wp":31.25}},{"k":[47,0,0,22,0],"v":{"b":true,"hp":50,"hs":3,"r":true,"sid":1,"t":true,"wp":31.25}},{"k":[46,0,0,23,0],"v":{"b":true,"hp":50,"hs":2,"sid":1,"t":true,"wp":31.25}},{"k":[47,0,0,23,0],"v":{"b":true,"hp":50,"hs":3,"r":true,"sid":1,"t":true,"wp":31.25}},{"k":[46,0,0,24,0],"v":{"b":true,"hp":50,"hs":2,"sid":1,"t":true,"wp":31.25}},{"k":[46,0,0,17,0],"v":{"b":true,"hp":50,"hs":2,"sid":1,"wp":31.25}},{"k":[47,0,0,17,0],"v":{"b":true,"hp":50,"hs":3,"r":true,"sid":1,"wp":31.25}},{"k":[46,0,0,18,0],"v":{"b":true,"hp":50,"hs":2,"sid":1,"t":true,"wp":31.25}}],"o":[[48,0,0,27,0],[48,0,0,28,0],[48,0,0,25,0],[48,0,0,26,0],[48,0,0,31,0],[47,0,0,32,0],[48,0,0,32,0],[48,0,0,29,0],[48,0,0,30,0],[46,0,0,32,0],[48,0,0,19,0],[48,0,0,20,0],[48,0,0,17,0],[48,0,0,18,0],[48,0,0,23,0],[48,0,0,24,0],[48,0,0,21,0],[48,0,0,22,0]]},"objs":{"list":[{"k":[34,0,0,17,0],"v":{"events":[{"id":1,"name":"Hero action","p":[],"r":{"1":{"bh":true,"c":[{"command":[8,"",3,0,2,1,"It's an emergency! Most musicians\naround the world have become tone-deaf!"],"kind":1},{"command":[8,"",3,0,2,1,"We need your help in the society of good\nmusicians to take down the tone-deaf villains!"],"kind":1},{"command":[8,"",3,0,2,1,"Head to HQ by following this path straight down!\nI wish you the best of luck, musician!"],"kind":1}]}},"sys":false}],"hId":-1,"id":12,"name":"OBJ0012","ooepf":false,"states":[{"cam":true,"climb":false,"dir":false,"gid":36,"gk":4,"id":1,"move":true,"name":"State 1","pix":true,"pos":false,"stop":false,"sx":{"k":12,"v":1},"sy":{"k":12,"v":1},"sz":{"k":12,"v":1},"through":false,"x":0,"y":0}]}},{"k":[38,0,0,30,0],"v":{"events":[{"id":1,"name":"Hero action","p":[],"r":{"1":{"bh":true,"c":[{"command":[8,"",-1,0,0,1,"Seek the entrance behind your home\nand enter the dungeon that he resides in..."],"kind":1}]}},"sys":false}],"hId":-1,"id":11,"name":"OBJ0011","ooepf":false,"states":[{"cam":true,"climb":false,"dir":false,"gid":43,"gk":4,"id":1,"move":true,"name":"State 1","pix":true,"pos":false,"stop":false,"sx":{"k":12,"v":1},"sy":{"k":12,"v":1},"sz":{"k":12,"v":1},"through":false,"x":0,"y":0}]}}]},"objs3d":{"a":[],"o":[]},"sprites":{"list":[{"k":[43,0,0,31,0],"v":{"f":false,"k":4,"t":[0,8,2,3]}},{"k":[42,0,0,25,0],"v":{"f":false,"k":4,"t":[5,5,1,1]}},{"k":[41,0,0,27,0],"v":{"f":false,"k":4,"t":[0,8,2,3]}},{"k":[44,0,0,21,0],"v":{"f":false,"k":4,"t":[7,8,1,1]}},{"k":[42,0,0,23,0],"v":{"f":false,"k":4,"t":[7,8,1,1]}},{"k":[43,0,0,23,0],"v":{"f":false,"k":4,"t":[0,8,2,3]}},{"k":[40,0,0,26,0],"v":{"f":false,"k":4,"t":[7,8,1,1]}},{"k":[41,0,0,25,0],"v":{"f":false,"k":4,"t":[7,8,1,1]}},{"k":[42,0,0,24,0],"v":{"f":false,"k":4,"t":[7,8,1,1]}},{"k":[44,0,0,27,0],"v":{"f":false,"k":4,"t":[7,8,1,1]}},{"k":[41,0,0,30,0],"v":{"f":false,"k":4,"t":[7,8,1,1]}},{"k":[44,0,0,28,0],"v":{"f":false,"k":4,"t":[7,8,1,1]}},{"k":[41,0,0,31,0],"v":{"f":false,"k":4,"t":[5,5,1,1]}},{"k":[43,0,0,26,0],"v":{"f":false,"k":4,"t":[7,8,1,1]}},{"k":[44,0,0,26,0],"v":{"f":false,"k":4,"t":[2,3,1,1]}},{"k":[42,0,0,17,0],"v":{"f":false,"k":4,"t":[0,8,2,3]}},{"k":[40,0,0,19,0],"v":{"f":false,"k":4,"t":[7,8,1,1]}},{"k":[39,0,0,20,0],"v":{"f":false,"k":4,"t":[7,8,1,1]}},{"k":[37,0,0,22,0],"v":{"f":false,"k":4,"t":[7,8,1,1]}},{"k":[41,0,0,18,0],"v":{"f":false,"k":4,"t":[6,8,1,1]}},{"k":[44,0,0,16,0],"v":{"f":false,"k":4,"t":[7,8,1,1]}},{"k":[41,0,0,19,0],"v":{"f":false,"k":4,"t":[6,8,1,1]}},{"k":[40,0,0,20,0],"v":{"f":false,"k":4,"t":[6,8,1,1]}},{"k":[38,0,0,22,0],"v":{"k":4,"t":[3,3,1,1]}},{"k":[39,0,0,18,0],"v":{"f":false,"k":4,"t":[5,5,1,1]}},{"k":[38,0,0,20,0],"v":{"f":false,"k":4,"t":[7,8,1,1]}},{"k":[37,0,0,21,0],"v":{"f":false,"k":4,"t":[7,8,1,1]}},{"k":[36,0,0,22,0],"v":{"f":false,"k":4,"t":[7,8,1,1]}},{"k":[40,0,0,18,0],"v":{"f":false,"k":4,"t":[6,8,1,1]}},{"k":[35,0,0,23,0],"v":{"f":false,"k":4,"t":[5,5,1,1]}},{"k":[42,0,0,21,0],"v":{"f":false,"k":4,"t":[7,8,1,1]}},{"k":[43,0,0,20,0],"v":{"f":false,"k":4,"t":[5,5,1,1]}},{"k":[42,0,0,22,0],"v":{"f":false,"k":4,"t":[7,8,1,1]}},{"k":[43,0,0,21,0],"v":{"f":false,"k":4,"t":[7,8,1,1]}},{"k":[37,0,0,24,0],"v":{"f":false,"k":4,"t":[0,8,2,3]}},{"k":[40,0,0,21,0],"v":{"f":false,"k":4,"t":[0,8,2,3]}},{"k":[44,0,0,17,0],"v":{"f":false,"k":4,"t":[7,8,1,1]}},{"k":[42,0,0,19,0],"v":{"f":false,"k":4,"t":[6,8,1,1]}},{"k":[38,0,0,23,0],"v":{"f":false,"k":4,"t":[5,5,1,1]}},{"k":[40,0,0,22,0],"v":{"f":false,"k":4,"t":[0,8,2,3]}},{"k":[44,0,0,18,0],"v":{"f":false,"k":4,"t":[7,8,1,1]}},{"k":[42,0,0,20,0],"v":{"f":false,"k":4,"t":[6,8,1,1]}},{"k":[32,0,0,30,0],"v":{"f":false,"k":4,"t":[5,5,1,1]}},{"k":[33,0,0,29,0],"v":{"f":false,"k":4,"t":[3,3,1,1]}},{"k":[32,0,0,23,0],"v":{"f":false,"k":4,"t":[0,8,2,3]}},{"k":[39,0,0,17,0],"v":{"f":false,"k":4,"t":[7,8,1,1]}}],"overflow":[],"walls":[{"k":[37,0,0,18,0,0,50,90],"v":{"k":1,"w":6}},{"k":[37,0,0,19,0,0,50,90],"v":{"k":0,"w":6}},{"k":[37,0,0,17,0,0,50,90],"v":{"k":2,"w":6}},{"k":[36,0,0,29,0,50,0,0],"v":{"k":0,"w":11}},{"k":[37,0,0,29,0,50,0,0],"v":{"k":2,"w":11}},{"k":[35,0,0,29,0,50,0,0],"v":{"k":3,"w":8}},{"k":[36,0,0,17,0,50,0,0],"v":{"k":2,"w":6}},{"k":[33,0,0,20,0,50,0,0],"v":{"k":1,"w":6}},{"k":[34,0,0,20,0,50,0,0],"v":{"k":1,"w":6}},{"k":[34,0,0,17,0,50,0,0],"v":{"k":2,"w":11}},{"k":[35,0,0,17,0,50,0,0],"v":{"k":0,"w":6}},{"k":[32,0,0,20,0,50,0,0],"v":{"k":1,"w":6}},{"k":[35,0,0,20,0,50,0,0],"v":{"k":1,"w":6}},{"k":[36,0,0,20,0,50,0,0],"v":{"k":2,"w":6}},{"k":[39,0,0,29,0,0,50,90],"v":{"k":2,"w":8}},{"k":[35,0,0,30,0,0,50,90],"v":{"k":1,"w":8}},{"k":[35,0,0,31,0,0,50,90],"v":{"k":0,"w":8}},{"k":[32,0,0,17,0,50,0,0],"v":{"k":2,"w":6}},{"k":[33,0,0,17,0,50,0,0],"v":{"k":0,"w":11}},{"k":[39,0,0,30,0,0,50,90],"v":{"k":1,"w":8}},{"k":[39,0,0,31,0,0,50,90],"v":{"k":0,"w":8}},{"k":[35,0,0,29,0,0,50,90],"v":{"k":2,"w":8}},{"k":[38,0,0,29,0,50,0,0],"v":{"k":3,"w":8}}]}}