{"lands":{"autotiles":[],"floors":[{"k":[33,0,0,48,0],"v":{"t":[0,0]}},{"k":[32,0,0,49,0],"v":{"t":[0,0]}},{"k":[36,0,0,48,0],"v":{"t":[0,0]}},{"k":[35,0,0,49,0],"v":{"t":[0,0]}},{"k":[45,3,50,48,0],"v":{"t":[0,0]}},{"k":[35,0,0,48,0],"v":{"t":[0,0]}},{"k":[34,0,0,49,0],"v":{"t":[0,0]}},{"k":[44,3,50,48,0],"v":{"t":[0,0]}},{"k":[47,3,50,48,0],"v":{"t":[0,0]}},{"k":[46,3,50,48,0],"v":{"t":[0,0]}},{"k":[32,0,0,48,0],"v":{"t":[0,0]}},{"k":[41,3,50,48,0],"v":{"t":[0,0]}},{"k":[40,3,50,48,0],"v":{"t":[0,0]}},{"k":[43,3,50,48,0],"v":{"t":[0,0]}},{"k":[42,3,50,48,0],"v":{"t":[0,0]}},{"k":[37,3,50,48,0],"v":{"t":[0,0]}},{"k":[36,3,50,48,0],"v":{"t":[0,0]}},{"k":[39,3,50,48,0],"v":{"t":[0,0]}},{"k":[38,3,50,48,0],"v":{"t":[0,0]}},{"k":[33,3,50,48,0],"v":{"t":[0,0]}},{"k":[32,3,50,48,0],"v":{"t":[0,0]}},{"k":[35,3,50,48,0],"v":{"t":[0,0]}},{"k":[34,3,50,48,0],"v":{"t":[0,0]}},{"k":[47,5,0,49,0],"v":{"t":[0,0]}},{"k":[44,5,0,49,0],"v":{"t":[0,0]}},{"k":[43,5,0,49,0],"v":{"t":[0,0]}},{"k":[46,5,0,49,0],"v":{"t":[0,0]}},{"k":[45,5,0,49,0],"v":{"t":[0,0]}},{"k":[46,0,0,48,0],"v":{"t":[0,0]}},{"k":[45,0,0,49,0],"v":{"t":[0,0]}},{"k":[40,5,0,49,0],"v":{"t":[0,0]}},{"k":[45,0,0,48,0],"v":{"t":[0,0]}},{"k":[44,0,0,49,0],"v":{"t":[0,0]}},{"k":[39,5,0,49,0],"v":{"t":[0,0]}},{"k":[47,0,0,49,0],"v":{"t":[0,0]}},{"k":[42,5,0,49,0],"v":{"t":[0,0]}},{"k":[47,0,0,48,0],"v":{"t":[0,0]}},{"k":[46,0,0,49,0],"v":{"t":[0,0]}},{"k":[41,5,0,49,0],"v":{"t":[0,0]}},{"k":[42,0,0,48,0],"v":{"t":[0,0]}},{"k":[41,0,0,49,0],"v":{"t":[0,0]}},{"k":[36,5,0,49,0],"v":{"t":[0,0]}},{"k":[38,0,0,48,0],"v":{"t":[0,0]}},{"k":[37,0,0,49,0],"v":{"t":[0,0]}},{"k":[41,0,0,48,0],"v":{"t":[0,0]}},{"k":[40,0,0,49,0],"v":{"t":[0,0]}},{"k":[35,5,0,49,0],"v":{"t":[0,0]}},{"k":[32,5,0,49,0],"v":{"t":[0,0]}},{"k":[44,0,0,48,0],"v":{"t":[0,0]}},{"k":[43,0,0,49,0],"v":{"t":[0,0]}},{"k":[38,5,0,49,0],"v":{"t":[0,0]}},{"k":[37,0,0,48,0],"v":{"t":[0,0]}},{"k":[36,0,0,49,0],"v":{"t":[0,0]}},{"k":[40,0,0,48,0],"v":{"t":[0,0]}},{"k":[39,0,0,49,0],"v":{"t":[0,0]}},{"k":[34,5,0,49,0],"v":{"t":[0,0]}},{"k":[43,0,0,48,0],"v":{"t":[0,0]}},{"k":[42,0,0,49,0],"v":{"t":[0,0]}},{"k":[37,5,0,49,0],"v":{"t":[0,0]}},{"k":[39,0,0,48,0],"v":{"t":[0,0]}},{"k":[38,0,0,49,0],"v":{"t":[0,0]}},{"k":[33,5,0,49,0],"v":{"t":[0,0]}},{"k":[34,0,0,48,0],"v":{"t":[0,0]}},{"k":[33,0,0,49,0],"v":{"t":[2,3]}}]},"moun":{"a":[{"k":[37,0,0,49,0],"v":{"hs":5,"l":true,"r":true,"sid":1,"wp":31.25}},{"k":[38,0,0,48,0],"v":{"hp":50,"hs":3,"l":true,"r":true,"sid":1,"wp":31.25}},{"k":[36,0,0,49,0],"v":{"hs":5,"l":true,"r":true,"sid":1,"wp":31.25}},{"k":[37,0,0,48,0],"v":{"hp":50,"hs":3,"l":true,"r":true,"sid":1,"t":true,"wp":31.25}},{"k":[39,0,0,49,0],"v":{"hs":5,"l":true,"r":true,"sid":1,"wp":31.25}},{"k":[40,0,0,48,0],"v":{"hp":50,"hs":3,"l":true,"r":true,"sid":1,"t":true,"wp":31.25}},{"k":[45,0,0,49,0],"v":{"hs":5,"l":true,"r":true,"sid":1,"wp":31.25}},{"k":[46,0,0,48,0],"v":{"hp":50,"hs":3,"l":true,"r":true,"sid":1,"wp":31.25}},{"k":[38,0,0,49,0],"v":{"hs":5,"l":true,"r":true,"sid":1,"wp":31.25}},{"k":[39,0,0,48,0],"v":{"hp":50,"hs":3,"l":true,"r":true,"sid":1,"t":true,"wp":31.25}},{"k":[44,0,0,49,0],"v":{"hs":5,"l":true,"r":true,"sid":1,"wp":31.25}},{"k":[45,0,0,48,0],"v":{"hp":50,"hs":3,"l":true,"r":true,"sid":1,"t":true,"wp":31.25}},{"k":[33,0,0,49,0],"v":{"hs":5,"l":true,"r":true,"sid":1,"wp":31.25}},{"k":[34,0,0,48,0],"v":{"hp":50,"hs":3,"l":true,"r":true,"sid":1,"t":true,"wp":31.25}},{"k":[47,0,0,49,0],"v":{"hs":5,"l":true,"r":true,"sid":1,"wp":31.25}},{"k":[32,0,0,49,0],"v":{"hs":5,"l":true,"r":true,"sid":1,"wp":31.25}},{"k":[33,0,0,48,0],"v":{"hp":50,"hs":3,"l":true,"r":true,"sid":1,"t":true,"wp":31.25}},{"k":[46,0,0,49,0],"v":{"hs":5,"l":true,"r":true,"sid":1,"wp":31.25}},{"k":[47,0,0,48,0],"v":{"hp":50,"hs":3,"l":true,"r":true,"sid":1,"wp":31.25}},{"k":[35,0,0,49,0],"v":{"hs":5,"l":true,"r":true,"sid":1,"wp":31.25}},{"k":[36,0,0,48,0],"v":{"hp":50,"hs":3,"l":true,"r":true,"sid":1,"t":true,"wp":31.25}},{"k":[41,0,0,49,0],"v":{"hs":5,"l":true,"r":true,"sid":1,"wp":31.25}},{"k":[42,0,0,48,0],"v":{"hp":50,"hs":3,"l":true,"r":true,"sid":1,"t":true,"wp":31.25}},{"k":[34,0,0,49,0],"v":{"hs":5,"l":true,"r":true,"sid":1,"wp":31.25}},{"k":[35,0,0,48,0],"v":{"hp":50,"hs":3,"l":true,"r":true,"sid":1,"t":true,"wp":31.25}},{"k":[40,0,0,49,0],"v":{"hs":5,"l":true,"r":true,"sid":1,"wp":31.25}},{"k":[41,0,0,48,0],"v":{"hp":50,"hs":3,"l":true,"r":true,"sid":1,"t":true,"wp":31.25}},{"k":[43,0,0,49,0],"v":{"hs":5,"l":true,"r":true,"sid":1,"wp":31.25}},{"k":[44,0,0,48,0],"v":{"hp":50,"hs":3,"l":true,"r":true,"sid":1,"t":true,"wp":31.25}},{"k":[42,0,0,49,0],"v":{"hs":5,"l":true,"r":true,"sid":1,"wp":31.25}},{"k":[43,0,0,48,0],"v":{"hp":50,"hs":3,"l":true,"r":true,"sid":1,"t":true,"wp":31.25}},{"k":[32,0,0,48,0],"v":{"hp":50,"hs":3,"l":true,"r":true,"sid":1,"t":true,"wp":31.25}}],"o":[]},"objs":{"list":[]},"objs3d":{"a":[],"o":[]},"sprites":{"list":[],"overflow":[],"walls":[]}}