{"lands":{"autotiles":[{"k":[36,0,0,32,0],"v":{"id":1,"t":[1,0],"tid":477}},{"k":[35,0,0,32,0],"v":{"id":1,"t":[1,0],"tid":477}},{"k":[38,0,0,32,0],"v":{"id":1,"t":[1,0],"tid":477}},{"k":[37,0,0,32,0],"v":{"id":1,"t":[1,0],"tid":477}},{"k":[39,0,0,32,0],"v":{"id":1,"t":[1,0],"tid":116}},{"k":[34,0,0,32,0],"v":{"id":1,"t":[1,0],"tid":520}}],"floors":[{"k":[47,0,0,47,0],"v":{"t":[0,0]}},{"k":[47,0,0,46,0],"v":{"t":[0,0]}},{"k":[46,0,0,47,0],"v":{"t":[0,0]}},{"k":[47,0,0,43,0],"v":{"t":[0,0]}},{"k":[46,0,0,44,0],"v":{"t":[0,0]}},{"k":[45,0,0,45,0],"v":{"t":[0,0]}},{"k":[44,0,0,46,0],"v":{"t":[0,0]}},{"k":[43,0,0,47,0],"v":{"t":[0,0]}},{"k":[47,0,0,42,0],"v":{"t":[0,0]}},{"k":[46,0,0,43,0],"v":{"t":[0,0]}},{"k":[45,0,0,44,0],"v":{"t":[0,0]}},{"k":[44,0,0,45,0],"v":{"t":[0,0]}},{"k":[43,0,0,46,0],"v":{"t":[0,0]}},{"k":[42,0,0,47,0],"v":{"t":[0,0]}},{"k":[47,0,0,45,0],"v":{"t":[0,0]}},{"k":[46,0,0,46,0],"v":{"t":[0,0]}},{"k":[45,0,0,47,0],"v":{"t":[0,0]}},{"k":[47,0,0,44,0],"v":{"t":[0,0]}},{"k":[46,0,0,45,0],"v":{"t":[0,0]}},{"k":[45,0,0,46,0],"v":{"t":[0,0]}},{"k":[44,0,0,47,0],"v":{"t":[0,0]}},{"k":[46,3,50,46,0],"v":{"t":[0,0]}},{"k":[45,3,50,47,0],"v":{"t":[0,0]}},{"k":[47,3,50,45,0],"v":{"t":[0,0]}},{"k":[47,3,50,42,0],"v":{"t":[0,0]}},{"k":[42,3,50,47,0],"v":{"t":[0,0]}},{"k":[46,2,50,44,0],"v":{"t":[0,0]}},{"k":[45,2,50,45,0],"v":{"t":[0,0]}},{"k":[44,2,50,46,0],"v":{"t":[0,0]}},{"k":[47,3,50,41,0],"v":{"t":[0,0]}},{"k":[41,3,50,47,0],"v":{"t":[0,0]}},{"k":[46,2,50,43,0],"v":{"t":[0,0]}},{"k":[43,2,50,46,0],"v":{"t":[0,0]}},{"k":[45,2,50,44,0],"v":{"t":[0,0]}},{"k":[44,2,50,45,0],"v":{"t":[0,0]}},{"k":[47,3,50,44,0],"v":{"t":[0,0]}},{"k":[46,3,50,45,0],"v":{"t":[0,0]}},{"k":[45,3,50,46,0],"v":{"t":[0,0]}},{"k":[44,3,50,47,0],"v":{"t":[0,0]}},{"k":[47,3,50,43,0],"v":{"t":[0,0]}},{"k":[43,3,50,47,0],"v":{"t":[0,0]}},{"k":[47,3,50,38,0],"v":{"t":[0,0]}},{"k":[38,3,50,47,0],"v":{"t":[0,0]}},{"k":[46,2,50,40,0],"v":{"t":[0,0]}},{"k":[40,2,50,46,0],"v":{"t":[0,0]}},{"k":[47,3,50,37,0],"v":{"t":[0,0]}},{"k":[37,3,50,47,0],"v":{"t":[0,0]}},{"k":[46,2,50,39,0],"v":{"t":[0,0]}},{"k":[39,2,50,46,0],"v":{"t":[0,0]}},{"k":[47,3,50,40,0],"v":{"t":[0,0]}},{"k":[40,3,50,47,0],"v":{"t":[0,0]}},{"k":[46,2,50,42,0],"v":{"t":[0,0]}},{"k":[42,2,50,46,0],"v":{"t":[0,0]}},{"k":[47,3,50,39,0],"v":{"t":[0,0]}},{"k":[39,3,50,47,0],"v":{"t":[0,0]}},{"k":[46,2,50,41,0],"v":{"t":[0,0]}},{"k":[41,2,50,46,0],"v":{"t":[0,0]}},{"k":[47,3,50,34,0],"v":{"t":[0,0]}},{"k":[34,3,50,47,0],"v":{"t":[0,0]}},{"k":[46,2,50,36,0],"v":{"t":[0,0]}},{"k":[36,2,50,46,0],"v":{"t":[0,0]}},{"k":[47,3,50,33,0],"v":{"t":[0,0]}},{"k":[33,3,50,47,0],"v":{"t":[0,0]}},{"k":[46,2,50,35,0],"v":{"t":[0,0]}},{"k":[35,2,50,46,0],"v":{"t":[0,0]}},{"k":[47,3,50,36,0],"v":{"t":[0,0]}},{"k":[36,3,50,47,0],"v":{"t":[0,0]}},{"k":[46,2,50,38,0],"v":{"t":[0,0]}},{"k":[38,2,50,46,0],"v":{"t":[0,0]}},{"k":[47,3,50,35,0],"v":{"t":[0,0]}},{"k":[35,3,50,47,0],"v":{"t":[0,0]}},{"k":[46,2,50,37,0],"v":{"t":[0,0]}},{"k":[37,2,50,46,0],"v":{"t":[0,0]}},{"k":[46,2,50,32,0],"v":{"t":[0,0]}},{"k":[32,2,50,46,0],"v":{"t":[0,0]}},{"k":[47,3,50,32,0],"v":{"t":[0,0]}},{"k":[32,3,50,47,0],"v":{"t":[0,0]}},{"k":[46,2,50,34,0],"v":{"t":[0,0]}},{"k":[34,2,50,46,0],"v":{"t":[0,0]}},{"k":[46,2,50,33,0],"v":{"t":[0,0]}},{"k":[33,2,50,46,0],"v":{"t":[0,0]}},{"k":[47,0,0,39,0],"v":{"t":[0,0]}},{"k":[46,0,0,40,0],"v":{"t":[0,0]}},{"k":[45,0,0,41,0],"v":{"t":[0,0]}},{"k":[44,0,0,42,0],"v":{"t":[0,0]}},{"k":[43,0,0,43,0],"v":{"t":[0,0]}},{"k":[42,0,0,44,0],"v":{"t":[0,0]}},{"k":[41,0,0,45,0],"v":{"t":[0,0]}},{"k":[40,0,0,46,0],"v":{"t":[0,0]}},{"k":[39,0,0,47,0],"v":{"t":[0,0]}},{"k":[47,0,0,38,0],"v":{"t":[0,0]}},{"k":[46,0,0,39,0],"v":{"t":[0,0]}},{"k":[45,0,0,40,0],"v":{"t":[0,0]}},{"k":[44,0,0,41,0],"v":{"t":[0,0]}},{"k":[43,0,0,42,0],"v":{"t":[0,0]}},{"k":[42,0,0,43,0],"v":{"t":[0,0]}},{"k":[41,0,0,44,0],"v":{"t":[0,0]}},{"k":[40,0,0,45,0],"v":{"t":[0,0]}},{"k":[39,0,0,46,0],"v":{"t":[0,0]}},{"k":[38,0,0,47,0],"v":{"t":[0,0]}},{"k":[47,0,0,41,0],"v":{"t":[0,0]}},{"k":[46,0,0,42,0],"v":{"t":[0,0]}},{"k":[45,0,0,43,0],"v":{"t":[0,0]}},{"k":[44,0,0,44,0],"v":{"t":[0,0]}},{"k":[43,0,0,45,0],"v":{"t":[0,0]}},{"k":[42,0,0,46,0],"v":{"t":[0,0]}},{"k":[41,0,0,47,0],"v":{"t":[0,0]}},{"k":[47,0,0,40,0],"v":{"t":[0,0]}},{"k":[46,0,0,41,0],"v":{"t":[0,0]}},{"k":[45,0,0,42,0],"v":{"t":[0,0]}},{"k":[44,0,0,43,0],"v":{"t":[0,0]}},{"k":[43,0,0,44,0],"v":{"t":[0,0]}},{"k":[42,0,0,45,0],"v":{"t":[0,0]}},{"k":[41,0,0,46,0],"v":{"t":[0,0]}},{"k":[40,0,0,47,0],"v":{"t":[0,0]}},{"k":[47,0,0,35,0],"v":{"t":[0,0]}},{"k":[46,0,0,36,0],"v":{"t":[0,0]}},{"k":[45,0,0,37,0],"v":{"t":[0,0]}},{"k":[44,0,0,38,0],"v":{"t":[0,0]}},{"k":[43,0,0,39,0],"v":{"t":[0,0]}},{"k":[42,0,0,40,0],"v":{"t":[0,0]}},{"k":[41,0,0,41,0],"v":{"t":[0,0]}},{"k":[40,0,0,42,0],"v":{"t":[0,0]}},{"k":[39,0,0,43,0],"v":{"t":[0,0]}},{"k":[38,0,0,44,0],"v":{"t":[0,0]}},{"k":[37,0,0,45,0],"v":{"t":[0,0]}},{"k":[36,0,0,46,0],"v":{"t":[0,0]}},{"k":[35,0,0,47,0],"v":{"t":[0,0]}},{"k":[47,0,0,34,0],"v":{"t":[0,0]}},{"k":[46,0,0,35,0],"v":{"t":[0,0]}},{"k":[45,0,0,36,0],"v":{"t":[0,0]}},{"k":[44,0,0,37,0],"v":{"t":[0,0]}},{"k":[43,0,0,38,0],"v":{"t":[0,0]}},{"k":[42,0,0,39,0],"v":{"t":[0,0]}},{"k":[41,0,0,40,0],"v":{"t":[0,0]}},{"k":[40,0,0,41,0],"v":{"t":[0,0]}},{"k":[39,0,0,42,0],"v":{"t":[0,0]}},{"k":[38,0,0,43,0],"v":{"t":[0,0]}},{"k":[37,0,0,44,0],"v":{"t":[0,0]}},{"k":[36,0,0,45,0],"v":{"t":[0,0]}},{"k":[35,0,0,46,0],"v":{"t":[0,0]}},{"k":[34,0,0,47,0],"v":{"t":[0,0]}},{"k":[47,0,0,37,0],"v":{"t":[0,0]}},{"k":[46,0,0,38,0],"v":{"t":[0,0]}},{"k":[45,0,0,39,0],"v":{"t":[0,0]}},{"k":[44,0,0,40,0],"v":{"t":[0,0]}},{"k":[43,0,0,41,0],"v":{"t":[0,0]}},{"k":[42,0,0,42,0],"v":{"t":[0,0]}},{"k":[41,0,0,43,0],"v":{"t":[0,0]}},{"k":[40,0,0,44,0],"v":{"t":[0,0]}},{"k":[39,0,0,45,0],"v":{"t":[0,0]}},{"k":[38,0,0,46,0],"v":{"t":[0,0]}},{"k":[37,0,0,47,0],"v":{"t":[0,0]}},{"k":[47,0,0,36,0],"v":{"t":[0,0]}},{"k":[46,0,0,37,0],"v":{"t":[0,0]}},{"k":[45,0,0,38,0],"v":{"t":[0,0]}},{"k":[44,0,0,39,0],"v":{"t":[0,0]}},{"k":[43,0,0,40,0],"v":{"t":[0,0]}},{"k":[42,0,0,41,0],"v":{"t":[0,0]}},{"k":[41,0,0,42,0],"v":{"t":[0,0]}},{"k":[40,0,0,43,0],"v":{"t":[0,0]}},{"k":[39,0,0,44,0],"v":{"t":[0,0]}},{"k":[38,0,0,45,0],"v":{"t":[0,0]}},{"k":[37,0,0,46,0],"v":{"t":[0,0]}},{"k":[36,0,0,47,0],"v":{"t":[0,0]}},{"k":[46,0,0,32,0],"v":{"t":[0,0]}},{"k":[45,0,0,33,0],"v":{"t":[0,0]}},{"k":[44,0,0,34,0],"v":{"t":[0,0]}},{"k":[43,0,0,35,0],"v":{"t":[0,0]}},{"k":[42,0,0,36,0],"v":{"t":[0,0]}},{"k":[41,0,0,37,0],"v":{"t":[0,0]}},{"k":[40,0,0,38,0],"v":{"t":[0,0]}},{"k":[39,0,0,39,0],"v":{"t":[0,0]}},{"k":[38,0,0,40,0],"v":{"t":[0,0]}},{"k":[37,0,0,41,0],"v":{"t":[0,0]}},{"k":[36,0,0,42,0],"v":{"t":[0,0]}},{"k":[35,0,0,43,0],"v":{"t":[0,0]}},{"k":[34,0,0,44,0],"v":{"t":[0,0]}},{"k":[33,0,0,45,0],"v":{"t":[0,0]}},{"k":[32,0,0,46,0],"v":{"t":[0,0]}},{"k":[45,0,0,32,0],"v":{"t":[0,0]}},{"k":[44,0,0,33,0],"v":{"t":[0,0]}},{"k":[43,0,0,34,0],"v":{"t":[0,0]}},{"k":[42,0,0,35,0],"v":{"t":[0,0]}},{"k":[41,0,0,36,0],"v":{"t":[0,0]}},{"k":[40,0,0,37,0],"v":{"t":[0,0]}},{"k":[39,0,0,38,0],"v":{"t":[0,0]}},{"k":[38,0,0,39,0],"v":{"t":[0,0]}},{"k":[37,0,0,40,0],"v":{"t":[0,0]}},{"k":[36,0,0,41,0],"v":{"t":[0,0]}},{"k":[35,0,0,42,0],"v":{"t":[0,0]}},{"k":[34,0,0,43,0],"v":{"t":[0,0]}},{"k":[33,0,0,44,0],"v":{"t":[0,0]}},{"k":[32,0,0,45,0],"v":{"t":[0,0]}},{"k":[47,0,0,33,0],"v":{"t":[0,0]}},{"k":[46,0,0,34,0],"v":{"t":[0,0]}},{"k":[45,0,0,35,0],"v":{"t":[0,0]}},{"k":[44,0,0,36,0],"v":{"t":[0,0]}},{"k":[43,0,0,37,0],"v":{"t":[0,0]}},{"k":[42,0,0,38,0],"v":{"t":[0,0]}},{"k":[41,0,0,39,0],"v":{"t":[0,0]}},{"k":[40,0,0,40,0],"v":{"t":[0,0]}},{"k":[39,0,0,41,0],"v":{"t":[0,0]}},{"k":[38,0,0,42,0],"v":{"t":[0,0]}},{"k":[37,0,0,43,0],"v":{"t":[0,0]}},{"k":[36,0,0,44,0],"v":{"t":[0,0]}},{"k":[35,0,0,45,0],"v":{"t":[0,0]}},{"k":[34,0,0,46,0],"v":{"t":[0,0]}},{"k":[33,0,0,47,0],"v":{"t":[0,0]}},{"k":[47,0,0,32,0],"v":{"t":[0,0]}},{"k":[46,0,0,33,0],"v":{"t":[0,0]}},{"k":[45,0,0,34,0],"v":{"t":[0,0]}},{"k":[44,0,0,35,0],"v":{"t":[0,0]}},{"k":[43,0,0,36,0],"v":{"t":[0,0]}},{"k":[42,0,0,37,0],"v":{"t":[0,0]}},{"k":[41,0,0,38,0],"v":{"t":[0,0]}},{"k":[40,0,0,39,0],"v":{"t":[0,0]}},{"k":[39,0,0,40,0],"v":{"t":[0,0]}},{"k":[38,0,0,41,0],"v":{"t":[0,0]}},{"k":[37,0,0,42,0],"v":{"t":[0,0]}},{"k":[36,0,0,43,0],"v":{"t":[0,0]}},{"k":[35,0,0,44,0],"v":{"t":[0,0]}},{"k":[34,0,0,45,0],"v":{"t":[0,0]}},{"k":[33,0,0,46,0],"v":{"t":[0,0]}},{"k":[32,0,0,47,0],"v":{"t":[0,0]}},{"k":[42,0,0,32,0],"v":{"t":[0,0]}},{"k":[41,0,0,33,0],"v":{"t":[0,0]}},{"k":[40,0,0,34,0],"v":{"t":[0,0]}},{"k":[39,0,0,35,0],"v":{"t":[0,0]}},{"k":[38,0,0,36,0],"v":{"t":[0,0]}},{"k":[37,0,0,37,0],"v":{"t":[0,0]}},{"k":[36,0,0,38,0],"v":{"t":[0,0]}},{"k":[35,0,0,39,0],"v":{"t":[0,0]}},{"k":[34,0,0,40,0],"v":{"t":[0,0]}},{"k":[33,0,0,41,0],"v":{"t":[0,0]}},{"k":[32,0,0,42,0],"v":{"t":[0,0]}},{"k":[41,0,0,32,0],"v":{"t":[0,0]}},{"k":[40,0,0,33,0],"v":{"t":[0,0]}},{"k":[39,0,0,34,0],"v":{"t":[0,0]}},{"k":[38,0,0,35,0],"v":{"t":[0,0]}},{"k":[37,0,0,36,0],"v":{"t":[0,0]}},{"k":[36,0,0,37,0],"v":{"t":[0,0]}},{"k":[35,0,0,38,0],"v":{"t":[0,0]}},{"k":[34,0,0,39,0],"v":{"t":[0,0]}},{"k":[33,0,0,40,0],"v":{"t":[0,0]}},{"k":[32,0,0,41,0],"v":{"t":[0,0]}},{"k":[44,0,0,32,0],"v":{"t":[0,0]}},{"k":[43,0,0,33,0],"v":{"t":[0,0]}},{"k":[42,0,0,34,0],"v":{"t":[0,0]}},{"k":[41,0,0,35,0],"v":{"t":[0,0]}},{"k":[40,0,0,36,0],"v":{"t":[0,0]}},{"k":[39,0,0,37,0],"v":{"t":[0,0]}},{"k":[38,0,0,38,0],"v":{"t":[0,0]}},{"k":[37,0,0,39,0],"v":{"t":[0,0]}},{"k":[36,0,0,40,0],"v":{"t":[0,0]}},{"k":[35,0,0,41,0],"v":{"t":[0,0]}},{"k":[34,0,0,42,0],"v":{"t":[0,0]}},{"k":[33,0,0,43,0],"v":{"t":[0,0]}},{"k":[32,0,0,44,0],"v":{"t":[0,0]}},{"k":[43,0,0,32,0],"v":{"t":[0,0]}},{"k":[42,0,0,33,0],"v":{"t":[0,0]}},{"k":[41,0,0,34,0],"v":{"t":[0,0]}},{"k":[40,0,0,35,0],"v":{"t":[0,0]}},{"k":[39,0,0,36,0],"v":{"t":[0,0]}},{"k":[38,0,0,37,0],"v":{"t":[0,0]}},{"k":[37,0,0,38,0],"v":{"t":[0,0]}},{"k":[36,0,0,39,0],"v":{"t":[0,0]}},{"k":[35,0,0,40,0],"v":{"t":[0,0]}},{"k":[34,0,0,41,0],"v":{"t":[0,0]}},{"k":[33,0,0,42,0],"v":{"t":[0,0]}},{"k":[32,0,0,43,0],"v":{"t":[0,0]}},{"k":[37,0,0,33,0],"v":{"t":[0,0]}},{"k":[36,0,0,34,0],"v":{"t":[0,0]}},{"k":[35,0,0,35,0],"v":{"t":[0,0]}},{"k":[34,0,0,36,0],"v":{"t":[0,0]}},{"k":[33,0,0,37,0],"v":{"t":[0,0]}},{"k":[32,0,0,38,0],"v":{"t":[0,0]}},{"k":[36,0,0,33,0],"v":{"t":[0,0]}},{"k":[35,0,0,34,0],"v":{"t":[0,0]}},{"k":[34,0,0,35,0],"v":{"t":[0,0]}},{"k":[33,0,0,36,0],"v":{"t":[0,0]}},{"k":[32,0,0,37,0],"v":{"t":[0,0]}},{"k":[40,0,0,32,0],"v":{"t":[0,0]}},{"k":[39,0,0,33,0],"v":{"t":[0,0]}},{"k":[38,0,0,34,0],"v":{"t":[0,0]}},{"k":[37,0,0,35,0],"v":{"t":[0,0]}},{"k":[36,0,0,36,0],"v":{"t":[0,0]}},{"k":[35,0,0,37,0],"v":{"t":[0,0]}},{"k":[34,0,0,38,0],"v":{"t":[0,0]}},{"k":[33,0,0,39,0],"v":{"t":[0,0]}},{"k":[32,0,0,40,0],"v":{"t":[0,0]}},{"k":[38,0,0,33,0],"v":{"t":[0,0]}},{"k":[37,0,0,34,0],"v":{"t":[0,0]}},{"k":[36,0,0,35,0],"v":{"t":[0,0]}},{"k":[35,0,0,36,0],"v":{"t":[0,0]}},{"k":[34,0,0,37,0],"v":{"t":[0,0]}},{"k":[33,0,0,38,0],"v":{"t":[0,0]}},{"k":[32,0,0,39,0],"v":{"t":[0,0]}},{"k":[33,0,0,33,0],"v":{"t":[0,0]}},{"k":[32,0,0,34,0],"v":{"t":[0,0]}},{"k":[33,0,0,32,0],"v":{"t":[0,0]}},{"k":[32,0,0,33,0],"v":{"t":[0,0]}},{"k":[35,0,0,33,0],"v":{"t":[0,0]}},{"k":[34,0,0,34,0],"v":{"t":[0,0]}},{"k":[33,0,0,35,0],"v":{"t":[0,0]}},{"k":[32,0,0,36,0],"v":{"t":[0,0]}},{"k":[34,0,0,33,0],"v":{"t":[0,0]}},{"k":[33,0,0,34,0],"v":{"t":[0,0]}},{"k":[32,0,0,35,0],"v":{"t":[0,0]}},{"k":[32,0,0,32,0],"v":{"t":[0,0]}}]},"moun":{"a":[{"k":[47,0,0,34,0],"v":{"b":true,"hp":50,"hs":3,"r":true,"sid":1,"t":true,"wp":31.25}},{"k":[34,0,0,47,0],"v":{"b":true,"hp":50,"hs":3,"l":true,"r":true,"sid":1,"wp":31.25}},{"k":[46,0,0,35,0],"v":{"b":true,"hp":50,"hs":2,"sid":1,"t":true,"wp":31.25}},{"k":[35,0,0,46,0],"v":{"hp":50,"hs":2,"l":true,"r":true,"sid":1,"wp":31.25}},{"k":[47,0,0,37,0],"v":{"b":true,"hp":50,"hs":3,"r":true,"sid":1,"t":true,"wp":31.25}},{"k":[37,0,0,47,0],"v":{"b":true,"hp":50,"hs":3,"l":true,"r":true,"sid":1,"wp":31.25}},{"k":[46,0,0,38,0],"v":{"b":true,"hp":50,"hs":2,"sid":1,"t":true,"wp":31.25}},{"k":[38,0,0,46,0],"v":{"hp":50,"hs":2,"l":true,"r":true,"sid":1,"wp":31.25}},{"k":[47,0,0,36,0],"v":{"b":true,"hp":50,"hs":3,"r":true,"sid":1,"t":true,"wp":31.25}},{"k":[36,0,0,47,0],"v":{"b":true,"hp":50,"hs":3,"l":true,"r":true,"sid":1,"wp":31.25}},{"k":[46,0,0,37,0],"v":{"b":true,"hp":50,"hs":2,"sid":1,"t":true,"wp":31.25}},{"k":[37,0,0,46,0],"v":{"hp":50,"hs":2,"l":true,"r":true,"sid":1,"wp":31.25}},{"k":[46,0,0,32,0],"v":{"b":true,"hp":50,"hs":2,"sid":1,"t":true,"wp":31.25}},{"k":[32,0,0,46,0],"v":{"hp":50,"hs":2,"l":true,"r":true,"sid":1,"wp":31.25}},{"k":[47,0,0,33,0],"v":{"b":true,"hp":50,"hs":3,"r":true,"sid":1,"t":true,"wp":31.25}},{"k":[33,0,0,47,0],"v":{"b":true,"hp":50,"hs":3,"l":true,"r":true,"sid":1,"wp":31.25}},{"k":[46,0,0,34,0],"v":{"b":true,"hp":50,"hs":2,"sid":1,"t":true,"wp":31.25}},{"k":[34,0,0,46,0],"v":{"hp":50,"hs":2,"l":true,"r":true,"sid":1,"wp":31.25}},{"k":[47,0,0,32,0],"v":{"b":true,"hp":50,"hs":3,"r":true,"sid":1,"t":true,"wp":31.25}},{"k":[32,0,0,47,0],"v":{"b":true,"hp":50,"hs":3,"l":true,"r":true,"sid":1,"wp":31.25}},{"k":[46,0,0,33,0],"v":{"b":true,"hp":50,"hs":2,"sid":1,"t":true,"wp":31.25}},{"k":[33,0,0,46,0],"v":{"hp":50,"hs":2,"l":true,"r":true,"sid":1,"wp":31.25}},{"k":[47,0,0,43,0],"v":{"b":true,"hp":50,"hs":3,"r":true,"sid":1,"t":true,"wp":31.25}},{"k":[43,0,0,47,0],"v":{"b":true,"hp":50,"hs":3,"l":true,"r":true,"sid":1,"wp":31.25}},{"k":[46,0,0,44,0],"v":{"hp":50,"hs":2,"l":true,"sid":1,"t":true,"wp":31.25}},{"k":[45,0,0,45,0],"v":{"hp":50,"hs":2,"l":true,"sid":1,"t":true,"wp":31.25}},{"k":[44,0,0,46,0],"v":{"hp":50,"hs":2,"l":true,"sid":1,"t":true,"wp":31.25}},{"k":[47,0,0,39,0],"v":{"b":true,"hp":50,"hs":3,"r":true,"sid":1,"t":true,"wp":31.25}},{"k":[39,0,0,47,0],"v":{"b":true,"hp":50,"hs":3,"l":true,"r":true,"sid":1,"wp":31.25}},{"k":[46,0,0,40,0],"v":{"b":true,"hp":50,"hs":2,"sid":1,"t":true,"wp":31.25}},{"k":[40,0,0,46,0],"v":{"hp":50,"hs":2,"l":true,"r":true,"sid":1,"wp":31.25}},{"k":[47,0,0,42,0],"v":{"b":true,"hp":50,"hs":3,"r":true,"sid":1,"t":true,"wp":31.25}},{"k":[42,0,0,47,0],"v":{"b":true,"hp":50,"hs":3,"l":true,"r":true,"sid":1,"wp":31.25}},{"k":[46,0,0,43,0],"v":{"b":true,"hp":50,"hs":2,"sid":1,"t":true,"wp":31.25}},{"k":[43,0,0,46,0],"v":{"hp":50,"hs":2,"l":true,"r":true,"sid":1,"wp":31.25}},{"k":[45,0,0,44,0],"v":{"b":true,"hp":50,"hs":2,"r":true,"sid":1,"wp":31.25}},{"k":[44,0,0,45,0],"v":{"b":true,"hp":50,"hs":2,"r":true,"sid":1,"wp":31.25}},{"k":[47,0,0,38,0],"v":{"b":true,"hp":50,"hs":3,"r":true,"sid":1,"t":true,"wp":31.25}},{"k":[38,0,0,47,0],"v":{"b":true,"hp":50,"hs":3,"l":true,"r":true,"sid":1,"wp":31.25}},{"k":[46,0,0,39,0],"v":{"b":true,"hp":50,"hs":2,"sid":1,"t":true,"wp":31.25}},{"k":[39,0,0,46,0],"v":{"hp":50,"hs":2,"l":true,"r":true,"sid":1,"wp":31.25}},{"k":[46,0,0,46,0],"v":{"hp":50,"hs":3,"l":true,"sid":1,"t":true,"wp":31.25}},{"k":[45,0,0,47,0],"v":{"b":true,"hp":50,"hs":3,"l":true,"sid":1,"t":true,"wp":31.25}},{"k":[47,0,0,45,0],"v":{"hp":50,"hs":3,"l":true,"r":true,"sid":1,"t":true,"wp":31.25}},{"k":[47,0,0,41,0],"v":{"b":true,"hp":50,"hs":3,"r":true,"sid":1,"t":true,"wp":31.25}},{"k":[41,0,0,47,0],"v":{"b":true,"hp":50,"hs":3,"l":true,"r":true,"sid":1,"wp":31.25}},{"k":[46,0,0,42,0],"v":{"b":true,"hp":50,"hs":2,"sid":1,"t":true,"wp":31.25}},{"k":[42,0,0,46,0],"v":{"hp":50,"hs":2,"l":true,"r":true,"sid":1,"wp":31.25}},{"k":[47,0,0,44,0],"v":{"b":true,"hp":50,"hs":3,"r":true,"sid":1,"t":true,"wp":31.25}},{"k":[46,0,0,45,0],"v":{"b":true,"hp":50,"hs":3,"r":true,"sid":1,"wp":31.25}},{"k":[45,0,0,46,0],"v":{"b":true,"hp":50,"hs":3,"r":true,"sid":1,"wp":31.25}},{"k":[44,0,0,47,0],"v":{"b":true,"hp":50,"hs":3,"l":true,"r":true,"sid":1,"wp":31.25}},{"k":[47,0,0,40,0],"v":{"b":true,"hp":50,"hs":3,"r":true,"sid":1,"t":true,"wp":31.25}},{"k":[40,0,0,47,0],"v":{"b":true,"hp":50,"hs":3,"l":true,"r":true,"sid":1,"wp":31.25}},{"k":[46,0,0,41,0],"v":{"b":true,"hp":50,"hs":2,"sid":1,"t":true,"wp":31.25}},{"k":[41,0,0,46,0],"v":{"hp":50,"hs":2,"l":true,"r":true,"sid":1,"wp":31.25}},{"k":[47,0,0,35,0],"v":{"b":true,"hp":50,"hs":3,"r":true,"sid":1,"t":true,"wp":31.25}},{"k":[35,0,0,47,0],"v":{"b":true,"hp":50,"hs":3,"l":true,"r":true,"sid":1,"wp":31.25}},{"k":[46,0,0,36,0],"v":{"b":true,"hp":50,"hs":2,"sid":1,"t":true,"wp":31.25}},{"k":[36,0,0,46,0],"v":{"hp":50,"hs":2,"l":true,"r":true,"sid":1,"wp":31.25}}],"o":[[48,0,0,33,0],[33,0,0,48,0],[48,0,0,36,0],[36,0,0,48,0],[48,0,0,35,0],[35,0,0,48,0],[47,0,0,31,0],[31,0,0,47,0],[46,0,0,31,0],[31,0,0,46,0],[48,0,0,32,0],[32,0,0,48,0],[48,0,0,31,0],[31,0,0,48,0],[48,0,0,46,0],[46,0,0,48,0],[48,0,0,45,0],[45,0,0,48,0],[48,0,0,48,0],[48,0,0,47,0],[47,0,0,48,0],[48,0,0,42,0],[42,0,0,48,0],[48,0,0,38,0],[38,0,0,48,0],[48,0,0,41,0],[41,0,0,48,0],[48,0,0,37,0],[37,0,0,48,0],[48,0,0,44,0],[44,0,0,48,0],[48,0,0,40,0],[40,0,0,48,0],[48,0,0,43,0],[43,0,0,48,0],[48,0,0,39,0],[39,0,0,48,0],[48,0,0,34,0],[34,0,0,48,0]]},"objs":{"list":[]},"objs3d":{"a":[],"o":[]},"sprites":{"list":[{"k":[42,0,0,39,0],"v":{"f":false,"k":4,"t":[0,8,2,3]}},{"k":[40,0,0,41,0],"v":{"f":false,"k":4,"t":[7,7,1,1]}},{"k":[41,0,0,43,0],"v":{"f":false,"k":4,"t":[7,7,1,1]}},{"k":[41,0,0,42,0],"v":{"f":false,"k":4,"t":[7,7,1,1]}},{"k":[33,0,0,45,0],"v":{"f":false,"k":4,"t":[7,7,1,1]}},{"k":[34,0,0,44,0],"v":{"f":false,"k":4,"t":[7,7,1,1]}},{"k":[38,0,0,40,0],"v":{"f":false,"k":4,"t":[7,7,1,1]}},{"k":[33,0,0,44,0],"v":{"f":false,"k":4,"t":[7,7,1,1]}},{"k":[40,0,0,37,0],"v":{"f":false,"k":4,"t":[0,8,2,3]}},{"k":[37,0,0,40,0],"v":{"f":false,"k":4,"t":[7,7,1,1]}},{"k":[43,0,0,34,0],"v":{"f":false,"k":4,"t":[6,8,1,1]}},{"k":[43,0,0,37,0],"v":{"f":false,"k":4,"t":[7,8,1,1]}},{"k":[39,0,0,41,0],"v":{"f":false,"k":4,"t":[7,7,1,1]}},{"k":[44,0,0,36,0],"v":{"f":false,"k":4,"t":[3,3,1,1]}},{"k":[37,0,0,42,0],"v":{"f":false,"k":4,"t":[0,8,2,3]}},{"k":[34,0,0,45,0],"v":{"f":false,"k":4,"t":[7,7,1,1]}},{"k":[37,0,0,37,0],"v":{"f":false,"k":4,"t":[0,8,2,3]}},{"k":[39,0,0,35,0],"v":{"f":false,"k":4,"t":[7,8,1,1]}},{"k":[32,0,0,42,0],"v":{"f":false,"k":4,"t":[7,7,1,1]}},{"k":[33,0,0,41,0],"v":{"f":false,"k":4,"t":[7,7,1,1]}},{"k":[41,0,0,33,0],"v":{"f":false,"k":4,"t":[6,8,1,1]}},{"k":[34,0,0,39,0],"v":{"f":false,"k":4,"t":[0,8,2,3]}},{"k":[32,0,0,41,0],"v":{"f":false,"k":4,"t":[7,7,1,1]}},{"k":[40,0,0,33,0],"v":{"f":false,"k":4,"t":[6,8,1,1]}},{"k":[42,0,0,34,0],"v":{"f":false,"k":4,"t":[5,5,1,1]}},{"k":[34,0,0,42,0],"v":{"f":false,"k":4,"t":[2,3,1,1]}},{"k":[34,0,0,41,0],"v":{"f":false,"k":4,"t":[7,7,1,1]}},{"k":[36,0,0,39,0],"v":{"f":false,"k":4,"t":[7,7,1,1]}},{"k":[42,0,0,33,0],"v":{"f":false,"k":4,"t":[6,8,1,1]}},{"k":[40,0,0,35,0],"v":{"f":false,"k":4,"t":[5,5,1,1]}},{"k":[38,0,0,37,0],"v":{"f":false,"k":4,"t":[5,5,1,1]}},{"k":[35,0,0,35,0],"v":{"f":false,"k":4,"t":[6,8,1,1]}},{"k":[34,0,0,35,0],"v":{"f":false,"k":4,"t":[6,8,1,1]}},{"k":[34,0,0,38,0],"v":{"f":false,"k":4,"t":[5,5,1,1]}},{"k":[32,0,0,39,0],"v":{"f":false,"k":4,"t":[5,5,1,1]}},{"k":[32,0,0,34,0],"v":{"f":false,"k":4,"t":[0,8,2,3]}},{"k":[33,0,0,35,0],"v":{"f":false,"k":4,"t":[6,8,1,1]}},{"k":[40,0,0,42,0],"v":{"f":false,"k":4,"t":[7,7,1,1]}}],"overflow":[],"walls":[{"k":[36,0,0,32,0,50,0,0],"v":{"k":1,"w":8}},{"k":[35,0,0,32,0,50,0,0],"v":{"k":0,"w":8}},{"k":[38,0,0,32,0,50,0,0],"v":{"k":2,"w":8}},{"k":[37,0,0,32,0,50,0,0],"v":{"k":1,"w":8}}]}}