{"lands":{"autotiles":[{"k":[33,0,0,15,0],"v":{"id":1,"t":[1,0],"tid":471}},{"k":[46,0,0,15,0],"v":{"id":1,"t":[1,0],"tid":471}},{"k":[47,0,0,15,0],"v":{"id":1,"t":[1,0],"tid":471}},{"k":[44,0,0,15,0],"v":{"id":1,"t":[1,0],"tid":471}},{"k":[45,0,0,15,0],"v":{"id":1,"t":[1,0],"tid":471}},{"k":[42,0,0,15,0],"v":{"id":1,"t":[1,0],"tid":471}},{"k":[40,0,0,15,0],"v":{"id":1,"t":[1,0],"tid":471}},{"k":[43,0,0,15,0],"v":{"id":1,"t":[1,0],"tid":471}},{"k":[41,0,0,15,0],"v":{"id":1,"t":[1,0],"tid":471}},{"k":[38,0,0,15,0],"v":{"id":1,"t":[1,0],"tid":471}},{"k":[39,0,0,15,0],"v":{"id":1,"t":[1,0],"tid":471}},{"k":[36,0,0,15,0],"v":{"id":1,"t":[1,0],"tid":471}},{"k":[37,0,0,15,0],"v":{"id":1,"t":[1,0],"tid":471}},{"k":[34,0,0,15,0],"v":{"id":1,"t":[1,0],"tid":471}},{"k":[35,0,0,15,0],"v":{"id":1,"t":[1,0],"tid":471}},{"k":[32,0,0,15,0],"v":{"id":1,"t":[1,0],"tid":471}}],"floors":[{"k":[33,3,50,1,0],"v":{"t":[0,0]}},{"k":[32,3,50,2,0],"v":{"t":[0,0]}},{"k":[32,2,50,3,0],"v":{"t":[0,0]}},{"k":[34,3,50,1,0],"v":{"t":[0,0]}},{"k":[33,3,50,2,0],"v":{"t":[0,0]}},{"k":[33,2,50,3,0],"v":{"t":[0,0]}},{"k":[32,3,50,1,0],"v":{"t":[0,0]}},{"k":[47,0,0,14,0],"v":{"t":[0,0]}},{"k":[45,0,0,14,0],"v":{"t":[0,0]}},{"k":[46,0,0,13,0],"v":{"t":[0,0]}},{"k":[47,0,0,12,0],"v":{"t":[0,0]}},{"k":[46,0,0,14,0],"v":{"t":[0,0]}},{"k":[47,0,0,13,0],"v":{"t":[0,0]}},{"k":[43,0,0,14,0],"v":{"t":[0,0]}},{"k":[44,0,0,13,0],"v":{"t":[0,0]}},{"k":[45,0,0,12,0],"v":{"t":[0,0]}},{"k":[46,0,0,11,0],"v":{"t":[0,0]}},{"k":[47,0,0,10,0],"v":{"t":[0,0]}},{"k":[44,0,0,14,0],"v":{"t":[0,0]}},{"k":[45,0,0,13,0],"v":{"t":[0,0]}},{"k":[46,0,0,12,0],"v":{"t":[0,0]}},{"k":[47,0,0,11,0],"v":{"t":[0,0]}},{"k":[33,0,0,14,0],"v":{"t":[0,0]}},{"k":[34,0,0,13,0],"v":{"t":[0,0]}},{"k":[35,0,0,12,0],"v":{"t":[0,0]}},{"k":[36,0,0,11,0],"v":{"t":[0,0]}},{"k":[37,0,0,10,0],"v":{"t":[0,0]}},{"k":[38,0,0,9,0],"v":{"t":[0,0]}},{"k":[39,0,0,8,0],"v":{"t":[0,0]}},{"k":[40,0,0,7,0],"v":{"t":[0,0]}},{"k":[41,0,0,6,0],"v":{"t":[0,0]}},{"k":[42,0,0,5,0],"v":{"t":[0,0]}},{"k":[43,0,0,4,0],"v":{"t":[0,0]}},{"k":[44,0,0,3,0],"v":{"t":[0,0]}},{"k":[45,0,0,2,0],"v":{"t":[0,0]}},{"k":[46,0,0,1,0],"v":{"t":[0,0]}},{"k":[47,0,0,0,0],"v":{"t":[0,0]}},{"k":[42,5,0,0,0],"v":{"t":[0,0]}},{"k":[34,0,0,14,0],"v":{"t":[0,0]}},{"k":[35,0,0,13,0],"v":{"t":[0,0]}},{"k":[36,0,0,12,0],"v":{"t":[0,0]}},{"k":[37,0,0,11,0],"v":{"t":[0,0]}},{"k":[38,0,0,10,0],"v":{"t":[0,0]}},{"k":[39,0,0,9,0],"v":{"t":[0,0]}},{"k":[40,0,0,8,0],"v":{"t":[0,0]}},{"k":[41,0,0,7,0],"v":{"t":[0,0]}},{"k":[42,0,0,6,0],"v":{"t":[0,0]}},{"k":[43,0,0,5,0],"v":{"t":[0,0]}},{"k":[44,0,0,4,0],"v":{"t":[0,0]}},{"k":[45,0,0,3,0],"v":{"t":[0,0]}},{"k":[46,0,0,2,0],"v":{"t":[0,0]}},{"k":[47,0,0,1,0],"v":{"t":[0,0]}},{"k":[43,5,0,0,0],"v":{"t":[0,0]}},{"k":[32,0,0,13,0],"v":{"t":[0,0]}},{"k":[33,0,0,12,0],"v":{"t":[0,0]}},{"k":[34,0,0,11,0],"v":{"t":[0,0]}},{"k":[35,0,0,10,0],"v":{"t":[0,0]}},{"k":[36,0,0,9,0],"v":{"t":[0,0]}},{"k":[37,0,0,8,0],"v":{"t":[0,0]}},{"k":[38,0,0,7,0],"v":{"t":[0,0]}},{"k":[39,0,0,6,0],"v":{"t":[0,0]}},{"k":[40,0,0,5,0],"v":{"t":[0,0]}},{"k":[41,0,0,4,0],"v":{"t":[0,0]}},{"k":[42,0,0,3,0],"v":{"t":[0,0]}},{"k":[43,0,0,2,0],"v":{"t":[0,0]}},{"k":[44,0,0,1,0],"v":{"t":[0,0]}},{"k":[45,0,0,0,0],"v":{"t":[0,0]}},{"k":[40,5,0,0,0],"v":{"t":[0,0]}},{"k":[32,0,0,14,0],"v":{"t":[0,0]}},{"k":[33,0,0,13,0],"v":{"t":[0,0]}},{"k":[34,0,0,12,0],"v":{"t":[0,0]}},{"k":[35,0,0,11,0],"v":{"t":[0,0]}},{"k":[36,0,0,10,0],"v":{"t":[0,0]}},{"k":[37,0,0,9,0],"v":{"t":[0,0]}},{"k":[38,0,0,8,0],"v":{"t":[0,0]}},{"k":[39,0,0,7,0],"v":{"t":[0,0]}},{"k":[40,0,0,6,0],"v":{"t":[0,0]}},{"k":[41,0,0,5,0],"v":{"t":[0,0]}},{"k":[42,0,0,4,0],"v":{"t":[0,0]}},{"k":[43,0,0,3,0],"v":{"t":[0,0]}},{"k":[44,0,0,2,0],"v":{"t":[0,0]}},{"k":[45,0,0,1,0],"v":{"t":[0,0]}},{"k":[46,0,0,0,0],"v":{"t":[0,0]}},{"k":[41,5,0,0,0],"v":{"t":[0,0]}},{"k":[32,0,0,11,0],"v":{"t":[0,0]}},{"k":[33,0,0,10,0],"v":{"t":[0,0]}},{"k":[34,0,0,9,0],"v":{"t":[0,0]}},{"k":[35,0,0,8,0],"v":{"t":[0,0]}},{"k":[36,0,0,7,0],"v":{"t":[0,0]}},{"k":[37,0,0,6,0],"v":{"t":[0,0]}},{"k":[38,0,0,5,0],"v":{"t":[0,0]}},{"k":[39,0,0,4,0],"v":{"t":[0,0]}},{"k":[40,0,0,3,0],"v":{"t":[0,0]}},{"k":[41,0,0,2,0],"v":{"t":[0,0]}},{"k":[42,0,0,1,0],"v":{"t":[0,0]}},{"k":[43,0,0,0,0],"v":{"t":[0,0]}},{"k":[38,5,0,0,0],"v":{"t":[0,0]}},{"k":[32,0,0,12,0],"v":{"t":[0,0]}},{"k":[33,0,0,11,0],"v":{"t":[0,0]}},{"k":[34,0,0,10,0],"v":{"t":[0,0]}},{"k":[35,0,0,9,0],"v":{"t":[0,0]}},{"k":[36,0,0,8,0],"v":{"t":[0,0]}},{"k":[37,0,0,7,0],"v":{"t":[0,0]}},{"k":[38,0,0,6,0],"v":{"t":[0,0]}},{"k":[39,0,0,5,0],"v":{"t":[0,0]}},{"k":[40,0,0,4,0],"v":{"t":[0,0]}},{"k":[41,0,0,3,0],"v":{"t":[0,0]}},{"k":[42,0,0,2,0],"v":{"t":[0,0]}},{"k":[43,0,0,1,0],"v":{"t":[0,0]}},{"k":[44,0,0,0,0],"v":{"t":[0,0]}},{"k":[39,5,0,0,0],"v":{"t":[0,0]}},{"k":[32,0,0,9,0],"v":{"t":[0,0]}},{"k":[33,0,0,8,0],"v":{"t":[0,0]}},{"k":[34,0,0,7,0],"v":{"t":[0,0]}},{"k":[35,0,0,6,0],"v":{"t":[0,0]}},{"k":[36,0,0,5,0],"v":{"t":[0,0]}},{"k":[37,0,0,4,0],"v":{"t":[0,0]}},{"k":[38,0,0,3,0],"v":{"t":[0,0]}},{"k":[39,0,0,2,0],"v":{"t":[0,0]}},{"k":[40,0,0,1,0],"v":{"t":[0,0]}},{"k":[41,0,0,0,0],"v":{"t":[0,0]}},{"k":[36,5,0,0,0],"v":{"t":[0,0]}},{"k":[32,0,0,10,0],"v":{"t":[0,0]}},{"k":[33,0,0,9,0],"v":{"t":[0,0]}},{"k":[34,0,0,8,0],"v":{"t":[0,0]}},{"k":[35,0,0,7,0],"v":{"t":[0,0]}},{"k":[36,0,0,6,0],"v":{"t":[0,0]}},{"k":[37,0,0,5,0],"v":{"t":[0,0]}},{"k":[38,0,0,4,0],"v":{"t":[0,0]}},{"k":[39,0,0,3,0],"v":{"t":[0,0]}},{"k":[40,0,0,2,0],"v":{"t":[0,0]}},{"k":[41,0,0,1,0],"v":{"t":[0,0]}},{"k":[42,0,0,0,0],"v":{"t":[0,0]}},{"k":[37,5,0,0,0],"v":{"t":[0,0]}},{"k":[41,0,0,14,0],"v":{"t":[0,0]}},{"k":[42,0,0,13,0],"v":{"t":[0,0]}},{"k":[43,0,0,12,0],"v":{"t":[0,0]}},{"k":[44,0,0,11,0],"v":{"t":[0,0]}},{"k":[45,0,0,10,0],"v":{"t":[0,0]}},{"k":[46,0,0,9,0],"v":{"t":[0,0]}},{"k":[47,0,0,8,0],"v":{"t":[0,0]}},{"k":[42,0,0,14,0],"v":{"t":[0,0]}},{"k":[43,0,0,13,0],"v":{"t":[0,0]}},{"k":[44,0,0,12,0],"v":{"t":[0,0]}},{"k":[45,0,0,11,0],"v":{"t":[0,0]}},{"k":[46,0,0,10,0],"v":{"t":[0,0]}},{"k":[47,0,0,9,0],"v":{"t":[0,0]}},{"k":[39,0,0,14,0],"v":{"t":[0,0]}},{"k":[40,0,0,13,0],"v":{"t":[0,0]}},{"k":[41,0,0,12,0],"v":{"t":[0,0]}},{"k":[42,0,0,11,0],"v":{"t":[0,0]}},{"k":[43,0,0,10,0],"v":{"t":[0,0]}},{"k":[44,0,0,9,0],"v":{"t":[0,0]}},{"k":[45,0,0,8,0],"v":{"t":[0,0]}},{"k":[46,0,0,7,0],"v":{"t":[0,0]}},{"k":[47,0,0,6,0],"v":{"t":[0,0]}},{"k":[40,0,0,14,0],"v":{"t":[0,0]}},{"k":[41,0,0,13,0],"v":{"t":[0,0]}},{"k":[42,0,0,12,0],"v":{"t":[0,0]}},{"k":[43,0,0,11,0],"v":{"t":[0,0]}},{"k":[44,0,0,10,0],"v":{"t":[0,0]}},{"k":[45,0,0,9,0],"v":{"t":[0,0]}},{"k":[46,0,0,8,0],"v":{"t":[0,0]}},{"k":[47,0,0,7,0],"v":{"t":[0,0]}},{"k":[37,0,0,14,0],"v":{"t":[0,0]}},{"k":[38,0,0,13,0],"v":{"t":[0,0]}},{"k":[39,0,0,12,0],"v":{"t":[0,0]}},{"k":[40,0,0,11,0],"v":{"t":[0,0]}},{"k":[41,0,0,10,0],"v":{"t":[0,0]}},{"k":[42,0,0,9,0],"v":{"t":[0,0]}},{"k":[43,0,0,8,0],"v":{"t":[0,0]}},{"k":[44,0,0,7,0],"v":{"t":[0,0]}},{"k":[45,0,0,6,0],"v":{"t":[0,0]}},{"k":[46,0,0,5,0],"v":{"t":[0,0]}},{"k":[47,0,0,4,0],"v":{"t":[0,0]}},{"k":[46,5,0,0,0],"v":{"t":[0,0]}},{"k":[38,0,0,14,0],"v":{"t":[0,0]}},{"k":[39,0,0,13,0],"v":{"t":[0,0]}},{"k":[40,0,0,12,0],"v":{"t":[0,0]}},{"k":[41,0,0,11,0],"v":{"t":[0,0]}},{"k":[42,0,0,10,0],"v":{"t":[0,0]}},{"k":[43,0,0,9,0],"v":{"t":[0,0]}},{"k":[44,0,0,8,0],"v":{"t":[0,0]}},{"k":[45,0,0,7,0],"v":{"t":[0,0]}},{"k":[46,0,0,6,0],"v":{"t":[0,0]}},{"k":[47,0,0,5,0],"v":{"t":[0,0]}},{"k":[47,5,0,0,0],"v":{"t":[0,0]}},{"k":[35,0,0,14,0],"v":{"t":[0,0]}},{"k":[36,0,0,13,0],"v":{"t":[0,0]}},{"k":[37,0,0,12,0],"v":{"t":[0,0]}},{"k":[38,0,0,11,0],"v":{"t":[0,0]}},{"k":[39,0,0,10,0],"v":{"t":[0,0]}},{"k":[40,0,0,9,0],"v":{"t":[0,0]}},{"k":[41,0,0,8,0],"v":{"t":[0,0]}},{"k":[42,0,0,7,0],"v":{"t":[0,0]}},{"k":[43,0,0,6,0],"v":{"t":[0,0]}},{"k":[44,0,0,5,0],"v":{"t":[0,0]}},{"k":[45,0,0,4,0],"v":{"t":[0,0]}},{"k":[46,0,0,3,0],"v":{"t":[0,0]}},{"k":[47,0,0,2,0],"v":{"t":[0,0]}},{"k":[44,5,0,0,0],"v":{"t":[0,0]}},{"k":[36,0,0,14,0],"v":{"t":[0,0]}},{"k":[37,0,0,13,0],"v":{"t":[0,0]}},{"k":[38,0,0,12,0],"v":{"t":[0,0]}},{"k":[39,0,0,11,0],"v":{"t":[0,0]}},{"k":[40,0,0,10,0],"v":{"t":[0,0]}},{"k":[41,0,0,9,0],"v":{"t":[0,0]}},{"k":[42,0,0,8,0],"v":{"t":[0,0]}},{"k":[43,0,0,7,0],"v":{"t":[0,0]}},{"k":[44,0,0,6,0],"v":{"t":[0,0]}},{"k":[45,0,0,5,0],"v":{"t":[0,0]}},{"k":[46,0,0,4,0],"v":{"t":[0,0]}},{"k":[47,0,0,3,0],"v":{"t":[0,0]}},{"k":[45,5,0,0,0],"v":{"t":[0,0]}},{"k":[32,0,0,0,0],"v":{"t":[0,0]}},{"k":[32,0,0,7,0],"v":{"t":[0,0]}},{"k":[33,0,0,6,0],"v":{"t":[0,0]}},{"k":[34,0,0,5,0],"v":{"t":[0,0]}},{"k":[35,0,0,4,0],"v":{"t":[0,0]}},{"k":[36,0,0,3,0],"v":{"t":[0,0]}},{"k":[37,0,0,2,0],"v":{"t":[0,0]}},{"k":[38,0,0,1,0],"v":{"t":[0,0]}},{"k":[39,0,0,0,0],"v":{"t":[0,0]}},{"k":[34,5,0,0,0],"v":{"t":[0,0]}},{"k":[32,0,0,8,0],"v":{"t":[0,0]}},{"k":[33,0,0,7,0],"v":{"t":[0,0]}},{"k":[34,0,0,6,0],"v":{"t":[0,0]}},{"k":[35,0,0,5,0],"v":{"t":[0,0]}},{"k":[36,0,0,4,0],"v":{"t":[0,0]}},{"k":[37,0,0,3,0],"v":{"t":[0,0]}},{"k":[38,0,0,2,0],"v":{"t":[0,0]}},{"k":[39,0,0,1,0],"v":{"t":[0,0]}},{"k":[40,0,0,0,0],"v":{"t":[0,0]}},{"k":[35,5,0,0,0],"v":{"t":[0,0]}},{"k":[32,0,0,5,0],"v":{"t":[0,0]}},{"k":[33,0,0,4,0],"v":{"t":[0,0]}},{"k":[34,0,0,3,0],"v":{"t":[0,0]}},{"k":[35,0,0,2,0],"v":{"t":[0,0]}},{"k":[36,0,0,1,0],"v":{"t":[0,0]}},{"k":[37,0,0,0,0],"v":{"t":[0,0]}},{"k":[32,5,0,0,0],"v":{"t":[0,0]}},{"k":[32,0,0,6,0],"v":{"t":[0,0]}},{"k":[33,0,0,5,0],"v":{"t":[0,0]}},{"k":[34,0,0,4,0],"v":{"t":[0,0]}},{"k":[35,0,0,3,0],"v":{"t":[0,0]}},{"k":[36,0,0,2,0],"v":{"t":[0,0]}},{"k":[37,0,0,1,0],"v":{"t":[0,0]}},{"k":[38,0,0,0,0],"v":{"t":[0,0]}},{"k":[33,5,0,0,0],"v":{"t":[0,0]}},{"k":[32,0,0,3,0],"v":{"t":[0,0]}},{"k":[33,0,0,2,0],"v":{"t":[0,0]}},{"k":[34,0,0,1,0],"v":{"t":[0,0]}},{"k":[35,0,0,0,0],"v":{"t":[0,0]}},{"k":[32,0,0,4,0],"v":{"t":[0,0]}},{"k":[33,0,0,3,0],"v":{"t":[0,0]}},{"k":[34,0,0,2,0],"v":{"t":[0,0]}},{"k":[35,0,0,1,0],"v":{"t":[0,0]}},{"k":[36,0,0,0,0],"v":{"t":[0,0]}},{"k":[32,0,0,1,0],"v":{"t":[0,0]}},{"k":[33,0,0,0,0],"v":{"t":[0,0]}},{"k":[32,0,0,2,0],"v":{"t":[0,0]}},{"k":[33,0,0,1,0],"v":{"t":[0,0]}},{"k":[34,0,0,0,0],"v":{"t":[0,0]}},{"k":[47,3,50,11,0],"v":{"t":[0,0]}},{"k":[46,2,50,13,0],"v":{"t":[0,0]}},{"k":[47,3,50,12,0],"v":{"t":[0,0]}},{"k":[46,2,50,14,0],"v":{"t":[0,0]}},{"k":[47,3,50,9,0],"v":{"t":[0,0]}},{"k":[46,2,50,11,0],"v":{"t":[0,0]}},{"k":[47,3,50,10,0],"v":{"t":[0,0]}},{"k":[46,2,50,12,0],"v":{"t":[0,0]}},{"k":[47,3,50,7,0],"v":{"t":[0,0]}},{"k":[46,2,50,9,0],"v":{"t":[0,0]}},{"k":[47,3,50,8,0],"v":{"t":[0,0]}},{"k":[46,2,50,10,0],"v":{"t":[0,0]}},{"k":[47,3,50,5,0],"v":{"t":[0,0]}},{"k":[46,2,50,7,0],"v":{"t":[0,0]}},{"k":[47,3,50,6,0],"v":{"t":[0,0]}},{"k":[46,2,50,8,0],"v":{"t":[0,0]}},{"k":[47,3,50,13,0],"v":{"t":[0,0]}},{"k":[47,3,50,14,0],"v":{"t":[0,0]}},{"k":[41,3,50,1,0],"v":{"t":[0,0]}},{"k":[40,3,50,2,0],"v":{"t":[0,0]}},{"k":[40,2,50,3,0],"v":{"t":[0,0]}},{"k":[42,3,50,1,0],"v":{"t":[0,0]}},{"k":[41,3,50,2,0],"v":{"t":[0,0]}},{"k":[41,2,50,3,0],"v":{"t":[0,0]}},{"k":[39,3,50,1,0],"v":{"t":[0,0]}},{"k":[38,3,50,2,0],"v":{"t":[0,0]}},{"k":[38,2,50,3,0],"v":{"t":[0,0]}},{"k":[40,3,50,1,0],"v":{"t":[0,0]}},{"k":[39,3,50,2,0],"v":{"t":[0,0]}},{"k":[39,2,50,3,0],"v":{"t":[0,0]}},{"k":[37,3,50,1,0],"v":{"t":[0,0]}},{"k":[36,3,50,2,0],"v":{"t":[0,0]}},{"k":[36,2,50,3,0],"v":{"t":[0,0]}},{"k":[38,3,50,1,0],"v":{"t":[0,0]}},{"k":[37,3,50,2,0],"v":{"t":[0,0]}},{"k":[37,2,50,3,0],"v":{"t":[0,0]}},{"k":[35,3,50,1,0],"v":{"t":[0,0]}},{"k":[34,3,50,2,0],"v":{"t":[0,0]}},{"k":[34,2,50,3,0],"v":{"t":[0,0]}},{"k":[36,3,50,1,0],"v":{"t":[0,0]}},{"k":[35,3,50,2,0],"v":{"t":[0,0]}},{"k":[35,2,50,3,0],"v":{"t":[0,0]}},{"k":[46,3,50,4,0],"v":{"t":[0,0]}},{"k":[46,2,50,5,0],"v":{"t":[0,0]}},{"k":[47,3,50,4,0],"v":{"t":[0,0]}},{"k":[46,2,50,6,0],"v":{"t":[0,0]}},{"k":[47,3,50,1,0],"v":{"t":[0,0]}},{"k":[45,3,50,3,0],"v":{"t":[0,0]}},{"k":[45,2,50,4,0],"v":{"t":[0,0]}},{"k":[46,3,50,3,0],"v":{"t":[0,0]}},{"k":[45,2,50,5,0],"v":{"t":[0,0]}},{"k":[45,3,50,1,0],"v":{"t":[0,0]}},{"k":[44,3,50,2,0],"v":{"t":[0,0]}},{"k":[44,2,50,3,0],"v":{"t":[0,0]}},{"k":[46,3,50,1,0],"v":{"t":[0,0]}},{"k":[45,3,50,2,0],"v":{"t":[0,0]}},{"k":[44,2,50,4,0],"v":{"t":[0,0]}},{"k":[43,3,50,1,0],"v":{"t":[0,0]}},{"k":[42,3,50,2,0],"v":{"t":[0,0]}},{"k":[42,2,50,3,0],"v":{"t":[0,0]}},{"k":[44,3,50,1,0],"v":{"t":[0,0]}},{"k":[43,3,50,2,0],"v":{"t":[0,0]}},{"k":[43,2,50,3,0],"v":{"t":[0,0]}}]},"moun":{"a":[{"k":[47,0,0,14,0],"v":{"hp":50,"hs":3,"r":true,"sid":1,"t":true,"wp":31.25}},{"k":[47,0,0,12,0],"v":{"b":true,"hp":50,"hs":3,"r":true,"sid":1,"t":true,"wp":31.25}},{"k":[46,0,0,13,0],"v":{"b":true,"hp":50,"hs":2,"sid":1,"t":true,"wp":31.25}},{"k":[47,0,0,13,0],"v":{"b":true,"hp":50,"hs":3,"r":true,"sid":1,"t":true,"wp":31.25}},{"k":[46,0,0,14,0],"v":{"hp":50,"hs":2,"sid":1,"t":true,"wp":31.25}},{"k":[47,0,0,10,0],"v":{"b":true,"hp":50,"hs":3,"r":true,"sid":1,"t":true,"wp":31.25}},{"k":[46,0,0,11,0],"v":{"b":true,"hp":50,"hs":2,"sid":1,"t":true,"wp":31.25}},{"k":[47,0,0,11,0],"v":{"b":true,"hp":50,"hs":3,"r":true,"sid":1,"t":true,"wp":31.25}},{"k":[46,0,0,12,0],"v":{"b":true,"hp":50,"hs":2,"sid":1,"t":true,"wp":31.25}},{"k":[47,0,0,0,0],"v":{"hs":5,"l":true,"r":true,"sid":1,"wp":31.25}},{"k":[46,0,0,1,0],"v":{"hp":50,"hs":3,"l":true,"r":true,"sid":1,"wp":31.25}},{"k":[45,0,0,2,0],"v":{"b":true,"hp":50,"hs":3,"l":true,"sid":1,"t":true,"wp":31.25}},{"k":[44,0,0,3,0],"v":{"b":true,"hp":50,"hs":2,"l":true,"sid":1,"wp":31.25}},{"k":[47,0,0,1,0],"v":{"hp":50,"hs":3,"l":true,"r":true,"sid":1,"wp":31.25}},{"k":[45,0,0,3,0],"v":{"hp":50,"hs":3,"r":true,"sid":1,"t":true,"wp":31.25}},{"k":[44,0,0,4,0],"v":{"hp":50,"hs":2,"r":true,"sid":1,"t":true,"wp":31.25}},{"k":[45,0,0,0,0],"v":{"hs":5,"l":true,"r":true,"sid":1,"wp":31.25}},{"k":[44,0,0,1,0],"v":{"b":true,"hp":50,"hs":3,"l":true,"r":true,"sid":1,"wp":31.25}},{"k":[43,0,0,2,0],"v":{"hp":50,"hs":3,"l":true,"r":true,"sid":1,"t":true,"wp":31.25}},{"k":[42,0,0,3,0],"v":{"hp":50,"hs":2,"l":true,"r":true,"sid":1,"wp":31.25}},{"k":[46,0,0,0,0],"v":{"hs":5,"l":true,"r":true,"sid":1,"wp":31.25}},{"k":[45,0,0,1,0],"v":{"b":true,"hp":50,"hs":3,"l":true,"r":true,"sid":1,"wp":31.25}},{"k":[44,0,0,2,0],"v":{"hp":50,"hs":3,"l":true,"r":true,"sid":1,"t":true,"wp":31.25}},{"k":[43,0,0,3,0],"v":{"hp":50,"hs":2,"l":true,"r":true,"sid":1,"wp":31.25}},{"k":[43,0,0,0,0],"v":{"hs":5,"l":true,"r":true,"sid":1,"wp":31.25}},{"k":[42,0,0,1,0],"v":{"b":true,"hp":50,"hs":3,"l":true,"r":true,"sid":1,"wp":31.25}},{"k":[41,0,0,2,0],"v":{"hp":50,"hs":3,"l":true,"r":true,"sid":1,"t":true,"wp":31.25}},{"k":[40,0,0,3,0],"v":{"hp":50,"hs":2,"l":true,"r":true,"sid":1,"wp":31.25}},{"k":[44,0,0,0,0],"v":{"hs":5,"l":true,"r":true,"sid":1,"wp":31.25}},{"k":[43,0,0,1,0],"v":{"b":true,"hp":50,"hs":3,"l":true,"r":true,"sid":1,"wp":31.25}},{"k":[42,0,0,2,0],"v":{"hp":50,"hs":3,"l":true,"r":true,"sid":1,"t":true,"wp":31.25}},{"k":[41,0,0,3,0],"v":{"hp":50,"hs":2,"l":true,"r":true,"sid":1,"wp":31.25}},{"k":[41,0,0,0,0],"v":{"hs":5,"l":true,"r":true,"sid":1,"wp":31.25}},{"k":[40,0,0,1,0],"v":{"b":true,"hp":50,"hs":3,"l":true,"r":true,"sid":1,"wp":31.25}},{"k":[39,0,0,2,0],"v":{"hp":50,"hs":3,"l":true,"r":true,"sid":1,"t":true,"wp":31.25}},{"k":[38,0,0,3,0],"v":{"hp":50,"hs":2,"l":true,"r":true,"sid":1,"wp":31.25}},{"k":[42,0,0,0,0],"v":{"hs":5,"l":true,"r":true,"sid":1,"wp":31.25}},{"k":[41,0,0,1,0],"v":{"b":true,"hp":50,"hs":3,"l":true,"r":true,"sid":1,"wp":31.25}},{"k":[40,0,0,2,0],"v":{"hp":50,"hs":3,"l":true,"r":true,"sid":1,"t":true,"wp":31.25}},{"k":[39,0,0,3,0],"v":{"hp":50,"hs":2,"l":true,"r":true,"sid":1,"wp":31.25}},{"k":[47,0,0,8,0],"v":{"b":true,"hp":50,"hs":3,"r":true,"sid":1,"t":true,"wp":31.25}},{"k":[46,0,0,9,0],"v":{"b":true,"hp":50,"hs":2,"sid":1,"t":true,"wp":31.25}},{"k":[47,0,0,9,0],"v":{"b":true,"hp":50,"hs":3,"r":true,"sid":1,"t":true,"wp":31.25}},{"k":[46,0,0,10,0],"v":{"b":true,"hp":50,"hs":2,"sid":1,"t":true,"wp":31.25}},{"k":[47,0,0,6,0],"v":{"b":true,"hp":50,"hs":3,"r":true,"sid":1,"t":true,"wp":31.25}},{"k":[46,0,0,7,0],"v":{"b":true,"hp":50,"hs":2,"sid":1,"t":true,"wp":31.25}},{"k":[47,0,0,7,0],"v":{"b":true,"hp":50,"hs":3,"r":true,"sid":1,"t":true,"wp":31.25}},{"k":[46,0,0,8,0],"v":{"b":true,"hp":50,"hs":2,"sid":1,"t":true,"wp":31.25}},{"k":[47,0,0,4,0],"v":{"b":true,"hp":50,"hs":3,"l":true,"r":true,"sid":1,"wp":31.25}},{"k":[46,0,0,5,0],"v":{"b":true,"hp":50,"hs":2,"l":true,"sid":1,"wp":31.25}},{"k":[47,0,0,5,0],"v":{"b":true,"hp":50,"hs":3,"r":true,"sid":1,"t":true,"wp":31.25}},{"k":[46,0,0,6,0],"v":{"b":true,"hp":50,"hs":2,"sid":1,"t":true,"wp":31.25}},{"k":[46,0,0,3,0],"v":{"b":true,"hp":50,"hs":3,"l":true,"sid":1,"wp":31.25}},{"k":[45,0,0,4,0],"v":{"b":true,"hp":50,"hs":2,"l":true,"sid":1,"wp":31.25}},{"k":[46,0,0,4,0],"v":{"hp":50,"hs":3,"r":true,"sid":1,"t":true,"wp":31.25}},{"k":[45,0,0,5,0],"v":{"hp":50,"hs":2,"r":true,"sid":1,"t":true,"wp":31.25}},{"k":[32,0,0,0,0],"v":{"hs":5,"l":true,"r":true,"sid":1,"wp":31.25}},{"k":[39,0,0,0,0],"v":{"hs":5,"l":true,"r":true,"sid":1,"wp":31.25}},{"k":[38,0,0,1,0],"v":{"b":true,"hp":50,"hs":3,"l":true,"r":true,"sid":1,"wp":31.25}},{"k":[37,0,0,2,0],"v":{"hp":50,"hs":3,"l":true,"r":true,"sid":1,"t":true,"wp":31.25}},{"k":[36,0,0,3,0],"v":{"hp":50,"hs":2,"l":true,"r":true,"sid":1,"wp":31.25}},{"k":[40,0,0,0,0],"v":{"hs":5,"l":true,"r":true,"sid":1,"wp":31.25}},{"k":[39,0,0,1,0],"v":{"b":true,"hp":50,"hs":3,"l":true,"r":true,"sid":1,"wp":31.25}},{"k":[38,0,0,2,0],"v":{"hp":50,"hs":3,"l":true,"r":true,"sid":1,"t":true,"wp":31.25}},{"k":[37,0,0,3,0],"v":{"hp":50,"hs":2,"l":true,"r":true,"sid":1,"wp":31.25}},{"k":[37,0,0,0,0],"v":{"hs":5,"l":true,"r":true,"sid":1,"wp":31.25}},{"k":[36,0,0,1,0],"v":{"b":true,"hp":50,"hs":3,"l":true,"r":true,"sid":1,"wp":31.25}},{"k":[35,0,0,2,0],"v":{"hp":50,"hs":3,"l":true,"r":true,"sid":1,"t":true,"wp":31.25}},{"k":[34,0,0,3,0],"v":{"hp":50,"hs":2,"l":true,"r":true,"sid":1,"wp":31.25}},{"k":[38,0,0,0,0],"v":{"hs":5,"l":true,"r":true,"sid":1,"wp":31.25}},{"k":[37,0,0,1,0],"v":{"b":true,"hp":50,"hs":3,"l":true,"r":true,"sid":1,"wp":31.25}},{"k":[36,0,0,2,0],"v":{"hp":50,"hs":3,"l":true,"r":true,"sid":1,"t":true,"wp":31.25}},{"k":[35,0,0,3,0],"v":{"hp":50,"hs":2,"l":true,"r":true,"sid":1,"wp":31.25}},{"k":[35,0,0,0,0],"v":{"hs":5,"l":true,"r":true,"sid":1,"wp":31.25}},{"k":[34,0,0,1,0],"v":{"b":true,"hp":50,"hs":3,"l":true,"r":true,"sid":1,"wp":31.25}},{"k":[33,0,0,2,0],"v":{"hp":50,"hs":3,"l":true,"r":true,"sid":1,"t":true,"wp":31.25}},{"k":[32,0,0,3,0],"v":{"hp":50,"hs":2,"l":true,"r":true,"sid":1,"wp":31.25}},{"k":[36,0,0,0,0],"v":{"hs":5,"l":true,"r":true,"sid":1,"wp":31.25}},{"k":[35,0,0,1,0],"v":{"b":true,"hp":50,"hs":3,"l":true,"r":true,"sid":1,"wp":31.25}},{"k":[34,0,0,2,0],"v":{"hp":50,"hs":3,"l":true,"r":true,"sid":1,"t":true,"wp":31.25}},{"k":[33,0,0,3,0],"v":{"hp":50,"hs":2,"l":true,"r":true,"sid":1,"wp":31.25}},{"k":[33,0,0,0,0],"v":{"hs":5,"l":true,"r":true,"sid":1,"wp":31.25}},{"k":[32,0,0,1,0],"v":{"b":true,"hp":50,"hs":3,"l":true,"r":true,"sid":1,"wp":31.25}},{"k":[34,0,0,0,0],"v":{"hs":5,"l":true,"r":true,"sid":1,"wp":31.25}},{"k":[33,0,0,1,0],"v":{"b":true,"hp":50,"hs":3,"l":true,"r":true,"sid":1,"wp":31.25}},{"k":[32,0,0,2,0],"v":{"hp":50,"hs":3,"l":true,"r":true,"sid":1,"t":true,"wp":31.25}}],"o":[[48,0,0,2,0],[31,0,0,0,0],[31,0,0,1,0],[48,0,0,13,0],[48,0,0,14,0],[48,0,0,11,0],[48,0,0,12,0],[48,0,0,9,0],[48,0,0,10,0],[31,0,0,2,0],[31,0,0,3,0],[48,0,0,0,0],[48,0,0,7,0],[48,0,0,8,0],[48,0,0,5,0],[48,0,0,6,0],[48,0,0,3,0],[48,0,0,4,0],[48,0,0,1,0]]},"objs":{"list":[]},"objs3d":{"a":[],"o":[]},"sprites":{"list":[{"k":[42,0,0,10,0],"v":{"f":false,"k":4,"t":[7,8,1,1]}},{"k":[41,0,0,11,0],"v":{"f":false,"k":4,"t":[7,8,1,1]}},{"k":[43,0,0,9,0],"v":{"f":false,"k":4,"t":[7,8,1,1]}},{"k":[44,0,0,8,0],"v":{"f":false,"k":4,"t":[7,8,1,1]}},{"k":[40,0,0,12,0],"v":{"f":false,"k":4,"t":[6,8,1,1]}},{"k":[42,0,0,7,0],"v":{"f":false,"k":4,"t":[0,8,2,3]}},{"k":[41,0,0,8,0],"v":{"f":false,"k":4,"t":[7,8,1,1]}},{"k":[38,0,0,11,0],"v":{"f":false,"k":4,"t":[6,8,1,1]}},{"k":[38,0,0,12,0],"v":{"f":false,"k":4,"t":[0,8,2,3]}},{"k":[41,0,0,9,0],"v":{"f":false,"k":4,"t":[7,8,1,1]}},{"k":[39,0,0,11,0],"v":{"f":false,"k":4,"t":[6,8,1,1]}},{"k":[32,0,0,7,0],"v":{"f":false,"k":4,"t":[5,5,1,1]}},{"k":[35,0,0,5,0],"v":{"f":false,"k":4,"t":[7,8,1,1]}},{"k":[32,0,0,8,0],"v":{"f":false,"k":4,"t":[6,8,1,1]}},{"k":[36,0,0,11,0],"v":{"f":false,"k":4,"t":[7,8,1,1]}},{"k":[35,0,0,12,0],"v":{"f":false,"k":4,"t":[7,8,1,1]}},{"k":[34,0,0,13,0],"v":{"f":false,"k":4,"t":[7,8,1,1]}},{"k":[40,0,0,7,0],"v":{"f":false,"k":4,"t":[7,8,1,1]}},{"k":[37,0,0,10,0],"v":{"f":false,"k":4,"t":[6,8,1,1]}},{"k":[39,0,0,9,0],"v":{"f":false,"k":4,"t":[0,8,2,3]}},{"k":[37,0,0,11,0],"v":{"f":false,"k":4,"t":[7,8,1,1]}},{"k":[35,0,0,13,0],"v":{"f":false,"k":4,"t":[7,8,1,1]}},{"k":[40,0,0,8,0],"v":{"f":false,"k":4,"t":[7,8,1,1]}},{"k":[38,0,0,10,0],"v":{"f":false,"k":4,"t":[5,5,1,1]}},{"k":[37,0,0,8,0],"v":{"f":false,"k":4,"t":[7,8,1,1]}},{"k":[40,0,0,5,0],"v":{"k":4,"t":[7,8,1,1]}},{"k":[38,0,0,7,0],"v":{"k":4,"t":[3,3,1,1]}},{"k":[33,0,0,13,0],"v":{"f":false,"k":4,"t":[7,8,1,1]}},{"k":[38,0,0,8,0],"v":{"f":false,"k":4,"t":[7,8,1,1]}},{"k":[37,0,0,9,0],"v":{"f":false,"k":4,"t":[7,8,1,1]}},{"k":[41,0,0,5,0],"v":{"k":4,"t":[7,8,1,1]}},{"k":[39,0,0,7,0],"v":{"f":false,"k":4,"t":[5,5,1,1]}},{"k":[35,0,0,11,0],"v":{"k":4,"t":[3,3,1,1]}},{"k":[34,0,0,9,0],"v":{"f":false,"k":4,"t":[0,8,2,3]}},{"k":[32,0,0,11,0],"v":{"f":false,"k":4,"t":[7,8,1,1]}},{"k":[37,0,0,6,0],"v":{"f":false,"k":4,"t":[7,8,1,1]}},{"k":[33,0,0,10,0],"v":{"f":false,"k":4,"t":[6,8,1,1]}},{"k":[32,0,0,12,0],"v":{"f":false,"k":4,"t":[7,8,1,1]}},{"k":[37,0,0,7,0],"v":{"f":false,"k":4,"t":[7,8,1,1]}},{"k":[38,0,0,6,0],"v":{"f":false,"k":4,"t":[7,8,1,1]}},{"k":[34,0,0,7,0],"v":{"f":false,"k":4,"t":[0,8,2,3]}},{"k":[36,0,0,5,0],"v":{"f":false,"k":4,"t":[7,8,1,1]}},{"k":[32,0,0,9,0],"v":{"f":false,"k":4,"t":[6,8,1,1]}},{"k":[36,0,0,6,0],"v":{"f":false,"k":4,"t":[7,8,1,1]}},{"k":[32,0,0,10,0],"v":{"f":false,"k":4,"t":[6,8,1,1]}},{"k":[43,0,0,12,0],"v":{"f":false,"k":4,"t":[0,8,2,3]}},{"k":[41,0,0,12,0],"v":{"f":false,"k":4,"t":[6,8,1,1]}},{"k":[41,0,0,13,0],"v":{"f":false,"k":4,"t":[5,5,1,1]}},{"k":[41,0,0,10,0],"v":{"f":false,"k":4,"t":[7,8,1,1]}},{"k":[40,0,0,11,0],"v":{"f":false,"k":4,"t":[7,8,1,1]}},{"k":[39,0,0,12,0],"v":{"f":false,"k":4,"t":[7,8,1,1]}},{"k":[43,0,0,8,0],"v":{"f":false,"k":4,"t":[7,8,1,1]}},{"k":[42,0,0,9,0],"v":{"f":false,"k":4,"t":[2,3,1,1]}}],"overflow":[],"walls":[]}}