{"lands":{"autotiles":[{"k":[49,0,0,16,0],"v":{"id":1,"t":[1,0],"tid":372}},{"k":[48,0,0,16,0],"v":{"id":1,"t":[1,0],"tid":324}}],"floors":[{"k":[49,5,0,30,0],"v":{"t":[0,0]}},{"k":[49,5,0,27,0],"v":{"t":[0,0]}},{"k":[49,5,0,28,0],"v":{"t":[0,0]}},{"k":[49,5,0,31,0],"v":{"t":[0,0]}},{"k":[49,0,0,26,0],"v":{"t":[0,0]}},{"k":[48,0,0,27,0],"v":{"t":[0,0]}},{"k":[49,5,0,21,0],"v":{"t":[0,0]}},{"k":[49,0,0,27,0],"v":{"t":[0,0]}},{"k":[48,0,0,28,0],"v":{"t":[0,0]}},{"k":[49,5,0,22,0],"v":{"t":[0,0]}},{"k":[49,0,0,24,0],"v":{"t":[0,0]}},{"k":[48,0,0,25,0],"v":{"t":[0,0]}},{"k":[49,5,0,19,0],"v":{"t":[0,0]}},{"k":[49,0,0,25,0],"v":{"t":[0,0]}},{"k":[48,0,0,26,0],"v":{"t":[0,0]}},{"k":[49,5,0,20,0],"v":{"t":[0,0]}},{"k":[49,0,0,30,0],"v":{"t":[0,0]}},{"k":[48,0,0,31,0],"v":{"t":[0,0]}},{"k":[49,5,0,25,0],"v":{"t":[0,0]}},{"k":[49,0,0,31,0],"v":{"t":[0,0]}},{"k":[49,5,0,26,0],"v":{"t":[0,0]}},{"k":[49,0,0,28,0],"v":{"t":[0,0]}},{"k":[48,0,0,29,0],"v":{"t":[0,0]}},{"k":[49,5,0,23,0],"v":{"t":[0,0]}},{"k":[49,0,0,29,0],"v":{"t":[0,0]}},{"k":[48,0,0,30,0],"v":{"t":[0,0]}},{"k":[49,5,0,24,0],"v":{"t":[0,0]}},{"k":[49,0,0,18,0],"v":{"t":[0,0]}},{"k":[48,0,0,19,0],"v":{"t":[0,0]}},{"k":[49,0,0,19,0],"v":{"t":[0,0]}},{"k":[48,0,0,20,0],"v":{"t":[0,0]}},{"k":[48,0,0,17,0],"v":{"t":[0,0]}},{"k":[48,3,50,30,0],"v":{"t":[0,0]}},{"k":[49,0,0,17,0],"v":{"t":[0,0]}},{"k":[48,0,0,18,0],"v":{"t":[0,0]}},{"k":[49,0,0,22,0],"v":{"t":[0,0]}},{"k":[48,0,0,23,0],"v":{"t":[0,0]}},{"k":[49,5,0,17,0],"v":{"t":[0,0]}},{"k":[48,3,50,31,0],"v":{"t":[0,0]}},{"k":[49,0,0,23,0],"v":{"t":[0,0]}},{"k":[48,0,0,24,0],"v":{"t":[0,0]}},{"k":[49,5,0,18,0],"v":{"t":[0,0]}},{"k":[48,3,50,28,0],"v":{"t":[0,0]}},{"k":[49,0,0,20,0],"v":{"t":[0,0]}},{"k":[48,0,0,21,0],"v":{"t":[0,0]}},{"k":[48,3,50,29,0],"v":{"t":[0,0]}},{"k":[49,0,0,21,0],"v":{"t":[0,0]}},{"k":[48,0,0,22,0],"v":{"t":[0,0]}},{"k":[48,3,50,22,0],"v":{"t":[0,0]}},{"k":[48,3,50,23,0],"v":{"t":[0,0]}},{"k":[48,3,50,20,0],"v":{"t":[0,0]}},{"k":[48,3,50,21,0],"v":{"t":[0,0]}},{"k":[48,3,50,26,0],"v":{"t":[0,0]}},{"k":[48,3,50,27,0],"v":{"t":[0,0]}},{"k":[48,3,50,24,0],"v":{"t":[0,0]}},{"k":[48,3,50,25,0],"v":{"t":[0,0]}},{"k":[48,3,50,18,0],"v":{"t":[0,0]}},{"k":[48,3,50,19,0],"v":{"t":[0,0]}},{"k":[48,3,50,17,0],"v":{"t":[0,0]}},{"k":[49,5,0,29,0],"v":{"t":[0,0]}}]},"moun":{"a":[{"k":[49,0,0,26,0],"v":{"b":true,"hs":5,"sid":1,"t":true,"wp":31.25}},{"k":[48,0,0,27,0],"v":{"b":true,"hp":50,"hs":3,"l":true,"sid":1,"t":true,"wp":31.25}},{"k":[49,0,0,27,0],"v":{"b":true,"hs":5,"sid":1,"t":true,"wp":31.25}},{"k":[48,0,0,28,0],"v":{"b":true,"hp":50,"hs":3,"l":true,"sid":1,"t":true,"wp":31.25}},{"k":[49,0,0,24,0],"v":{"b":true,"hs":5,"sid":1,"t":true,"wp":31.25}},{"k":[48,0,0,25,0],"v":{"b":true,"hp":50,"hs":3,"l":true,"sid":1,"t":true,"wp":31.25}},{"k":[49,0,0,25,0],"v":{"b":true,"hs":5,"sid":1,"t":true,"wp":31.25}},{"k":[48,0,0,26,0],"v":{"b":true,"hp":50,"hs":3,"l":true,"sid":1,"t":true,"wp":31.25}},{"k":[49,0,0,30,0],"v":{"b":true,"hs":5,"sid":1,"t":true,"wp":31.25}},{"k":[48,0,0,31,0],"v":{"b":true,"hp":50,"hs":3,"l":true,"sid":1,"t":true,"wp":31.25}},{"k":[49,0,0,31,0],"v":{"b":true,"hs":5,"sid":1,"t":true,"wp":31.25}},{"k":[49,0,0,28,0],"v":{"b":true,"hs":5,"sid":1,"t":true,"wp":31.25}},{"k":[48,0,0,29,0],"v":{"b":true,"hp":50,"hs":3,"l":true,"sid":1,"t":true,"wp":31.25}},{"k":[49,0,0,29,0],"v":{"b":true,"hs":5,"sid":1,"t":true,"wp":31.25}},{"k":[48,0,0,30,0],"v":{"b":true,"hp":50,"hs":3,"l":true,"sid":1,"t":true,"wp":31.25}},{"k":[49,0,0,18,0],"v":{"b":true,"hs":5,"sid":1,"t":true,"wp":31.25}},{"k":[48,0,0,19,0],"v":{"b":true,"hp":50,"hs":3,"l":true,"sid":1,"t":true,"wp":31.25}},{"k":[49,0,0,19,0],"v":{"b":true,"hs":5,"sid":1,"t":true,"wp":31.25}},{"k":[48,0,0,20,0],"v":{"b":true,"hp":50,"hs":3,"l":true,"sid":1,"t":true,"wp":31.25}},{"k":[48,0,0,17,0],"v":{"b":true,"hp":50,"hs":3,"l":true,"sid":1,"wp":31.25}},{"k":[49,0,0,17,0],"v":{"b":true,"hs":5,"sid":1,"wp":31.25}},{"k":[48,0,0,18,0],"v":{"b":true,"hp":50,"hs":3,"l":true,"sid":1,"t":true,"wp":31.25}},{"k":[49,0,0,22,0],"v":{"b":true,"hs":5,"sid":1,"t":true,"wp":31.25}},{"k":[48,0,0,23,0],"v":{"b":true,"hp":50,"hs":3,"l":true,"sid":1,"t":true,"wp":31.25}},{"k":[49,0,0,23,0],"v":{"b":true,"hs":5,"sid":1,"t":true,"wp":31.25}},{"k":[48,0,0,24,0],"v":{"b":true,"hp":50,"hs":3,"l":true,"sid":1,"t":true,"wp":31.25}},{"k":[49,0,0,20,0],"v":{"b":true,"hs":5,"sid":1,"t":true,"wp":31.25}},{"k":[48,0,0,21,0],"v":{"b":true,"hp":50,"hs":3,"l":true,"sid":1,"t":true,"wp":31.25}},{"k":[49,0,0,21,0],"v":{"b":true,"hs":5,"sid":1,"t":true,"wp":31.25}},{"k":[48,0,0,22,0],"v":{"b":true,"hp":50,"hs":3,"l":true,"sid":1,"t":true,"wp":31.25}}],"o":[]},"objs":{"list":[{"k":[49,0,0,16,0],"v":{"events":[{"id":2,"name":"Hero touch","p":[],"r":{"1":{"bh":true,"c":[{"command":[7,0,0,3,25,0,0,2,0,0,0],"kind":20}]}},"sys":false}],"hId":-1,"id":9,"name":"OBJ0006","ooepf":false,"states":[{"cam":true,"climb":false,"dir":false,"gid":-1,"gk":0,"id":1,"move":true,"name":"State 1","pix":true,"pos":false,"stop":false,"sx":{"k":12,"v":1},"sy":{"k":12,"v":1},"sz":{"k":12,"v":1},"through":false,"x":0,"y":0}]}}]},"objs3d":{"a":[],"o":[]},"sprites":{"list":[],"overflow":[],"walls":[{"k":[49,0,0,16,0,100,50,90],"v":{"k":0,"w":1}}]}}