{"lands":{"autotiles":[],"floors":[{"k":[49,5,0,47,0],"v":{"t":[0,0]}},{"k":[49,5,0,46,0],"v":{"t":[0,0]}},{"k":[49,5,0,45,0],"v":{"t":[0,0]}},{"k":[49,5,0,44,0],"v":{"t":[0,0]}},{"k":[49,5,0,43,0],"v":{"t":[0,0]}},{"k":[49,0,0,47,0],"v":{"t":[0,0]}},{"k":[49,5,0,42,0],"v":{"t":[0,0]}},{"k":[49,0,0,46,0],"v":{"t":[0,0]}},{"k":[48,0,0,47,0],"v":{"t":[0,0]}},{"k":[49,5,0,41,0],"v":{"t":[0,0]}},{"k":[49,0,0,45,0],"v":{"t":[0,0]}},{"k":[48,0,0,46,0],"v":{"t":[0,0]}},{"k":[49,5,0,40,0],"v":{"t":[0,0]}},{"k":[49,0,0,44,0],"v":{"t":[0,0]}},{"k":[48,0,0,45,0],"v":{"t":[0,0]}},{"k":[49,5,0,39,0],"v":{"t":[0,0]}},{"k":[49,0,0,43,0],"v":{"t":[0,0]}},{"k":[48,0,0,44,0],"v":{"t":[0,0]}},{"k":[49,5,0,38,0],"v":{"t":[0,0]}},{"k":[49,0,0,42,0],"v":{"t":[0,0]}},{"k":[48,0,0,43,0],"v":{"t":[0,0]}},{"k":[49,5,0,37,0],"v":{"t":[0,0]}},{"k":[49,0,0,41,0],"v":{"t":[0,0]}},{"k":[48,0,0,42,0],"v":{"t":[0,0]}},{"k":[49,5,0,36,0],"v":{"t":[0,0]}},{"k":[49,0,0,40,0],"v":{"t":[0,0]}},{"k":[48,0,0,41,0],"v":{"t":[0,0]}},{"k":[49,5,0,35,0],"v":{"t":[0,0]}},{"k":[49,0,0,39,0],"v":{"t":[0,0]}},{"k":[48,0,0,40,0],"v":{"t":[0,0]}},{"k":[49,5,0,34,0],"v":{"t":[0,0]}},{"k":[49,0,0,38,0],"v":{"t":[0,0]}},{"k":[48,0,0,39,0],"v":{"t":[0,0]}},{"k":[49,5,0,33,0],"v":{"t":[0,0]}},{"k":[48,3,50,47,0],"v":{"t":[0,0]}},{"k":[49,0,0,37,0],"v":{"t":[0,0]}},{"k":[48,0,0,38,0],"v":{"t":[0,0]}},{"k":[49,5,0,32,0],"v":{"t":[0,0]}},{"k":[48,3,50,46,0],"v":{"t":[0,0]}},{"k":[49,0,0,36,0],"v":{"t":[0,0]}},{"k":[48,0,0,37,0],"v":{"t":[0,0]}},{"k":[48,3,50,45,0],"v":{"t":[0,0]}},{"k":[49,0,0,35,0],"v":{"t":[0,0]}},{"k":[48,0,0,36,0],"v":{"t":[0,0]}},{"k":[48,3,50,44,0],"v":{"t":[0,0]}},{"k":[49,0,0,34,0],"v":{"t":[0,0]}},{"k":[48,0,0,35,0],"v":{"t":[0,0]}},{"k":[48,3,50,43,0],"v":{"t":[0,0]}},{"k":[49,0,0,33,0],"v":{"t":[0,0]}},{"k":[48,0,0,34,0],"v":{"t":[0,0]}},{"k":[48,3,50,42,0],"v":{"t":[0,0]}},{"k":[49,0,0,32,0],"v":{"t":[0,0]}},{"k":[48,0,0,33,0],"v":{"t":[0,0]}},{"k":[48,3,50,41,0],"v":{"t":[0,0]}},{"k":[48,0,0,32,0],"v":{"t":[0,0]}},{"k":[48,3,50,40,0],"v":{"t":[0,0]}},{"k":[48,3,50,39,0],"v":{"t":[0,0]}},{"k":[48,3,50,38,0],"v":{"t":[0,0]}},{"k":[48,3,50,37,0],"v":{"t":[0,0]}},{"k":[48,3,50,36,0],"v":{"t":[0,0]}},{"k":[48,3,50,35,0],"v":{"t":[0,0]}},{"k":[48,3,50,34,0],"v":{"t":[0,0]}},{"k":[48,3,50,33,0],"v":{"t":[0,0]}},{"k":[48,3,50,32,0],"v":{"t":[0,0]}}]},"moun":{"a":[{"k":[49,0,0,39,0],"v":{"b":true,"hs":5,"sid":1,"t":true,"wp":31.25}},{"k":[48,0,0,40,0],"v":{"b":true,"hp":50,"hs":3,"l":true,"sid":1,"t":true,"wp":31.25}},{"k":[49,0,0,38,0],"v":{"b":true,"hs":5,"sid":1,"t":true,"wp":31.25}},{"k":[48,0,0,39,0],"v":{"b":true,"hp":50,"hs":3,"l":true,"sid":1,"t":true,"wp":31.25}},{"k":[49,0,0,37,0],"v":{"b":true,"hs":5,"sid":1,"t":true,"wp":31.25}},{"k":[48,0,0,38,0],"v":{"b":true,"hp":50,"hs":3,"l":true,"sid":1,"t":true,"wp":31.25}},{"k":[49,0,0,36,0],"v":{"b":true,"hs":5,"sid":1,"t":true,"wp":31.25}},{"k":[48,0,0,37,0],"v":{"b":true,"hp":50,"hs":3,"l":true,"sid":1,"t":true,"wp":31.25}},{"k":[49,0,0,35,0],"v":{"b":true,"hs":5,"sid":1,"t":true,"wp":31.25}},{"k":[48,0,0,36,0],"v":{"b":true,"hp":50,"hs":3,"l":true,"sid":1,"t":true,"wp":31.25}},{"k":[49,0,0,34,0],"v":{"b":true,"hs":5,"sid":1,"t":true,"wp":31.25}},{"k":[48,0,0,35,0],"v":{"b":true,"hp":50,"hs":3,"l":true,"sid":1,"t":true,"wp":31.25}},{"k":[49,0,0,33,0],"v":{"b":true,"hs":5,"sid":1,"t":true,"wp":31.25}},{"k":[48,0,0,34,0],"v":{"b":true,"hp":50,"hs":3,"l":true,"sid":1,"t":true,"wp":31.25}},{"k":[49,0,0,32,0],"v":{"b":true,"hs":5,"sid":1,"t":true,"wp":31.25}},{"k":[48,0,0,33,0],"v":{"b":true,"hp":50,"hs":3,"l":true,"sid":1,"t":true,"wp":31.25}},{"k":[48,0,0,32,0],"v":{"b":true,"hp":50,"hs":3,"l":true,"sid":1,"t":true,"wp":31.25}},{"k":[49,0,0,47,0],"v":{"b":true,"hs":5,"sid":1,"t":true,"wp":31.25}},{"k":[49,0,0,46,0],"v":{"b":true,"hs":5,"sid":1,"t":true,"wp":31.25}},{"k":[48,0,0,47,0],"v":{"b":true,"hp":50,"hs":3,"sid":1,"t":true,"wp":31.25}},{"k":[49,0,0,45,0],"v":{"b":true,"hs":5,"sid":1,"t":true,"wp":31.25}},{"k":[48,0,0,46,0],"v":{"b":true,"hp":50,"hs":3,"sid":1,"t":true,"wp":31.25}},{"k":[49,0,0,44,0],"v":{"b":true,"hs":5,"sid":1,"t":true,"wp":31.25}},{"k":[48,0,0,45,0],"v":{"b":true,"hp":50,"hs":3,"sid":1,"t":true,"wp":31.25}},{"k":[49,0,0,43,0],"v":{"b":true,"hs":5,"sid":1,"t":true,"wp":31.25}},{"k":[48,0,0,44,0],"v":{"b":true,"hp":50,"hs":3,"l":true,"sid":1,"t":true,"wp":31.25}},{"k":[49,0,0,42,0],"v":{"b":true,"hs":5,"sid":1,"t":true,"wp":31.25}},{"k":[48,0,0,43,0],"v":{"b":true,"hp":50,"hs":3,"l":true,"sid":1,"t":true,"wp":31.25}},{"k":[49,0,0,41,0],"v":{"b":true,"hs":5,"sid":1,"t":true,"wp":31.25}},{"k":[48,0,0,42,0],"v":{"b":true,"hp":50,"hs":3,"l":true,"sid":1,"t":true,"wp":31.25}},{"k":[49,0,0,40,0],"v":{"b":true,"hs":5,"sid":1,"t":true,"wp":31.25}},{"k":[48,0,0,41,0],"v":{"b":true,"hp":50,"hs":3,"l":true,"sid":1,"t":true,"wp":31.25}}],"o":[]},"objs":{"list":[]},"objs3d":{"a":[],"o":[]},"sprites":{"list":[],"overflow":[],"walls":[]}}