{"lands":{"autotiles":[{"k":[48,0,0,15,0],"v":{"id":1,"t":[1,0],"tid":471}},{"k":[49,0,0,15,0],"v":{"id":1,"t":[1,0],"tid":423}}],"floors":[{"k":[49,5,0,13,0],"v":{"t":[0,0]}},{"k":[49,5,0,14,0],"v":{"t":[0,0]}},{"k":[49,5,0,11,0],"v":{"t":[0,0]}},{"k":[49,5,0,12,0],"v":{"t":[0,0]}},{"k":[48,0,0,11,0],"v":{"t":[0,0]}},{"k":[49,0,0,10,0],"v":{"t":[0,0]}},{"k":[49,5,0,5,0],"v":{"t":[0,0]}},{"k":[48,0,0,12,0],"v":{"t":[0,0]}},{"k":[49,0,0,11,0],"v":{"t":[0,0]}},{"k":[49,5,0,6,0],"v":{"t":[0,0]}},{"k":[48,0,0,9,0],"v":{"t":[0,0]}},{"k":[49,0,0,8,0],"v":{"t":[0,0]}},{"k":[49,5,0,3,0],"v":{"t":[0,0]}},{"k":[48,0,0,10,0],"v":{"t":[0,0]}},{"k":[49,0,0,9,0],"v":{"t":[0,0]}},{"k":[49,5,0,4,0],"v":{"t":[0,0]}},{"k":[49,0,0,14,0],"v":{"t":[0,0]}},{"k":[49,5,0,9,0],"v":{"t":[0,0]}},{"k":[49,5,0,10,0],"v":{"t":[0,0]}},{"k":[48,0,0,13,0],"v":{"t":[0,0]}},{"k":[49,0,0,12,0],"v":{"t":[0,0]}},{"k":[49,5,0,7,0],"v":{"t":[0,0]}},{"k":[48,0,0,14,0],"v":{"t":[0,0]}},{"k":[49,0,0,13,0],"v":{"t":[0,0]}},{"k":[49,5,0,8,0],"v":{"t":[0,0]}},{"k":[48,0,0,3,0],"v":{"t":[0,0]}},{"k":[49,0,0,2,0],"v":{"t":[0,0]}},{"k":[48,0,0,4,0],"v":{"t":[0,0]}},{"k":[49,0,0,3,0],"v":{"t":[0,0]}},{"k":[48,0,0,1,0],"v":{"t":[0,0]}},{"k":[49,0,0,0,0],"v":{"t":[0,0]}},{"k":[48,0,0,2,0],"v":{"t":[0,0]}},{"k":[49,0,0,1,0],"v":{"t":[0,0]}},{"k":[48,3,50,14,0],"v":{"t":[0,0]}},{"k":[48,0,0,7,0],"v":{"t":[0,0]}},{"k":[49,0,0,6,0],"v":{"t":[0,0]}},{"k":[49,5,0,1,0],"v":{"t":[0,0]}},{"k":[48,0,0,8,0],"v":{"t":[0,0]}},{"k":[49,0,0,7,0],"v":{"t":[0,0]}},{"k":[49,5,0,2,0],"v":{"t":[0,0]}},{"k":[48,3,50,12,0],"v":{"t":[0,0]}},{"k":[48,0,0,5,0],"v":{"t":[0,0]}},{"k":[49,0,0,4,0],"v":{"t":[0,0]}},{"k":[48,5,0,0,0],"v":{"t":[0,0]}},{"k":[48,3,50,13,0],"v":{"t":[0,0]}},{"k":[48,0,0,6,0],"v":{"t":[0,0]}},{"k":[49,0,0,5,0],"v":{"t":[0,0]}},{"k":[49,5,0,0,0],"v":{"t":[0,0]}},{"k":[48,3,50,6,0],"v":{"t":[0,0]}},{"k":[48,3,50,7,0],"v":{"t":[0,0]}},{"k":[48,0,0,0,0],"v":{"t":[0,0]}},{"k":[48,3,50,4,0],"v":{"t":[0,0]}},{"k":[48,3,50,5,0],"v":{"t":[0,0]}},{"k":[48,3,50,10,0],"v":{"t":[0,0]}},{"k":[48,3,50,11,0],"v":{"t":[0,0]}},{"k":[48,3,50,8,0],"v":{"t":[0,0]}},{"k":[48,3,50,9,0],"v":{"t":[0,0]}},{"k":[48,3,50,2,0],"v":{"t":[0,0]}},{"k":[48,3,50,3,0],"v":{"t":[0,0]}},{"k":[48,3,50,1,0],"v":{"t":[0,0]}}]},"moun":{"a":[{"k":[49,0,0,13,0],"v":{"b":true,"hs":5,"sid":1,"t":true,"wp":31.25}},{"k":[48,0,0,14,0],"v":{"hp":50,"hs":3,"l":true,"sid":1,"t":true,"wp":31.25}},{"k":[49,0,0,2,0],"v":{"b":true,"hs":5,"sid":1,"t":true,"wp":31.25}},{"k":[48,0,0,3,0],"v":{"b":true,"hp":50,"hs":3,"sid":1,"t":true,"wp":31.25}},{"k":[49,0,0,3,0],"v":{"b":true,"hs":5,"sid":1,"t":true,"wp":31.25}},{"k":[48,0,0,4,0],"v":{"b":true,"hp":50,"hs":3,"sid":1,"t":true,"wp":31.25}},{"k":[49,0,0,0,0],"v":{"b":true,"hs":5,"l":true,"sid":1,"wp":31.25}},{"k":[48,0,0,1,0],"v":{"b":true,"hp":50,"hs":3,"l":true,"sid":1,"wp":31.25}},{"k":[49,0,0,1,0],"v":{"b":true,"hs":5,"sid":1,"t":true,"wp":31.25}},{"k":[48,0,0,2,0],"v":{"b":true,"hp":50,"hs":3,"sid":1,"t":true,"wp":31.25}},{"k":[49,0,0,6,0],"v":{"b":true,"hs":5,"sid":1,"t":true,"wp":31.25}},{"k":[48,0,0,7,0],"v":{"b":true,"hp":50,"hs":3,"sid":1,"t":true,"wp":31.25}},{"k":[49,0,0,7,0],"v":{"b":true,"hs":5,"sid":1,"t":true,"wp":31.25}},{"k":[48,0,0,8,0],"v":{"b":true,"hp":50,"hs":3,"l":true,"sid":1,"t":true,"wp":31.25}},{"k":[49,0,0,4,0],"v":{"b":true,"hs":5,"sid":1,"t":true,"wp":31.25}},{"k":[48,0,0,5,0],"v":{"b":true,"hp":50,"hs":3,"sid":1,"t":true,"wp":31.25}},{"k":[49,0,0,5,0],"v":{"b":true,"hs":5,"sid":1,"t":true,"wp":31.25}},{"k":[48,0,0,6,0],"v":{"b":true,"hp":50,"hs":3,"l":true,"sid":1,"t":true,"wp":31.25}},{"k":[48,0,0,0,0],"v":{"hs":5,"l":true,"r":true,"sid":1,"wp":31.25}},{"k":[49,0,0,10,0],"v":{"b":true,"hs":5,"sid":1,"t":true,"wp":31.25}},{"k":[48,0,0,11,0],"v":{"b":true,"hp":50,"hs":3,"l":true,"sid":1,"t":true,"wp":31.25}},{"k":[49,0,0,11,0],"v":{"b":true,"hs":5,"sid":1,"t":true,"wp":31.25}},{"k":[48,0,0,12,0],"v":{"b":true,"hp":50,"hs":3,"l":true,"sid":1,"t":true,"wp":31.25}},{"k":[49,0,0,8,0],"v":{"b":true,"hs":5,"sid":1,"t":true,"wp":31.25}},{"k":[48,0,0,9,0],"v":{"b":true,"hp":50,"hs":3,"l":true,"sid":1,"t":true,"wp":31.25}},{"k":[49,0,0,9,0],"v":{"b":true,"hs":5,"sid":1,"t":true,"wp":31.25}},{"k":[48,0,0,10,0],"v":{"b":true,"hp":50,"hs":3,"l":true,"sid":1,"t":true,"wp":31.25}},{"k":[49,0,0,14,0],"v":{"hs":5,"sid":1,"t":true,"wp":31.25}},{"k":[49,0,0,12,0],"v":{"b":true,"hs":5,"sid":1,"t":true,"wp":31.25}},{"k":[48,0,0,13,0],"v":{"b":true,"hp":50,"hs":3,"l":true,"sid":1,"t":true,"wp":31.25}}],"o":[]},"objs":{"list":[{"k":[49,0,0,15,0],"v":{"events":[{"id":2,"name":"Hero touch","p":[],"r":{"1":{"bh":true,"c":[{"command":[7,0,0,3,25,0,0,2,0,0,0],"kind":20}]}},"sys":false}],"hId":-1,"id":8,"name":"OBJ0006","ooepf":false,"states":[{"cam":true,"climb":false,"dir":false,"gid":-1,"gk":0,"id":1,"move":true,"name":"State 1","pix":true,"pos":false,"stop":false,"sx":{"k":12,"v":1},"sy":{"k":12,"v":1},"sz":{"k":12,"v":1},"through":false,"x":0,"y":0}]}}]},"objs3d":{"a":[],"o":[]},"sprites":{"list":[],"overflow":[],"walls":[{"k":[49,0,0,15,0,100,50,90],"v":{"k":2,"w":1}}]}}