{"lands":{"autotiles":[],"floors":[{"k":[49,0,0,49,0],"v":{"t":[0,0]}},{"k":[49,0,0,48,0],"v":{"t":[0,0]}},{"k":[48,0,0,49,0],"v":{"t":[0,0]}},{"k":[48,0,0,48,0],"v":{"t":[0,0]}},{"k":[49,5,0,49,0],"v":{"t":[0,0]}},{"k":[48,5,0,49,0],"v":{"t":[0,0]}},{"k":[49,5,0,48,0],"v":{"t":[0,0]}},{"k":[48,3,50,48,0],"v":{"t":[0,0]}}]},"moun":{"a":[{"k":[49,0,0,49,0],"v":{"hs":5,"l":true,"sid":1,"t":true,"wp":31.25}},{"k":[48,0,0,49,0],"v":{"hs":5,"l":true,"r":true,"sid":1,"wp":31.25}},{"k":[49,0,0,48,0],"v":{"b":true,"hs":5,"sid":1,"t":true,"wp":31.25}},{"k":[48,0,0,48,0],"v":{"hp":50,"hs":3,"l":true,"sid":1,"t":true,"wp":31.25}}],"o":[]},"objs":{"list":[]},"objs3d":{"a":[],"o":[]},"sprites":{"list":[],"overflow":[],"walls":[]}}