{"objs":[{"id":1,"name":"Hero","p":[7,0,0,7]},{"id":2,"name":"OBJ0002","p":[23,0,0,0]},{"id":3,"name":"OBJ0002","p":[24,0,0,0]},{"id":4,"name":"OBJ0002","p":[25,0,0,0]},{"id":5,"name":"OBJ0002","p":[26,0,0,0]},{"id":6,"name":"OBJ0006","p":[21,0,0,49]},{"id":7,"name":"Friend","p":[14,0,0,7]},{"id":8,"name":"OBJ0006","p":[49,0,0,15]},{"id":9,"name":"OBJ0006","p":[49,0,0,16]},{"id":10,"name":"OBJ0006","p":[22,0,0,49]},{"id":11,"name":"OBJ0011","p":[38,0,0,30]},{"id":12,"name":"OBJ0012","p":[34,0,0,17]}]}