{"ad":{"id":0,"names":{"1":"Add"}},"bu":{"id":0,"names":{"1":"Buy"}},"co":{"id":0,"names":{"1":"Confirm?"}},"cr":{"id":0,"names":{"1":"Critical"}},"da":{"id":0,"names":{"1":"Damage"}},"de":{"id":0,"names":{"1":"Defeat"}},"em":{"id":0,"names":{"1":"Empty"}},"eq":{"id":0,"names":{"1":"Would you like to equip it?"}},"he":{"id":0,"names":{"1":"Heal"}},"ka":{"id":0,"names":{"1":"Keyboard assigments"}},"kad":{"id":0,"names":{"1":"Update keyboard assignment preferences"}},"kasd":{"id":0,"names":{"1":"Select a keyboard shortcut to edit"}},"l":{"id":0,"names":{"1":"Language"}},"lag":{"id":0,"names":{"1":"Load game"}},"lagd":{"id":0,"names":{"1":"Select a slot you want to load"}},"langs":[{"id":1,"kind":1,"name":"English"}],"ld":{"id":0,"names":{"1":"Update current language"}},"lo":{"id":0,"names":{"1":"Loading..."}},"lsd":{"id":0,"names":{"1":"Select a language"}},"lu":{"id":0,"names":{"1":"Level up"}},"no":{"id":0,"names":{"1":"No"}},"ok":{"id":0,"names":{"1":"OK"}},"ow":{"id":0,"names":{"1":"Owned"}},"pak":{"id":0,"names":{"1":"Press any keys..."}},"pr":{"id":0,"names":{"1":"Precision"}},"ps":{"id":0,"names":{"1":"Perform skill"}},"re":{"id":0,"names":{"1":"Remove"}},"saa":{"id":0,"names":{"1":"Select an ally"}},"sag":{"id":0,"names":{"1":"Save a game"}},"sagd":{"id":0,"names":{"1":"Select a slot where you want save"}},"se":{"id":0,"names":{"1":"Sell"}},"sh":{"id":0,"names":{"1":"Shop"}},"sk":{"id":0,"names":{"1":"Skill"}},"sl":{"id":0,"names":{"1":"Slot"}},"ta":{"id":0,"names":{"1":"Target"}},"vi":{"id":0,"names":{"1":"Victory"}},"ye":{"id":0,"names":{"1":"Yes"}}}