{"lands":{"autotiles":[],"floors":[{"k":[10,0,0,16,0],"v":{"t":[0,0]}},{"k":[9,0,0,17,0],"v":{"t":[0,0]}},{"k":[8,0,0,18,0],"v":{"t":[0,0]}},{"k":[7,0,0,19,0],"v":{"t":[0,0]}},{"k":[3,4,0,19,0],"v":{"t":[0,0]}},{"k":[9,0,0,16,0],"v":{"t":[0,0]}},{"k":[8,0,0,17,0],"v":{"t":[0,0]}},{"k":[7,0,0,18,0],"v":{"t":[0,0]}},{"k":[6,0,0,19,0],"v":{"t":[0,0]}},{"k":[2,4,0,19,0],"v":{"t":[0,0]}},{"k":[12,0,0,16,0],"v":{"t":[0,0]}},{"k":[11,0,0,17,0],"v":{"t":[0,0]}},{"k":[10,0,0,18,0],"v":{"t":[0,0]}},{"k":[9,0,0,19,0],"v":{"t":[0,0]}},{"k":[5,4,0,19,0],"v":{"t":[0,0]}},{"k":[11,0,0,16,0],"v":{"t":[0,0]}},{"k":[10,0,0,17,0],"v":{"t":[0,0]}},{"k":[9,0,0,18,0],"v":{"t":[0,0]}},{"k":[8,0,0,19,0],"v":{"t":[0,0]}},{"k":[4,4,0,19,0],"v":{"t":[0,0]}},{"k":[14,0,0,16,0],"v":{"t":[0,0]}},{"k":[13,0,0,17,0],"v":{"t":[0,0]}},{"k":[12,0,0,18,0],"v":{"t":[0,0]}},{"k":[11,0,0,19,0],"v":{"t":[0,0]}},{"k":[7,4,0,19,0],"v":{"t":[0,0]}},{"k":[13,0,0,16,0],"v":{"t":[0,0]}},{"k":[12,0,0,17,0],"v":{"t":[0,0]}},{"k":[11,0,0,18,0],"v":{"t":[0,0]}},{"k":[10,0,0,19,0],"v":{"t":[0,0]}},{"k":[6,4,0,19,0],"v":{"t":[0,0]}},{"k":[15,0,0,17,0],"v":{"t":[0,0]}},{"k":[14,0,0,18,0],"v":{"t":[0,0]}},{"k":[13,0,0,19,0],"v":{"t":[0,0]}},{"k":[15,0,0,16,0],"v":{"t":[0,0]}},{"k":[14,0,0,17,0],"v":{"t":[0,0]}},{"k":[13,0,0,18,0],"v":{"t":[0,0]}},{"k":[12,0,0,19,0],"v":{"t":[0,0]}},{"k":[8,4,0,19,0],"v":{"t":[0,0]}},{"k":[15,0,0,19,0],"v":{"t":[0,0]}},{"k":[11,4,0,19,0],"v":{"t":[0,0]}},{"k":[15,0,0,18,0],"v":{"t":[0,0]}},{"k":[14,0,0,19,0],"v":{"t":[0,0]}},{"k":[13,4,0,19,0],"v":{"t":[0,0]}},{"k":[12,4,0,19,0],"v":{"t":[0,0]}},{"k":[15,4,0,19,0],"v":{"t":[0,0]}},{"k":[14,4,0,19,0],"v":{"t":[0,0]}},{"k":[0,0,0,16,0],"v":{"t":[0,0]}},{"k":[2,0,0,16,0],"v":{"t":[0,0]}},{"k":[1,0,0,17,0],"v":{"t":[0,0]}},{"k":[0,0,0,18,0],"v":{"t":[0,0]}},{"k":[1,0,0,16,0],"v":{"t":[0,0]}},{"k":[0,0,0,17,0],"v":{"t":[0,0]}},{"k":[4,0,0,16,0],"v":{"t":[0,0]}},{"k":[3,0,0,17,0],"v":{"t":[0,0]}},{"k":[2,0,0,18,0],"v":{"t":[0,0]}},{"k":[1,0,0,19,0],"v":{"t":[0,0]}},{"k":[0,4,0,16,0],"v":{"t":[0,0]}},{"k":[3,0,0,16,0],"v":{"t":[0,0]}},{"k":[2,0,0,17,0],"v":{"t":[0,0]}},{"k":[1,0,0,18,0],"v":{"t":[0,0]}},{"k":[0,0,0,19,0],"v":{"t":[0,0]}},{"k":[6,0,0,16,0],"v":{"t":[0,0]}},{"k":[5,0,0,17,0],"v":{"t":[0,0]}},{"k":[4,0,0,18,0],"v":{"t":[0,0]}},{"k":[3,0,0,19,0],"v":{"t":[0,0]}},{"k":[0,4,0,18,0],"v":{"t":[0,0]}},{"k":[5,0,0,16,0],"v":{"t":[0,0]}},{"k":[4,0,0,17,0],"v":{"t":[0,0]}},{"k":[3,0,0,18,0],"v":{"t":[0,0]}},{"k":[2,0,0,19,0],"v":{"t":[0,0]}},{"k":[0,4,0,17,0],"v":{"t":[0,0]}},{"k":[8,0,0,16,0],"v":{"t":[0,0]}},{"k":[7,0,0,17,0],"v":{"t":[0,0]}},{"k":[6,0,0,18,0],"v":{"t":[0,0]}},{"k":[5,0,0,19,0],"v":{"t":[0,0]}},{"k":[1,4,0,19,0],"v":{"t":[0,0]}},{"k":[7,0,0,16,0],"v":{"t":[0,0]}},{"k":[6,0,0,17,0],"v":{"t":[0,0]}},{"k":[5,0,0,18,0],"v":{"t":[0,0]}},{"k":[4,0,0,19,0],"v":{"t":[0,0]}},{"k":[0,4,0,19,0],"v":{"t":[0,0]}}]},"moun":{"a":[{"k":[4,0,0,19,0],"v":{"hs":4,"l":true,"r":true,"sid":1,"wp":31.25}},{"k":[7,0,0,19,0],"v":{"hs":4,"l":true,"r":true,"sid":1,"wp":31.25}},{"k":[6,0,0,19,0],"v":{"hs":4,"l":true,"r":true,"sid":1,"wp":31.25}},{"k":[8,0,0,19,0],"v":{"hs":4,"l":true,"sid":1,"wp":31.25}},{"k":[11,0,0,19,0],"v":{"hs":4,"r":true,"sid":1,"wp":31.25}},{"k":[0,0,0,16,0],"v":{"b":true,"hs":4,"sid":1,"t":true,"wp":31.25}},{"k":[13,0,0,19,0],"v":{"hs":4,"l":true,"r":true,"sid":1,"wp":31.25}},{"k":[12,0,0,19,0],"v":{"hs":4,"l":true,"r":true,"sid":1,"wp":31.25}},{"k":[0,0,0,18,0],"v":{"b":true,"hs":4,"sid":1,"t":true,"wp":31.25}},{"k":[0,0,0,17,0],"v":{"b":true,"hs":4,"sid":1,"t":true,"wp":31.25}},{"k":[15,0,0,19,0],"v":{"hs":4,"l":true,"r":true,"sid":1,"wp":31.25}},{"k":[1,0,0,19,0],"v":{"hs":4,"l":true,"r":true,"sid":1,"wp":31.25}},{"k":[14,0,0,19,0],"v":{"hs":4,"l":true,"r":true,"sid":1,"wp":31.25}},{"k":[0,0,0,19,0],"v":{"hs":4,"r":true,"sid":1,"t":true,"wp":31.25}},{"k":[3,0,0,19,0],"v":{"hs":4,"l":true,"r":true,"sid":1,"wp":31.25}},{"k":[2,0,0,19,0],"v":{"hs":4,"l":true,"r":true,"sid":1,"wp":31.25}},{"k":[5,0,0,19,0],"v":{"hs":4,"l":true,"r":true,"sid":1,"wp":31.25}}],"o":[]},"objs":{"list":[{"k":[9,0,0,19,0],"v":{"events":[{"id":2,"name":"Hero touch","p":[],"r":{"1":{"bh":true,"c":[{"command":[],"kind":39}]}},"sys":false}],"hId":-1,"id":3,"name":"OBJ0002","ooepf":false,"states":[{"cam":true,"climb":false,"dir":false,"gid":-1,"gk":0,"id":1,"move":true,"name":"State 1","pix":true,"pos":false,"stop":false,"sx":{"k":12,"v":1},"sy":{"k":12,"v":1},"sz":{"k":12,"v":1},"through":false,"x":0,"y":0}]}},{"k":[10,0,0,19,0],"v":{"events":[{"id":2,"name":"Hero touch","p":[],"r":{"1":{"bh":true,"c":[{"command":[],"kind":39}]}},"sys":false}],"hId":-1,"id":2,"name":"OBJ0002","ooepf":false,"states":[{"cam":true,"climb":false,"dir":false,"gid":-1,"gk":0,"id":1,"move":true,"name":"State 1","pix":true,"pos":false,"stop":false,"sx":{"k":12,"v":1},"sy":{"k":12,"v":1},"sz":{"k":12,"v":1},"through":false,"x":0,"y":0}]}}]},"objs3d":{"a":[],"o":[]},"sprites":{"list":[{"k":[7,0,0,16,0],"v":{"f":false,"k":6,"t":[2,1,2,2]}},{"k":[12,0,0,16,0],"v":{"f":false,"k":6,"t":[2,1,2,2]}},{"k":[14,0,0,16,0],"v":{"f":false,"k":4,"t":[7,8,1,1]}},{"k":[15,0,0,16,0],"v":{"f":false,"k":4,"t":[3,8,1,1]}},{"k":[14,0,0,17,0],"v":{"f":false,"k":4,"t":[7,8,1,1]}},{"k":[1,0,0,16,0],"v":{"f":false,"k":4,"t":[3,8,1,1]}},{"k":[8,0,0,16,0],"v":{"f":false,"k":4,"t":[7,8,1,1]}}],"overflow":[],"walls":[{"k":[9,0,0,19,0,50,100,0],"v":{"k":0,"w":1}},{"k":[10,0,0,19,0,50,100,0],"v":{"k":2,"w":1}}]}}