{"lands":{"autotiles":[],"floors":[{"k":[15,0,0,11,0],"v":{"t":[0,0]}},{"k":[14,0,0,12,0],"v":{"t":[0,0]}},{"k":[13,0,0,13,0],"v":{"t":[0,0]}},{"k":[12,0,0,14,0],"v":{"t":[0,0]}},{"k":[11,0,0,15,0],"v":{"t":[0,0]}},{"k":[14,0,0,11,0],"v":{"t":[0,0]}},{"k":[15,0,0,10,0],"v":{"t":[0,0]}},{"k":[13,0,0,12,0],"v":{"t":[0,0]}},{"k":[12,0,0,13,0],"v":{"t":[0,0]}},{"k":[11,0,0,14,0],"v":{"t":[0,0]}},{"k":[10,0,0,15,0],"v":{"t":[0,0]}},{"k":[15,0,0,13,0],"v":{"t":[0,0]}},{"k":[14,0,0,14,0],"v":{"t":[0,0]}},{"k":[13,0,0,15,0],"v":{"t":[0,0]}},{"k":[15,0,0,12,0],"v":{"t":[0,0]}},{"k":[14,0,0,13,0],"v":{"t":[0,0]}},{"k":[13,0,0,14,0],"v":{"t":[0,0]}},{"k":[12,0,0,15,0],"v":{"t":[0,0]}},{"k":[15,0,0,15,0],"v":{"t":[0,0]}},{"k":[15,0,0,14,0],"v":{"t":[0,0]}},{"k":[14,0,0,15,0],"v":{"t":[0,0]}},{"k":[0,0,0,10,0],"v":{"t":[0,0]}},{"k":[1,0,0,9,0],"v":{"t":[0,0]}},{"k":[2,0,0,8,0],"v":{"t":[0,0]}},{"k":[3,0,0,7,0],"v":{"t":[0,0]}},{"k":[4,0,0,6,0],"v":{"t":[0,0]}},{"k":[5,0,0,5,0],"v":{"t":[0,0]}},{"k":[6,0,0,4,0],"v":{"t":[0,0]}},{"k":[7,0,0,3,0],"v":{"t":[0,0]}},{"k":[8,0,0,2,0],"v":{"t":[0,0]}},{"k":[9,0,0,1,0],"v":{"t":[0,0]}},{"k":[10,0,0,0,0],"v":{"t":[0,0]}},{"k":[6,4,0,0,0],"v":{"t":[0,0]}},{"k":[0,4,0,6,0],"v":{"t":[0,0]}},{"k":[0,0,0,9,0],"v":{"t":[0,0]}},{"k":[1,0,0,8,0],"v":{"t":[0,0]}},{"k":[2,0,0,7,0],"v":{"t":[0,0]}},{"k":[3,0,0,6,0],"v":{"t":[0,0]}},{"k":[4,0,0,5,0],"v":{"t":[0,0]}},{"k":[5,0,0,4,0],"v":{"t":[0,0]}},{"k":[6,0,0,3,0],"v":{"t":[0,0]}},{"k":[7,0,0,2,0],"v":{"t":[0,0]}},{"k":[8,0,0,1,0],"v":{"t":[0,0]}},{"k":[9,0,0,0,0],"v":{"t":[0,0]}},{"k":[5,4,0,0,0],"v":{"t":[0,0]}},{"k":[0,4,0,5,0],"v":{"t":[0,0]}},{"k":[2,0,0,10,0],"v":{"t":[0,0]}},{"k":[3,0,0,9,0],"v":{"t":[0,0]}},{"k":[4,0,0,8,0],"v":{"t":[0,0]}},{"k":[5,0,0,7,0],"v":{"t":[0,0]}},{"k":[6,0,0,6,0],"v":{"t":[0,0]}},{"k":[7,0,0,5,0],"v":{"t":[0,0]}},{"k":[8,0,0,4,0],"v":{"t":[0,0]}},{"k":[9,0,0,3,0],"v":{"t":[0,0]}},{"k":[10,0,0,2,0],"v":{"t":[0,0]}},{"k":[11,0,0,1,0],"v":{"t":[0,0]}},{"k":[12,0,0,0,0],"v":{"t":[0,0]}},{"k":[0,0,0,12,0],"v":{"t":[0,0]}},{"k":[1,0,0,11,0],"v":{"t":[0,0]}},{"k":[8,4,0,0,0],"v":{"t":[0,0]}},{"k":[0,4,0,8,0],"v":{"t":[0,0]}},{"k":[1,0,0,10,0],"v":{"t":[0,0]}},{"k":[2,0,0,9,0],"v":{"t":[0,0]}},{"k":[3,0,0,8,0],"v":{"t":[0,0]}},{"k":[4,0,0,7,0],"v":{"t":[0,0]}},{"k":[5,0,0,6,0],"v":{"t":[0,0]}},{"k":[6,0,0,5,0],"v":{"t":[0,0]}},{"k":[7,0,0,4,0],"v":{"t":[0,0]}},{"k":[8,0,0,3,0],"v":{"t":[0,0]}},{"k":[9,0,0,2,0],"v":{"t":[0,0]}},{"k":[10,0,0,1,0],"v":{"t":[0,0]}},{"k":[11,0,0,0,0],"v":{"t":[0,0]}},{"k":[0,0,0,11,0],"v":{"t":[0,0]}},{"k":[7,4,0,0,0],"v":{"t":[0,0]}},{"k":[0,4,0,7,0],"v":{"t":[0,0]}},{"k":[4,0,0,10,0],"v":{"t":[0,0]}},{"k":[5,0,0,9,0],"v":{"t":[0,0]}},{"k":[6,0,0,8,0],"v":{"t":[0,0]}},{"k":[7,0,0,7,0],"v":{"t":[0,0]}},{"k":[8,0,0,6,0],"v":{"t":[0,0]}},{"k":[9,0,0,5,0],"v":{"t":[0,0]}},{"k":[10,0,0,4,0],"v":{"t":[0,0]}},{"k":[11,0,0,3,0],"v":{"t":[0,0]}},{"k":[12,0,0,2,0],"v":{"t":[0,0]}},{"k":[13,0,0,1,0],"v":{"t":[0,0]}},{"k":[14,0,0,0,0],"v":{"t":[0,0]}},{"k":[2,0,0,12,0],"v":{"t":[0,0]}},{"k":[3,0,0,11,0],"v":{"t":[0,0]}},{"k":[1,0,0,13,0],"v":{"t":[0,0]}},{"k":[0,0,0,14,0],"v":{"t":[0,0]}},{"k":[0,4,0,10,0],"v":{"t":[0,0]}},{"k":[3,0,0,10,0],"v":{"t":[0,0]}},{"k":[4,0,0,9,0],"v":{"t":[0,0]}},{"k":[5,0,0,8,0],"v":{"t":[0,0]}},{"k":[6,0,0,7,0],"v":{"t":[0,0]}},{"k":[7,0,0,6,0],"v":{"t":[0,0]}},{"k":[8,0,0,5,0],"v":{"t":[0,0]}},{"k":[9,0,0,4,0],"v":{"t":[0,0]}},{"k":[10,0,0,3,0],"v":{"t":[0,0]}},{"k":[11,0,0,2,0],"v":{"t":[0,0]}},{"k":[12,0,0,1,0],"v":{"t":[0,0]}},{"k":[13,0,0,0,0],"v":{"t":[0,0]}},{"k":[1,0,0,12,0],"v":{"t":[0,0]}},{"k":[2,0,0,11,0],"v":{"t":[0,0]}},{"k":[0,0,0,13,0],"v":{"t":[0,0]}},{"k":[0,4,0,9,0],"v":{"t":[0,0]}},{"k":[6,0,0,10,0],"v":{"t":[0,0]}},{"k":[7,0,0,9,0],"v":{"t":[0,0]}},{"k":[8,0,0,8,0],"v":{"t":[0,0]}},{"k":[9,0,0,7,0],"v":{"t":[0,0]}},{"k":[10,0,0,6,0],"v":{"t":[0,0]}},{"k":[11,0,0,5,0],"v":{"t":[0,0]}},{"k":[12,0,0,4,0],"v":{"t":[0,0]}},{"k":[13,0,0,3,0],"v":{"t":[0,0]}},{"k":[14,0,0,2,0],"v":{"t":[0,0]}},{"k":[15,0,0,1,0],"v":{"t":[0,0]}},{"k":[4,0,0,12,0],"v":{"t":[0,0]}},{"k":[5,0,0,11,0],"v":{"t":[0,0]}},{"k":[3,0,0,13,0],"v":{"t":[0,0]}},{"k":[2,0,0,14,0],"v":{"t":[0,0]}},{"k":[1,0,0,15,0],"v":{"t":[0,0]}},{"k":[12,4,0,0,0],"v":{"t":[0,0]}},{"k":[0,4,0,12,0],"v":{"t":[0,0]}},{"k":[5,0,0,10,0],"v":{"t":[0,0]}},{"k":[6,0,0,9,0],"v":{"t":[0,0]}},{"k":[7,0,0,8,0],"v":{"t":[0,0]}},{"k":[8,0,0,7,0],"v":{"t":[0,0]}},{"k":[9,0,0,6,0],"v":{"t":[0,0]}},{"k":[10,0,0,5,0],"v":{"t":[0,0]}},{"k":[11,0,0,4,0],"v":{"t":[0,0]}},{"k":[12,0,0,3,0],"v":{"t":[0,0]}},{"k":[13,0,0,2,0],"v":{"t":[0,0]}},{"k":[14,0,0,1,0],"v":{"t":[0,0]}},{"k":[15,0,0,0,0],"v":{"t":[0,0]}},{"k":[3,0,0,12,0],"v":{"t":[0,0]}},{"k":[4,0,0,11,0],"v":{"t":[0,0]}},{"k":[2,0,0,13,0],"v":{"t":[0,0]}},{"k":[1,0,0,14,0],"v":{"t":[0,0]}},{"k":[0,0,0,15,0],"v":{"t":[0,0]}},{"k":[11,4,0,0,0],"v":{"t":[0,0]}},{"k":[0,4,0,11,0],"v":{"t":[0,0]}},{"k":[7,0,0,11,0],"v":{"t":[0,0]}},{"k":[8,0,0,10,0],"v":{"t":[0,0]}},{"k":[9,0,0,9,0],"v":{"t":[0,0]}},{"k":[10,0,0,8,0],"v":{"t":[0,0]}},{"k":[11,0,0,7,0],"v":{"t":[0,0]}},{"k":[12,0,0,6,0],"v":{"t":[0,0]}},{"k":[13,0,0,5,0],"v":{"t":[0,0]}},{"k":[14,0,0,4,0],"v":{"t":[0,0]}},{"k":[15,0,0,3,0],"v":{"t":[0,0]}},{"k":[6,0,0,12,0],"v":{"t":[0,0]}},{"k":[5,0,0,13,0],"v":{"t":[0,0]}},{"k":[4,0,0,14,0],"v":{"t":[0,0]}},{"k":[3,0,0,15,0],"v":{"t":[0,0]}},{"k":[14,4,0,0,0],"v":{"t":[0,0]}},{"k":[0,4,0,14,0],"v":{"t":[0,0]}},{"k":[6,0,0,11,0],"v":{"t":[0,0]}},{"k":[7,0,0,10,0],"v":{"t":[0,0]}},{"k":[8,0,0,9,0],"v":{"t":[0,0]}},{"k":[9,0,0,8,0],"v":{"t":[0,0]}},{"k":[10,0,0,7,0],"v":{"t":[0,0]}},{"k":[11,0,0,6,0],"v":{"t":[0,0]}},{"k":[12,0,0,5,0],"v":{"t":[0,0]}},{"k":[13,0,0,4,0],"v":{"t":[0,0]}},{"k":[14,0,0,3,0],"v":{"t":[0,0]}},{"k":[15,0,0,2,0],"v":{"t":[0,0]}},{"k":[5,0,0,12,0],"v":{"t":[0,0]}},{"k":[4,0,0,13,0],"v":{"t":[0,0]}},{"k":[3,0,0,14,0],"v":{"t":[0,0]}},{"k":[2,0,0,15,0],"v":{"t":[0,0]}},{"k":[13,4,0,0,0],"v":{"t":[0,0]}},{"k":[0,4,0,13,0],"v":{"t":[0,0]}},{"k":[7,0,0,13,0],"v":{"t":[0,0]}},{"k":[9,0,0,11,0],"v":{"t":[0,0]}},{"k":[10,0,0,10,0],"v":{"t":[0,0]}},{"k":[11,0,0,9,0],"v":{"t":[0,0]}},{"k":[12,0,0,8,0],"v":{"t":[0,0]}},{"k":[13,0,0,7,0],"v":{"t":[0,0]}},{"k":[14,0,0,6,0],"v":{"t":[0,0]}},{"k":[15,0,0,5,0],"v":{"t":[0,0]}},{"k":[8,0,0,12,0],"v":{"t":[0,0]}},{"k":[6,0,0,14,0],"v":{"t":[0,0]}},{"k":[5,0,0,15,0],"v":{"t":[0,0]}},{"k":[8,0,0,11,0],"v":{"t":[0,0]}},{"k":[9,0,0,10,0],"v":{"t":[0,0]}},{"k":[10,0,0,9,0],"v":{"t":[0,0]}},{"k":[11,0,0,8,0],"v":{"t":[0,0]}},{"k":[12,0,0,7,0],"v":{"t":[0,0]}},{"k":[13,0,0,6,0],"v":{"t":[0,0]}},{"k":[14,0,0,5,0],"v":{"t":[0,0]}},{"k":[15,0,0,4,0],"v":{"t":[0,0]}},{"k":[7,0,0,12,0],"v":{"t":[0,0]}},{"k":[6,0,0,13,0],"v":{"t":[0,0]}},{"k":[5,0,0,14,0],"v":{"t":[0,0]}},{"k":[4,0,0,15,0],"v":{"t":[0,0]}},{"k":[15,4,0,0,0],"v":{"t":[0,0]}},{"k":[0,4,0,15,0],"v":{"t":[0,0]}},{"k":[11,0,0,11,0],"v":{"t":[0,0]}},{"k":[12,0,0,10,0],"v":{"t":[0,0]}},{"k":[13,0,0,9,0],"v":{"t":[0,0]}},{"k":[14,0,0,8,0],"v":{"t":[0,0]}},{"k":[15,0,0,7,0],"v":{"t":[0,0]}},{"k":[10,0,0,12,0],"v":{"t":[0,0]}},{"k":[9,0,0,13,0],"v":{"t":[0,0]}},{"k":[8,0,0,14,0],"v":{"t":[0,0]}},{"k":[7,0,0,15,0],"v":{"t":[0,0]}},{"k":[10,0,0,11,0],"v":{"t":[0,0]}},{"k":[11,0,0,10,0],"v":{"t":[0,0]}},{"k":[12,0,0,9,0],"v":{"t":[0,0]}},{"k":[13,0,0,8,0],"v":{"t":[0,0]}},{"k":[14,0,0,7,0],"v":{"t":[0,0]}},{"k":[15,0,0,6,0],"v":{"t":[0,0]}},{"k":[9,0,0,12,0],"v":{"t":[0,0]}},{"k":[8,0,0,13,0],"v":{"t":[0,0]}},{"k":[7,0,0,14,0],"v":{"t":[0,0]}},{"k":[6,0,0,15,0],"v":{"t":[0,0]}},{"k":[13,0,0,11,0],"v":{"t":[0,0]}},{"k":[14,0,0,10,0],"v":{"t":[0,0]}},{"k":[15,0,0,9,0],"v":{"t":[0,0]}},{"k":[12,0,0,12,0],"v":{"t":[0,0]}},{"k":[11,0,0,13,0],"v":{"t":[0,0]}},{"k":[10,0,0,14,0],"v":{"t":[0,0]}},{"k":[9,0,0,15,0],"v":{"t":[0,0]}},{"k":[12,0,0,11,0],"v":{"t":[0,0]}},{"k":[13,0,0,10,0],"v":{"t":[0,0]}},{"k":[14,0,0,9,0],"v":{"t":[0,0]}},{"k":[15,0,0,8,0],"v":{"t":[0,0]}},{"k":[11,0,0,12,0],"v":{"t":[0,0]}},{"k":[10,0,0,13,0],"v":{"t":[0,0]}},{"k":[9,0,0,14,0],"v":{"t":[0,0]}},{"k":[8,0,0,15,0],"v":{"t":[0,0]}},{"k":[0,0,0,0,0],"v":{"t":[0,0]}},{"k":[0,0,0,2,0],"v":{"t":[0,0]}},{"k":[1,0,0,1,0],"v":{"t":[0,0]}},{"k":[2,0,0,0,0],"v":{"t":[0,0]}},{"k":[0,0,0,1,0],"v":{"t":[0,0]}},{"k":[1,0,0,0,0],"v":{"t":[0,0]}},{"k":[0,0,0,4,0],"v":{"t":[0,0]}},{"k":[1,0,0,3,0],"v":{"t":[0,0]}},{"k":[2,0,0,2,0],"v":{"t":[0,0]}},{"k":[3,0,0,1,0],"v":{"t":[0,0]}},{"k":[4,0,0,0,0],"v":{"t":[0,0]}},{"k":[0,4,0,0,0],"v":{"t":[0,0]}},{"k":[0,0,0,3,0],"v":{"t":[0,0]}},{"k":[1,0,0,2,0],"v":{"t":[0,0]}},{"k":[2,0,0,1,0],"v":{"t":[0,0]}},{"k":[3,0,0,0,0],"v":{"t":[0,0]}},{"k":[0,0,0,6,0],"v":{"t":[0,0]}},{"k":[1,0,0,5,0],"v":{"t":[0,0]}},{"k":[2,0,0,4,0],"v":{"t":[0,0]}},{"k":[3,0,0,3,0],"v":{"t":[0,0]}},{"k":[4,0,0,2,0],"v":{"t":[0,0]}},{"k":[5,0,0,1,0],"v":{"t":[0,0]}},{"k":[6,0,0,0,0],"v":{"t":[0,0]}},{"k":[2,4,0,0,0],"v":{"t":[0,0]}},{"k":[0,4,0,2,0],"v":{"t":[0,0]}},{"k":[0,0,0,5,0],"v":{"t":[0,0]}},{"k":[1,0,0,4,0],"v":{"t":[0,0]}},{"k":[2,0,0,3,0],"v":{"t":[0,0]}},{"k":[3,0,0,2,0],"v":{"t":[0,0]}},{"k":[4,0,0,1,0],"v":{"t":[0,0]}},{"k":[5,0,0,0,0],"v":{"t":[0,0]}},{"k":[1,4,0,0,0],"v":{"t":[0,0]}},{"k":[0,4,0,1,0],"v":{"t":[0,0]}},{"k":[0,0,0,8,0],"v":{"t":[0,0]}},{"k":[1,0,0,7,0],"v":{"t":[0,0]}},{"k":[2,0,0,6,0],"v":{"t":[0,0]}},{"k":[3,0,0,5,0],"v":{"t":[0,0]}},{"k":[4,0,0,4,0],"v":{"t":[0,0]}},{"k":[5,0,0,3,0],"v":{"t":[0,0]}},{"k":[6,0,0,2,0],"v":{"t":[0,0]}},{"k":[7,0,0,1,0],"v":{"t":[0,0]}},{"k":[8,0,0,0,0],"v":{"t":[0,0]}},{"k":[4,4,0,0,0],"v":{"t":[0,0]}},{"k":[0,4,0,4,0],"v":{"t":[0,0]}},{"k":[0,0,0,7,0],"v":{"t":[0,0]}},{"k":[1,0,0,6,0],"v":{"t":[0,0]}},{"k":[2,0,0,5,0],"v":{"t":[0,0]}},{"k":[3,0,0,4,0],"v":{"t":[0,0]}},{"k":[4,0,0,3,0],"v":{"t":[0,0]}},{"k":[5,0,0,2,0],"v":{"t":[0,0]}},{"k":[6,0,0,1,0],"v":{"t":[0,0]}},{"k":[7,0,0,0,0],"v":{"t":[0,0]}},{"k":[3,4,0,0,0],"v":{"t":[0,0]}},{"k":[0,4,0,3,0],"v":{"t":[0,0]}}]},"moun":{"a":[{"k":[7,0,0,0,0],"v":{"hs":4,"l":true,"r":true,"sid":1,"wp":31.25}},{"k":[0,0,0,7,0],"v":{"b":true,"hs":4,"sid":1,"t":true,"wp":31.25}},{"k":[0,0,0,10,0],"v":{"b":true,"hs":4,"sid":1,"t":true,"wp":31.25}},{"k":[0,0,0,9,0],"v":{"b":true,"hs":4,"sid":1,"t":true,"wp":31.25}},{"k":[12,0,0,0,0],"v":{"hs":4,"l":true,"r":true,"sid":1,"wp":31.25}},{"k":[0,0,0,12,0],"v":{"b":true,"hs":4,"sid":1,"t":true,"wp":31.25}},{"k":[11,0,0,0,0],"v":{"hs":4,"r":true,"sid":1,"wp":31.25}},{"k":[0,0,0,11,0],"v":{"b":true,"hs":4,"sid":1,"t":true,"wp":31.25}},{"k":[14,0,0,0,0],"v":{"hs":4,"l":true,"r":true,"sid":1,"wp":31.25}},{"k":[0,0,0,14,0],"v":{"b":true,"hs":4,"sid":1,"t":true,"wp":31.25}},{"k":[13,0,0,0,0],"v":{"hs":4,"l":true,"r":true,"sid":1,"wp":31.25}},{"k":[0,0,0,13,0],"v":{"b":true,"hs":4,"sid":1,"t":true,"wp":31.25}},{"k":[15,0,0,0,0],"v":{"hs":4,"l":true,"r":true,"sid":1,"wp":31.25}},{"k":[0,0,0,15,0],"v":{"b":true,"hs":4,"sid":1,"t":true,"wp":31.25}},{"k":[0,0,0,0,0],"v":{"b":true,"hs":4,"r":true,"sid":1,"wp":31.25}},{"k":[2,0,0,0,0],"v":{"hs":4,"l":true,"r":true,"sid":1,"wp":31.25}},{"k":[0,0,0,2,0],"v":{"b":true,"hs":4,"sid":1,"t":true,"wp":31.25}},{"k":[1,0,0,0,0],"v":{"hs":4,"l":true,"r":true,"sid":1,"wp":31.25}},{"k":[0,0,0,1,0],"v":{"b":true,"hs":4,"sid":1,"t":true,"wp":31.25}},{"k":[4,0,0,0,0],"v":{"hs":4,"l":true,"r":true,"sid":1,"wp":31.25}},{"k":[0,0,0,4,0],"v":{"b":true,"hs":4,"sid":1,"t":true,"wp":31.25}},{"k":[3,0,0,0,0],"v":{"hs":4,"l":true,"r":true,"sid":1,"wp":31.25}},{"k":[0,0,0,3,0],"v":{"b":true,"hs":4,"sid":1,"t":true,"wp":31.25}},{"k":[6,0,0,0,0],"v":{"hs":4,"l":true,"r":true,"sid":1,"wp":31.25}},{"k":[0,0,0,6,0],"v":{"b":true,"hs":4,"sid":1,"t":true,"wp":31.25}},{"k":[5,0,0,0,0],"v":{"hs":4,"l":true,"r":true,"sid":1,"wp":31.25}},{"k":[0,0,0,5,0],"v":{"b":true,"hs":4,"sid":1,"t":true,"wp":31.25}},{"k":[8,0,0,0,0],"v":{"hs":4,"l":true,"sid":1,"wp":31.25}},{"k":[0,0,0,8,0],"v":{"b":true,"hs":4,"sid":1,"t":true,"wp":31.25}}],"o":[[16,0,0,0,0],[0,0,0,16,0]]},"objs":{"list":[{"k":[10,0,0,14,0],"v":{"events":[{"id":1,"name":"Hero action","p":[],"r":{"1":{"bh":true,"c":[{"command":[8,"",3,3,4,1,"Well done!\nYou've defeated Beethoven and saved\nour society of musicians..."],"kind":1},{"command":[8,"",3,3,4,1,"Now then, go forth onto your next adventure!"],"kind":1}]}},"sys":false}],"hId":-1,"id":1,"name":"OBJ0001","ooepf":false,"states":[{"cam":true,"climb":false,"dir":false,"gid":47,"gk":4,"id":1,"move":true,"name":"State 1","pix":true,"pos":false,"stop":false,"sx":{"k":12,"v":1},"sy":{"k":12,"v":1},"sz":{"k":12,"v":1},"through":false,"x":0,"y":0}]}}]},"objs3d":{"a":[],"o":[]},"sprites":{"list":[{"k":[15,0,0,10,0],"v":{"f":false,"k":6,"t":[0,1,2,2]}},{"k":[13,0,0,12,0],"v":{"f":false,"k":6,"t":[2,1,2,2]}},{"k":[15,0,0,12,0],"v":{"f":false,"k":4,"t":[5,8,1,1]}},{"k":[13,0,0,14,0],"v":{"f":false,"k":4,"t":[7,8,1,1]}},{"k":[12,0,0,15,0],"v":{"f":false,"k":4,"t":[7,8,1,1]}},{"k":[14,0,0,15,0],"v":{"f":false,"k":4,"t":[7,8,1,1]}},{"k":[8,0,0,2,0],"v":{"k":4,"t":[7,8,1,1]}},{"k":[1,0,0,9,0],"v":{"f":false,"k":4,"t":[6,8,1,1]}},{"k":[2,0,0,7,0],"v":{"k":4,"t":[7,8,1,1]}},{"k":[3,0,0,6,0],"v":{"f":false,"k":4,"t":[6,8,1,1]}},{"k":[4,0,0,8,0],"v":{"f":false,"k":6,"t":[0,1,2,2]}},{"k":[7,0,0,5,0],"v":{"f":false,"k":4,"t":[6,8,1,1]}},{"k":[1,0,0,11,0],"v":{"f":false,"k":4,"t":[6,8,1,1]}},{"k":[10,0,0,2,0],"v":{"f":false,"k":4,"t":[6,7,1,1]}},{"k":[6,0,0,5,0],"v":{"f":false,"k":6,"t":[0,1,2,2]}},{"k":[1,0,0,10,0],"v":{"f":false,"k":4,"t":[6,8,1,1]}},{"k":[8,0,0,3,0],"v":{"f":false,"k":4,"t":[7,8,1,1]}},{"k":[10,0,0,4,0],"v":{"k":4,"t":[7,8,1,1]}},{"k":[9,0,0,5,0],"v":{"k":4,"t":[7,8,1,1]}},{"k":[0,0,0,14,0],"v":{"f":false,"k":4,"t":[7,8,1,1]}},{"k":[6,0,0,8,0],"v":{"f":false,"k":4,"t":[6,8,1,1]}},{"k":[11,0,0,3,0],"v":{"f":false,"k":4,"t":[7,8,1,1]}},{"k":[8,0,0,6,0],"v":{"f":false,"k":4,"t":[6,7,1,1]}},{"k":[12,0,0,2,0],"v":{"f":false,"k":4,"t":[6,7,1,1]}},{"k":[9,0,0,4,0],"v":{"k":4,"t":[7,8,1,1]}},{"k":[2,0,0,11,0],"v":{"f":false,"k":4,"t":[7,8,1,1]}},{"k":[8,0,0,5,0],"v":{"f":false,"k":4,"t":[6,7,1,1]}},{"k":[6,0,0,7,0],"v":{"f":false,"k":4,"t":[6,7,1,1]}},{"k":[11,0,0,5,0],"v":{"f":false,"k":4,"t":[2,8,1,1]}},{"k":[9,0,0,7,0],"v":{"f":false,"k":4,"t":[7,8,1,1]}},{"k":[12,0,0,4,0],"v":{"f":false,"k":4,"t":[6,8,1,1]}},{"k":[4,0,0,11,0],"v":{"f":false,"k":6,"t":[2,1,2,2]}},{"k":[1,0,0,14,0],"v":{"f":false,"k":4,"t":[7,8,1,1]}},{"k":[7,0,0,8,0],"v":{"f":false,"k":4,"t":[6,8,1,1]}},{"k":[2,0,0,13,0],"v":{"f":false,"k":4,"t":[6,8,1,1]}},{"k":[12,0,0,3,0],"v":{"f":false,"k":4,"t":[7,8,1,1]}},{"k":[9,0,0,6,0],"v":{"f":false,"k":4,"t":[6,7,1,1]}},{"k":[4,0,0,14,0],"v":{"f":false,"k":4,"t":[3,8,1,1]}},{"k":[9,0,0,9,0],"v":{"f":false,"k":4,"t":[7,8,1,1]}},{"k":[12,0,0,6,0],"v":{"f":false,"k":4,"t":[6,8,1,1]}},{"k":[7,0,0,10,0],"v":{"f":false,"k":6,"t":[2,1,2,2]}},{"k":[13,0,0,4,0],"v":{"f":false,"k":4,"t":[7,8,1,1]}},{"k":[10,0,0,7,0],"v":{"f":false,"k":4,"t":[6,7,1,1]}},{"k":[9,0,0,8,0],"v":{"f":false,"k":4,"t":[6,7,1,1]}},{"k":[14,0,0,6,0],"v":{"f":false,"k":6,"t":[2,1,2,2]}},{"k":[12,0,0,8,0],"v":{"f":false,"k":6,"t":[0,1,2,2]}},{"k":[10,0,0,10,0],"v":{"f":false,"k":4,"t":[7,8,1,1]}},{"k":[6,0,0,14,0],"v":{"f":false,"k":4,"t":[7,8,1,1]}},{"k":[4,0,0,15,0],"v":{"f":false,"k":6,"t":[0,1,2,2]}},{"k":[15,0,0,4,0],"v":{"f":false,"k":4,"t":[2,8,1,1]}},{"k":[7,0,0,12,0],"v":{"f":false,"k":4,"t":[7,8,1,1]}},{"k":[6,0,0,13,0],"v":{"f":false,"k":4,"t":[6,8,1,1]}},{"k":[10,0,0,9,0],"v":{"f":false,"k":4,"t":[6,7,1,1]}},{"k":[8,0,0,14,0],"v":{"f":false,"k":4,"t":[7,8,1,1]}},{"k":[7,0,0,14,0],"v":{"f":false,"k":4,"t":[7,8,1,1]}},{"k":[10,0,0,11,0],"v":{"f":false,"k":4,"t":[7,8,1,1]}},{"k":[11,0,0,10,0],"v":{"f":false,"k":4,"t":[6,8,1,1]}},{"k":[12,0,0,12,0],"v":{"f":false,"k":4,"t":[7,8,1,1]}},{"k":[13,0,0,11,0],"v":{"f":false,"k":4,"t":[6,8,1,1]}},{"k":[15,0,0,8,0],"v":{"f":false,"k":4,"t":[7,8,1,1]}},{"k":[9,0,0,14,0],"v":{"f":false,"k":4,"t":[6,8,1,1]}},{"k":[13,0,0,10,0],"v":{"f":false,"k":4,"t":[6,7,1,1]}},{"k":[3,0,0,1,0],"v":{"k":4,"t":[7,8,1,1]}},{"k":[3,0,0,3,0],"v":{"f":false,"k":6,"t":[2,1,2,2]}},{"k":[4,0,0,2,0],"v":{"f":false,"k":4,"t":[6,7,1,1]}},{"k":[2,0,0,3,0],"v":{"k":4,"t":[7,8,1,1]}},{"k":[6,0,0,2,0],"v":{"k":4,"t":[7,8,1,1]}},{"k":[3,0,0,5,0],"v":{"f":false,"k":4,"t":[6,7,1,1]}},{"k":[2,0,0,5,0],"v":{"f":false,"k":4,"t":[2,8,1,1]}}],"overflow":[[7,0,0,16,0],[12,0,0,16,0],[16,0,0,14,0]],"walls":[{"k":[10,0,0,0,0,50,0,0],"v":{"k":2,"w":1}},{"k":[9,0,0,0,0,50,0,0],"v":{"k":0,"w":1}}]}}