{"lands":{"autotiles":[],"floors":[{"k":[19,4,0,12,0],"v":{"t":[0,0]}},{"k":[19,4,0,13,0],"v":{"t":[0,0]}},{"k":[19,0,0,14,0],"v":{"t":[0,0]}},{"k":[18,0,0,15,0],"v":{"t":[0,0]}},{"k":[19,4,0,10,0],"v":{"t":[0,0]}},{"k":[19,0,0,15,0],"v":{"t":[0,0]}},{"k":[19,4,0,11,0],"v":{"t":[0,0]}},{"k":[19,4,0,14,0],"v":{"t":[0,0]}},{"k":[19,4,0,15,0],"v":{"t":[0,0]}},{"k":[16,0,0,11,0],"v":{"t":[0,0]}},{"k":[17,0,0,10,0],"v":{"t":[0,0]}},{"k":[18,0,0,9,0],"v":{"t":[0,0]}},{"k":[19,0,0,8,0],"v":{"t":[0,0]}},{"k":[19,4,0,4,0],"v":{"t":[0,0]}},{"k":[17,0,0,11,0],"v":{"t":[0,0]}},{"k":[16,0,0,12,0],"v":{"t":[0,0]}},{"k":[18,0,0,10,0],"v":{"t":[0,0]}},{"k":[19,0,0,9,0],"v":{"t":[0,0]}},{"k":[19,4,0,5,0],"v":{"t":[0,0]}},{"k":[16,0,0,9,0],"v":{"t":[0,0]}},{"k":[17,0,0,8,0],"v":{"t":[0,0]}},{"k":[18,0,0,7,0],"v":{"t":[0,0]}},{"k":[19,0,0,6,0],"v":{"t":[0,0]}},{"k":[19,4,0,2,0],"v":{"t":[0,0]}},{"k":[16,0,0,10,0],"v":{"t":[0,0]}},{"k":[17,0,0,9,0],"v":{"t":[0,0]}},{"k":[18,0,0,8,0],"v":{"t":[0,0]}},{"k":[19,0,0,7,0],"v":{"t":[0,0]}},{"k":[19,4,0,3,0],"v":{"t":[0,0]}},{"k":[19,0,0,12,0],"v":{"t":[0,0]}},{"k":[18,0,0,13,0],"v":{"t":[0,0]}},{"k":[17,0,0,14,0],"v":{"t":[0,0]}},{"k":[16,0,0,15,0],"v":{"t":[0,0]}},{"k":[19,4,0,8,0],"v":{"t":[0,0]}},{"k":[19,0,0,13,0],"v":{"t":[0,0]}},{"k":[18,0,0,14,0],"v":{"t":[0,0]}},{"k":[17,0,0,15,0],"v":{"t":[0,0]}},{"k":[19,4,0,9,0],"v":{"t":[0,0]}},{"k":[18,0,0,11,0],"v":{"t":[0,0]}},{"k":[17,0,0,12,0],"v":{"t":[0,0]}},{"k":[16,0,0,13,0],"v":{"t":[0,0]}},{"k":[19,0,0,10,0],"v":{"t":[0,0]}},{"k":[19,4,0,6,0],"v":{"t":[0,0]}},{"k":[19,0,0,11,0],"v":{"t":[0,0]}},{"k":[18,0,0,12,0],"v":{"t":[0,0]}},{"k":[17,0,0,13,0],"v":{"t":[0,0]}},{"k":[16,0,0,14,0],"v":{"t":[0,0]}},{"k":[19,4,0,7,0],"v":{"t":[0,0]}},{"k":[16,0,0,3,0],"v":{"t":[0,0]}},{"k":[17,0,0,2,0],"v":{"t":[0,0]}},{"k":[18,0,0,1,0],"v":{"t":[0,0]}},{"k":[19,0,0,0,0],"v":{"t":[0,0]}},{"k":[16,0,0,4,0],"v":{"t":[0,0]}},{"k":[17,0,0,3,0],"v":{"t":[0,0]}},{"k":[18,0,0,2,0],"v":{"t":[0,0]}},{"k":[19,0,0,1,0],"v":{"t":[0,0]}},{"k":[16,4,0,0,0],"v":{"t":[0,0]}},{"k":[16,0,0,1,0],"v":{"t":[0,0]}},{"k":[17,0,0,0,0],"v":{"t":[0,0]}},{"k":[16,0,0,2,0],"v":{"t":[0,0]}},{"k":[17,0,0,1,0],"v":{"t":[0,0]}},{"k":[18,0,0,0,0],"v":{"t":[0,0]}},{"k":[16,0,0,7,0],"v":{"t":[0,0]}},{"k":[17,0,0,6,0],"v":{"t":[0,0]}},{"k":[18,0,0,5,0],"v":{"t":[0,0]}},{"k":[19,0,0,4,0],"v":{"t":[0,0]}},{"k":[19,4,0,0,0],"v":{"t":[0,0]}},{"k":[16,0,0,8,0],"v":{"t":[0,0]}},{"k":[17,0,0,7,0],"v":{"t":[0,0]}},{"k":[18,0,0,6,0],"v":{"t":[0,0]}},{"k":[19,0,0,5,0],"v":{"t":[0,0]}},{"k":[19,4,0,1,0],"v":{"t":[0,0]}},{"k":[16,0,0,5,0],"v":{"t":[0,0]}},{"k":[17,0,0,4,0],"v":{"t":[0,0]}},{"k":[18,0,0,3,0],"v":{"t":[0,0]}},{"k":[19,0,0,2,0],"v":{"t":[0,0]}},{"k":[17,4,0,0,0],"v":{"t":[0,0]}},{"k":[16,0,0,6,0],"v":{"t":[0,0]}},{"k":[17,0,0,5,0],"v":{"t":[0,0]}},{"k":[18,0,0,4,0],"v":{"t":[0,0]}},{"k":[19,0,0,3,0],"v":{"t":[0,0]}},{"k":[18,4,0,0,0],"v":{"t":[0,0]}},{"k":[16,0,0,0,0],"v":{"t":[0,0]}}]},"moun":{"a":[{"k":[19,0,0,4,0],"v":{"b":true,"hs":4,"sid":1,"t":true,"wp":31.25}},{"k":[19,0,0,5,0],"v":{"b":true,"hs":4,"sid":1,"t":true,"wp":31.25}},{"k":[19,0,0,2,0],"v":{"b":true,"hs":4,"sid":1,"t":true,"wp":31.25}},{"k":[19,0,0,3,0],"v":{"b":true,"hs":4,"sid":1,"t":true,"wp":31.25}},{"k":[16,0,0,0,0],"v":{"hs":4,"l":true,"r":true,"sid":1,"wp":31.25}},{"k":[19,0,0,14,0],"v":{"b":true,"hs":4,"sid":1,"t":true,"wp":31.25}},{"k":[19,0,0,15,0],"v":{"b":true,"hs":4,"sid":1,"t":true,"wp":31.25}},{"k":[19,0,0,8,0],"v":{"b":true,"hs":4,"sid":1,"t":true,"wp":31.25}},{"k":[19,0,0,9,0],"v":{"b":true,"hs":4,"sid":1,"t":true,"wp":31.25}},{"k":[19,0,0,6,0],"v":{"b":true,"hs":4,"sid":1,"t":true,"wp":31.25}},{"k":[19,0,0,7,0],"v":{"b":true,"hs":4,"sid":1,"t":true,"wp":31.25}},{"k":[19,0,0,12,0],"v":{"b":true,"hs":4,"sid":1,"t":true,"wp":31.25}},{"k":[19,0,0,13,0],"v":{"b":true,"hs":4,"sid":1,"t":true,"wp":31.25}},{"k":[19,0,0,10,0],"v":{"b":true,"hs":4,"sid":1,"t":true,"wp":31.25}},{"k":[19,0,0,11,0],"v":{"b":true,"hs":4,"sid":1,"t":true,"wp":31.25}},{"k":[19,0,0,0,0],"v":{"b":true,"hs":4,"l":true,"sid":1,"wp":31.25}},{"k":[19,0,0,1,0],"v":{"b":true,"hs":4,"sid":1,"t":true,"wp":31.25}},{"k":[17,0,0,0,0],"v":{"hs":4,"l":true,"r":true,"sid":1,"wp":31.25}},{"k":[18,0,0,0,0],"v":{"hs":4,"l":true,"r":true,"sid":1,"wp":31.25}}],"o":[]},"objs":{"list":[]},"objs3d":{"a":[],"o":[]},"sprites":{"list":[{"k":[17,0,0,7,0],"v":{"f":false,"k":4,"t":[7,8,1,1]}},{"k":[17,0,0,5,0],"v":{"f":false,"k":4,"t":[7,8,1,1]}},{"k":[17,0,0,8,0],"v":{"f":false,"k":4,"t":[7,8,1,1]}},{"k":[17,0,0,9,0],"v":{"f":false,"k":4,"t":[2,8,1,1]}},{"k":[16,0,0,14,0],"v":{"f":false,"k":6,"t":[0,1,2,2]}},{"k":[18,0,0,12,0],"v":{"f":false,"k":4,"t":[6,8,1,1]}},{"k":[17,0,0,13,0],"v":{"f":false,"k":4,"t":[6,8,1,1]}},{"k":[17,0,0,3,0],"v":{"f":false,"k":6,"t":[0,1,2,2]}},{"k":[17,0,0,6,0],"v":{"f":false,"k":4,"t":[7,8,1,1]}},{"k":[16,0,0,7,0],"v":{"f":false,"k":4,"t":[7,8,1,1]}}],"overflow":[],"walls":[]}}