{"lands":{"autotiles":[],"floors":[{"k":[19,4,0,18,0],"v":{"t":[0,0]}},{"k":[18,4,0,19,0],"v":{"t":[0,0]}},{"k":[19,4,0,19,0],"v":{"t":[0,0]}},{"k":[19,0,0,16,0],"v":{"t":[0,0]}},{"k":[18,0,0,17,0],"v":{"t":[0,0]}},{"k":[17,0,0,18,0],"v":{"t":[0,0]}},{"k":[16,0,0,19,0],"v":{"t":[0,0]}},{"k":[19,0,0,17,0],"v":{"t":[0,0]}},{"k":[18,0,0,18,0],"v":{"t":[0,0]}},{"k":[17,0,0,19,0],"v":{"t":[0,0]}},{"k":[17,0,0,16,0],"v":{"t":[0,0]}},{"k":[16,0,0,17,0],"v":{"t":[0,0]}},{"k":[18,0,0,16,0],"v":{"t":[0,0]}},{"k":[17,0,0,17,0],"v":{"t":[0,0]}},{"k":[16,0,0,18,0],"v":{"t":[0,0]}},{"k":[19,4,0,16,0],"v":{"t":[0,0]}},{"k":[16,4,0,19,0],"v":{"t":[0,0]}},{"k":[19,4,0,17,0],"v":{"t":[0,0]}},{"k":[17,4,0,19,0],"v":{"t":[0,0]}},{"k":[19,0,0,18,0],"v":{"t":[0,0]}},{"k":[18,0,0,19,0],"v":{"t":[0,0]}},{"k":[19,0,0,19,0],"v":{"t":[0,0]}},{"k":[16,0,0,16,0],"v":{"t":[0,0]}}]},"moun":{"a":[{"k":[19,0,0,18,0],"v":{"b":true,"hs":4,"sid":1,"t":true,"wp":31.25}},{"k":[18,0,0,19,0],"v":{"hs":4,"l":true,"r":true,"sid":1,"wp":31.25}},{"k":[19,0,0,19,0],"v":{"hs":4,"l":true,"sid":1,"t":true,"wp":31.25}},{"k":[19,0,0,16,0],"v":{"b":true,"hs":4,"sid":1,"t":true,"wp":31.25}},{"k":[16,0,0,19,0],"v":{"hs":4,"l":true,"r":true,"sid":1,"wp":31.25}},{"k":[19,0,0,17,0],"v":{"b":true,"hs":4,"sid":1,"t":true,"wp":31.25}},{"k":[17,0,0,19,0],"v":{"hs":4,"l":true,"r":true,"sid":1,"wp":31.25}}],"o":[]},"objs":{"list":[]},"objs3d":{"a":[],"o":[]},"sprites":{"list":[{"k":[17,0,0,17,0],"v":{"f":false,"k":4,"t":[7,8,1,1]}}],"overflow":[],"walls":[]}}