{"bgs":{"id":-1,"ie":false,"is":false,"name":"<None>","v":{"k":3,"v":100}},"d":0,"h":16,"id":7,"isi":false,"isky":true,"l":20,"music":{"id":-1,"ie":false,"is":false,"name":"<None>","v":{"k":3,"v":100}},"names":{"1":"End"},"of3d":[],"ofmoun":[{"k":[-1,0,-1],"v":[[0,0,0,0,0]]},{"k":[0,0,-1],"v":[[5,0,0,0,0],[6,0,0,0,0],[11,0,0,0,0],[12,0,0,0,0],[15,0,0,0,0],[0,0,0,0,0],[16,0,0,0,0],[13,0,0,0,0],[14,0,0,0,0],[3,0,0,0,0],[4,0,0,0,0],[1,0,0,0,0],[2,0,0,0,0],[7,0,0,0,0],[8,0,0,0,0]]},{"k":[-1,0,0],"v":[[0,0,0,5,0],[0,0,0,6,0],[0,0,0,11,0],[0,0,0,12,0],[0,0,0,9,0],[0,0,0,10,0],[0,0,0,0,0],[0,0,0,15,0],[0,0,0,16,0],[0,0,0,13,0],[0,0,0,14,0],[0,0,0,3,0],[0,0,0,4,0],[0,0,0,1,0],[0,0,0,2,0],[0,0,0,7,0],[0,0,0,8,0]]},{"k":[1,0,1],"v":[[19,0,0,15,0],[15,0,0,19,0]]},{"k":[1,0,-1],"v":[[15,0,0,0,0],[16,0,0,0,0],[19,0,0,0,0],[17,0,0,0,0],[18,0,0,0,0]]},{"k":[-1,0,1],"v":[[0,0,0,15,0],[0,0,0,16,0],[0,0,0,19,0],[0,0,0,17,0],[0,0,0,18,0]]},{"k":[1,0,0],"v":[[15,0,0,0,0],[19,0,0,16,0]]},{"k":[0,0,1],"v":[[0,0,0,15,0],[16,0,0,19,0]]}],"ofsprites":[],"sky":{"k":7,"v":3},"so":{"events":[{"id":1,"name":"Time","p":[{"id":1,"name":"Interval","v":{"k":2,"v":null}},{"id":2,"name":"Repeat","v":{"k":10,"v":false}}],"r":{"1":{"bh":true,"c":[]}},"sys":true}],"hId":-1,"id":1,"name":"","ooepf":false,"states":[{"cam":false,"climb":false,"dir":false,"gid":-1,"gk":0,"id":1,"move":false,"name":"State 1","pix":false,"pos":false,"stop":false,"sx":{"k":12,"v":1},"sy":{"k":12,"v":1},"sz":{"k":12,"v":1},"through":false,"x":0,"y":0}]},"tileset":1,"w":20}