{"lands":{"autotiles":[],"floors":[{"k":[14,8,0,37,0],"v":{"t":[0,0]}},{"k":[15,8,0,37,0],"v":{"t":[0,0]}},{"k":[14,4,0,39,0],"v":{"t":[0,0]}},{"k":[12,8,0,37,0],"v":{"t":[0,0]}},{"k":[15,4,0,39,0],"v":{"t":[0,0]}},{"k":[13,8,0,37,0],"v":{"t":[0,0]}},{"k":[15,0,0,36,0],"v":{"t":[0,0]}},{"k":[14,0,0,37,0],"v":{"t":[0,0]}},{"k":[13,0,0,38,0],"v":{"t":[0,0]}},{"k":[12,0,0,39,0],"v":{"t":[0,0]}},{"k":[8,4,0,39,0],"v":{"t":[0,0]}},{"k":[8,8,0,35,0],"v":{"t":[0,0]}},{"k":[11,8,0,32,0],"v":{"t":[0,0]}},{"k":[15,0,0,37,0],"v":{"t":[0,0]}},{"k":[14,0,0,38,0],"v":{"t":[0,0]}},{"k":[13,0,0,39,0],"v":{"t":[0,0]}},{"k":[9,4,0,39,0],"v":{"t":[0,0]}},{"k":[8,8,0,36,0],"v":{"t":[0,0]}},{"k":[11,8,0,33,0],"v":{"t":[0,0]}},{"k":[15,0,0,34,0],"v":{"t":[0,0]}},{"k":[14,0,0,35,0],"v":{"t":[0,0]}},{"k":[13,0,0,36,0],"v":{"t":[0,0]}},{"k":[12,0,0,37,0],"v":{"t":[0,0]}},{"k":[11,0,0,38,0],"v":{"t":[0,0]}},{"k":[10,0,0,39,0],"v":{"t":[0,0]}},{"k":[6,4,0,39,0],"v":{"t":[0,0]}},{"k":[8,8,0,33,0],"v":{"t":[0,0]}},{"k":[15,0,0,35,0],"v":{"t":[0,0]}},{"k":[14,0,0,36,0],"v":{"t":[0,0]}},{"k":[13,0,0,37,0],"v":{"t":[0,0]}},{"k":[12,0,0,38,0],"v":{"t":[0,0]}},{"k":[11,0,0,39,0],"v":{"t":[0,0]}},{"k":[7,4,0,39,0],"v":{"t":[0,0]}},{"k":[8,8,0,34,0],"v":{"t":[0,0]}},{"k":[12,4,0,39,0],"v":{"t":[0,0]}},{"k":[11,8,0,36,0],"v":{"t":[0,0]}},{"k":[13,4,0,39,0],"v":{"t":[0,0]}},{"k":[11,8,0,37,0],"v":{"t":[0,0]}},{"k":[15,0,0,38,0],"v":{"t":[0,0]}},{"k":[14,0,0,39,0],"v":{"t":[0,0]}},{"k":[10,4,0,39,0],"v":{"t":[0,0]}},{"k":[8,8,0,37,0],"v":{"t":[0,0]}},{"k":[11,8,0,34,0],"v":{"t":[0,0]}},{"k":[15,0,0,39,0],"v":{"t":[0,0]}},{"k":[11,4,0,39,0],"v":{"t":[0,0]}},{"k":[8,8,0,38,0],"v":{"t":[0,0]}},{"k":[11,8,0,35,0],"v":{"t":[0,0]}},{"k":[11,0,0,32,0],"v":{"t":[0,0]}},{"k":[10,0,0,33,0],"v":{"t":[0,0]}},{"k":[9,0,0,34,0],"v":{"t":[0,0]}},{"k":[8,0,0,35,0],"v":{"t":[0,0]}},{"k":[7,0,0,36,0],"v":{"t":[0,0]}},{"k":[6,0,0,37,0],"v":{"t":[0,0]}},{"k":[5,0,0,38,0],"v":{"t":[0,0]}},{"k":[4,0,0,39,0],"v":{"t":[0,0]}},{"k":[0,4,0,39,0],"v":{"t":[0,0]}},{"k":[12,0,0,32,0],"v":{"t":[0,0]}},{"k":[11,0,0,33,0],"v":{"t":[0,0]}},{"k":[10,0,0,34,0],"v":{"t":[0,0]}},{"k":[9,0,0,35,0],"v":{"t":[0,0]}},{"k":[8,0,0,36,0],"v":{"t":[0,0]}},{"k":[7,0,0,37,0],"v":{"t":[0,0]}},{"k":[6,0,0,38,0],"v":{"t":[0,0]}},{"k":[5,0,0,39,0],"v":{"t":[0,0]}},{"k":[1,4,0,39,0],"v":{"t":[0,0]}},{"k":[9,0,0,32,0],"v":{"t":[0,0]}},{"k":[8,0,0,33,0],"v":{"t":[0,0]}},{"k":[7,0,0,34,0],"v":{"t":[0,0]}},{"k":[6,0,0,35,0],"v":{"t":[0,0]}},{"k":[5,0,0,36,0],"v":{"t":[0,0]}},{"k":[4,0,0,37,0],"v":{"t":[0,0]}},{"k":[3,0,0,38,0],"v":{"t":[0,0]}},{"k":[2,0,0,39,0],"v":{"t":[0,0]}},{"k":[0,4,0,37,0],"v":{"t":[0,0]}},{"k":[10,0,0,32,0],"v":{"t":[0,0]}},{"k":[9,0,0,33,0],"v":{"t":[0,0]}},{"k":[8,0,0,34,0],"v":{"t":[0,0]}},{"k":[7,0,0,35,0],"v":{"t":[0,0]}},{"k":[6,0,0,36,0],"v":{"t":[0,0]}},{"k":[5,0,0,37,0],"v":{"t":[0,0]}},{"k":[4,0,0,38,0],"v":{"t":[0,0]}},{"k":[3,0,0,39,0],"v":{"t":[0,0]}},{"k":[0,4,0,38,0],"v":{"t":[0,0]}},{"k":[15,0,0,32,0],"v":{"t":[0,0]}},{"k":[14,0,0,33,0],"v":{"t":[0,0]}},{"k":[13,0,0,34,0],"v":{"t":[0,0]}},{"k":[12,0,0,35,0],"v":{"t":[0,0]}},{"k":[11,0,0,36,0],"v":{"t":[0,0]}},{"k":[10,0,0,37,0],"v":{"t":[0,0]}},{"k":[9,0,0,38,0],"v":{"t":[0,0]}},{"k":[8,0,0,39,0],"v":{"t":[0,0]}},{"k":[4,4,0,39,0],"v":{"t":[0,0]}},{"k":[15,0,0,33,0],"v":{"t":[0,0]}},{"k":[14,0,0,34,0],"v":{"t":[0,0]}},{"k":[13,0,0,35,0],"v":{"t":[0,0]}},{"k":[12,0,0,36,0],"v":{"t":[0,0]}},{"k":[11,0,0,37,0],"v":{"t":[0,0]}},{"k":[10,0,0,38,0],"v":{"t":[0,0]}},{"k":[9,0,0,39,0],"v":{"t":[0,0]}},{"k":[5,4,0,39,0],"v":{"t":[0,0]}},{"k":[8,8,0,32,0],"v":{"t":[0,0]}},{"k":[13,0,0,32,0],"v":{"t":[0,0]}},{"k":[12,0,0,33,0],"v":{"t":[0,0]}},{"k":[11,0,0,34,0],"v":{"t":[0,0]}},{"k":[10,0,0,35,0],"v":{"t":[0,0]}},{"k":[9,0,0,36,0],"v":{"t":[0,0]}},{"k":[8,0,0,37,0],"v":{"t":[0,0]}},{"k":[7,0,0,38,0],"v":{"t":[0,0]}},{"k":[6,0,0,39,0],"v":{"t":[0,0]}},{"k":[2,4,0,39,0],"v":{"t":[0,0]}},{"k":[14,0,0,32,0],"v":{"t":[0,0]}},{"k":[13,0,0,33,0],"v":{"t":[0,0]}},{"k":[12,0,0,34,0],"v":{"t":[0,0]}},{"k":[11,0,0,35,0],"v":{"t":[0,0]}},{"k":[10,0,0,36,0],"v":{"t":[0,0]}},{"k":[9,0,0,37,0],"v":{"t":[0,0]}},{"k":[8,0,0,38,0],"v":{"t":[0,0]}},{"k":[7,0,0,39,0],"v":{"t":[0,0]}},{"k":[3,4,0,39,0],"v":{"t":[0,0]}},{"k":[3,0,0,32,0],"v":{"t":[0,0]}},{"k":[2,0,0,33,0],"v":{"t":[0,0]}},{"k":[1,0,0,34,0],"v":{"t":[0,0]}},{"k":[0,0,0,35,0],"v":{"t":[0,0]}},{"k":[4,0,0,32,0],"v":{"t":[0,0]}},{"k":[3,0,0,33,0],"v":{"t":[0,0]}},{"k":[2,0,0,34,0],"v":{"t":[0,0]}},{"k":[1,0,0,35,0],"v":{"t":[0,0]}},{"k":[0,0,0,36,0],"v":{"t":[0,0]}},{"k":[0,4,0,32,0],"v":{"t":[0,0]}},{"k":[1,0,0,32,0],"v":{"t":[0,0]}},{"k":[0,0,0,33,0],"v":{"t":[0,0]}},{"k":[2,0,0,32,0],"v":{"t":[0,0]}},{"k":[1,0,0,33,0],"v":{"t":[0,0]}},{"k":[0,0,0,34,0],"v":{"t":[0,0]}},{"k":[7,0,0,32,0],"v":{"t":[0,0]}},{"k":[6,0,0,33,0],"v":{"t":[0,0]}},{"k":[5,0,0,34,0],"v":{"t":[0,0]}},{"k":[4,0,0,35,0],"v":{"t":[0,0]}},{"k":[3,0,0,36,0],"v":{"t":[0,0]}},{"k":[2,0,0,37,0],"v":{"t":[0,0]}},{"k":[1,0,0,38,0],"v":{"t":[0,0]}},{"k":[0,0,0,39,0],"v":{"t":[0,0]}},{"k":[0,4,0,35,0],"v":{"t":[0,0]}},{"k":[8,0,0,32,0],"v":{"t":[0,0]}},{"k":[7,0,0,33,0],"v":{"t":[0,0]}},{"k":[6,0,0,34,0],"v":{"t":[0,0]}},{"k":[5,0,0,35,0],"v":{"t":[0,0]}},{"k":[4,0,0,36,0],"v":{"t":[0,0]}},{"k":[3,0,0,37,0],"v":{"t":[0,0]}},{"k":[2,0,0,38,0],"v":{"t":[0,0]}},{"k":[1,0,0,39,0],"v":{"t":[0,0]}},{"k":[0,4,0,36,0],"v":{"t":[0,0]}},{"k":[5,0,0,32,0],"v":{"t":[0,0]}},{"k":[4,0,0,33,0],"v":{"t":[0,0]}},{"k":[3,0,0,34,0],"v":{"t":[0,0]}},{"k":[2,0,0,35,0],"v":{"t":[0,0]}},{"k":[1,0,0,36,0],"v":{"t":[0,0]}},{"k":[0,0,0,37,0],"v":{"t":[0,0]}},{"k":[0,4,0,33,0],"v":{"t":[0,0]}},{"k":[6,0,0,32,0],"v":{"t":[0,0]}},{"k":[5,0,0,33,0],"v":{"t":[0,0]}},{"k":[4,0,0,34,0],"v":{"t":[0,0]}},{"k":[3,0,0,35,0],"v":{"t":[0,0]}},{"k":[2,0,0,36,0],"v":{"t":[0,0]}},{"k":[1,0,0,37,0],"v":{"t":[0,0]}},{"k":[0,0,0,38,0],"v":{"t":[0,0]}},{"k":[0,4,0,34,0],"v":{"t":[0,0]}},{"k":[0,0,0,32,0],"v":{"t":[0,0]}}]},"moun":{"a":[{"k":[12,0,0,39,0],"v":{"hs":4,"l":true,"r":true,"sid":3,"wp":31.25}},{"k":[14,0,0,37,0],"v":{"hs":8,"l":true,"r":true,"sid":5}},{"k":[13,0,0,39,0],"v":{"hs":4,"l":true,"r":true,"sid":3,"wp":31.25}},{"k":[15,0,0,37,0],"v":{"hs":8,"l":true,"r":true,"sid":5}},{"k":[10,0,0,39,0],"v":{"hs":4,"l":true,"r":true,"sid":3,"wp":31.25}},{"k":[12,0,0,37,0],"v":{"hs":8,"l":true,"r":true,"sid":5}},{"k":[11,0,0,39,0],"v":{"hs":4,"l":true,"r":true,"sid":3,"wp":31.25}},{"k":[13,0,0,37,0],"v":{"hs":8,"l":true,"r":true,"sid":5}},{"k":[14,0,0,39,0],"v":{"hs":4,"l":true,"r":true,"sid":3,"wp":31.25}},{"k":[15,0,0,39,0],"v":{"hs":4,"l":true,"r":true,"sid":3,"wp":31.25}},{"k":[4,0,0,39,0],"v":{"hs":4,"l":true,"r":true,"sid":3,"wp":31.25}},{"k":[8,0,0,35,0],"v":{"b":true,"hs":8,"sid":5,"t":true}},{"k":[11,0,0,32,0],"v":{"b":true,"hs":8,"sid":5,"t":true}},{"k":[5,0,0,39,0],"v":{"hs":4,"l":true,"r":true,"sid":3,"wp":31.25}},{"k":[8,0,0,36,0],"v":{"b":true,"hs":8,"sid":5,"t":true}},{"k":[11,0,0,33,0],"v":{"b":true,"hs":8,"sid":5,"t":true}},{"k":[2,0,0,39,0],"v":{"hs":4,"l":true,"r":true,"sid":3,"wp":31.25}},{"k":[8,0,0,33,0],"v":{"b":true,"hs":8,"sid":5,"t":true}},{"k":[3,0,0,39,0],"v":{"hs":4,"l":true,"r":true,"sid":3,"wp":31.25}},{"k":[8,0,0,34,0],"v":{"b":true,"hs":8,"sid":5,"t":true}},{"k":[8,0,0,39,0],"v":{"hs":4,"l":true,"r":true,"sid":3,"wp":31.25}},{"k":[11,0,0,36,0],"v":{"b":true,"hs":8,"sid":5,"t":true}},{"k":[9,0,0,39,0],"v":{"hs":4,"l":true,"r":true,"sid":3,"wp":31.25}},{"k":[11,0,0,37,0],"v":{"hs":8,"r":true,"sid":5,"t":true}},{"k":[6,0,0,39,0],"v":{"hs":4,"l":true,"r":true,"sid":3,"wp":31.25}},{"k":[8,0,0,37,0],"v":{"b":true,"hs":8,"sid":5,"t":true}},{"k":[11,0,0,34,0],"v":{"b":true,"hs":8,"sid":5,"t":true}},{"k":[7,0,0,39,0],"v":{"hs":4,"l":true,"r":true,"sid":3,"wp":31.25}},{"k":[8,0,0,38,0],"v":{"hs":8,"sid":5,"t":true}},{"k":[11,0,0,35,0],"v":{"b":true,"hs":8,"sid":5,"t":true}},{"k":[0,0,0,35,0],"v":{"b":true,"hs":4,"sid":3,"t":true,"wp":31.25}},{"k":[0,0,0,36,0],"v":{"b":true,"hs":4,"sid":3,"t":true,"wp":31.25}},{"k":[0,0,0,33,0],"v":{"b":true,"hs":4,"sid":3,"t":true,"wp":31.25}},{"k":[0,0,0,34,0],"v":{"b":true,"hs":4,"sid":3,"t":true,"wp":31.25}},{"k":[0,0,0,39,0],"v":{"hs":4,"r":true,"sid":3,"t":true,"wp":31.25}},{"k":[1,0,0,39,0],"v":{"hs":4,"l":true,"r":true,"sid":3,"wp":31.25}},{"k":[8,0,0,32,0],"v":{"b":true,"hs":8,"sid":5,"t":true}},{"k":[0,0,0,37,0],"v":{"b":true,"hs":4,"sid":3,"t":true,"wp":31.25}},{"k":[0,0,0,38,0],"v":{"b":true,"hs":4,"sid":3,"t":true,"wp":31.25}},{"k":[0,0,0,32,0],"v":{"b":true,"hs":4,"sid":3,"t":true,"wp":31.25}}],"o":[]},"objs":{"list":[]},"objs3d":{"a":[],"o":[]},"sprites":{"list":[{"k":[13,0,0,38,0],"v":{"f":false,"k":4,"t":[6,8,1,1]}},{"k":[14,0,0,38,0],"v":{"f":false,"k":4,"t":[6,8,1,1]}},{"k":[12,0,0,37,0],"v":{"f":false,"k":4,"t":[6,8,1,1]}},{"k":[13,0,0,36,0],"v":{"k":4,"t":[6,8,1,1]}},{"k":[15,0,0,34,0],"v":{"f":false,"k":4,"t":[6,8,1,1]}},{"k":[13,0,0,37,0],"v":{"f":false,"k":4,"t":[6,8,1,1]}},{"k":[15,0,0,35,0],"v":{"f":false,"k":4,"t":[7,8,1,1]}},{"k":[10,0,0,33,0],"v":{"f":false,"k":4,"t":[6,8,1,1]}},{"k":[11,0,0,32,0],"v":{"f":false,"k":4,"t":[6,8,1,1]}},{"k":[12,0,0,32,0],"v":{"f":false,"k":4,"t":[6,8,1,1]}},{"k":[11,0,0,33,0],"v":{"f":false,"k":4,"t":[6,8,1,1]}},{"k":[6,0,0,36,0],"v":{"k":7,"t":[7,6,1,1]}},{"k":[10,0,0,32,0],"v":{"f":false,"k":4,"t":[6,8,1,1]}},{"k":[11,0,0,36,0],"v":{"f":false,"k":4,"t":[6,8,1,1]}},{"k":[13,0,0,34,0],"v":{"k":4,"t":[6,8,1,1]}},{"k":[15,0,0,32,0],"v":{"f":false,"k":4,"t":[6,8,1,1]}},{"k":[14,0,0,33,0],"v":{"f":false,"k":4,"t":[7,8,1,1]}},{"k":[13,0,0,35,0],"v":{"k":4,"t":[6,8,1,1]}},{"k":[15,0,0,33,0],"v":{"f":false,"k":4,"t":[7,8,1,1]}},{"k":[14,0,0,34,0],"v":{"f":false,"k":4,"t":[7,8,1,1]}},{"k":[11,0,0,34,0],"v":{"k":4,"t":[6,8,1,1]}},{"k":[12,0,0,33,0],"v":{"f":false,"k":4,"t":[6,8,1,1]}},{"k":[11,0,0,35,0],"v":{"f":false,"k":4,"t":[6,8,1,1]}},{"k":[13,0,0,33,0],"v":{"f":false,"k":4,"t":[6,8,1,1]}},{"k":[14,0,0,32,0],"v":{"f":false,"k":4,"t":[7,8,1,1]}},{"k":[2,0,0,33,0],"v":{"k":7,"t":[7,6,1,1]}},{"k":[6,0,0,33,0],"v":{"f":false,"k":4,"t":[5,2,1,1]}},{"k":[5,0,0,34,0],"v":{"f":false,"k":4,"t":[6,12,2,2]}},{"k":[4,0,0,36,0],"v":{"k":7,"t":[7,6,1,1]}},{"k":[7,0,0,33,0],"v":{"f":false,"k":4,"t":[1,5,1,1]}},{"k":[2,0,0,36,0],"v":{"f":false,"k":7,"t":[2,1,2,2]}}],"overflow":[],"walls":[]}}