{"lands":{"autotiles":[],"floors":[{"k":[11,8,0,30,0],"v":{"t":[0,0]}},{"k":[11,8,0,31,0],"v":{"t":[0,0]}},{"k":[12,0,0,31,0],"v":{"t":[0,0]}},{"k":[13,0,0,30,0],"v":{"t":[0,0]}},{"k":[14,0,0,29,0],"v":{"t":[0,0]}},{"k":[15,0,0,28,0],"v":{"t":[0,0]}},{"k":[8,8,0,27,0],"v":{"t":[0,0]}},{"k":[11,8,0,24,0],"v":{"t":[0,0]}},{"k":[13,0,0,31,0],"v":{"t":[0,0]}},{"k":[14,0,0,30,0],"v":{"t":[0,0]}},{"k":[15,0,0,29,0],"v":{"t":[0,0]}},{"k":[8,8,0,28,0],"v":{"t":[0,0]}},{"k":[11,8,0,25,0],"v":{"t":[0,0]}},{"k":[10,0,0,31,0],"v":{"t":[0,0]}},{"k":[11,0,0,30,0],"v":{"t":[0,0]}},{"k":[12,0,0,29,0],"v":{"t":[0,0]}},{"k":[13,0,0,28,0],"v":{"t":[0,0]}},{"k":[14,0,0,27,0],"v":{"t":[0,0]}},{"k":[15,0,0,26,0],"v":{"t":[0,0]}},{"k":[8,8,0,25,0],"v":{"t":[0,0]}},{"k":[11,8,0,22,0],"v":{"t":[0,0]}},{"k":[11,0,0,31,0],"v":{"t":[0,0]}},{"k":[12,0,0,30,0],"v":{"t":[0,0]}},{"k":[13,0,0,29,0],"v":{"t":[0,0]}},{"k":[14,0,0,28,0],"v":{"t":[0,0]}},{"k":[15,0,0,27,0],"v":{"t":[0,0]}},{"k":[8,8,0,26,0],"v":{"t":[0,0]}},{"k":[11,8,0,23,0],"v":{"t":[0,0]}},{"k":[8,8,0,31,0],"v":{"t":[0,0]}},{"k":[11,8,0,28,0],"v":{"t":[0,0]}},{"k":[11,8,0,29,0],"v":{"t":[0,0]}},{"k":[14,0,0,31,0],"v":{"t":[0,0]}},{"k":[15,0,0,30,0],"v":{"t":[0,0]}},{"k":[8,8,0,29,0],"v":{"t":[0,0]}},{"k":[11,8,0,26,0],"v":{"t":[0,0]}},{"k":[15,0,0,31,0],"v":{"t":[0,0]}},{"k":[8,8,0,30,0],"v":{"t":[0,0]}},{"k":[11,8,0,27,0],"v":{"t":[0,0]}},{"k":[14,0,0,21,0],"v":{"t":[0,0]}},{"k":[13,0,0,22,0],"v":{"t":[0,0]}},{"k":[15,0,0,20,0],"v":{"t":[0,0]}},{"k":[12,0,0,23,0],"v":{"t":[0,0]}},{"k":[11,0,0,24,0],"v":{"t":[0,0]}},{"k":[4,0,0,31,0],"v":{"t":[0,0]}},{"k":[5,0,0,30,0],"v":{"t":[0,0]}},{"k":[6,0,0,29,0],"v":{"t":[0,0]}},{"k":[7,0,0,28,0],"v":{"t":[0,0]}},{"k":[8,0,0,27,0],"v":{"t":[0,0]}},{"k":[9,0,0,26,0],"v":{"t":[0,0]}},{"k":[10,0,0,25,0],"v":{"t":[0,0]}},{"k":[0,4,0,31,0],"v":{"t":[0,0]}},{"k":[11,8,0,16,0],"v":{"t":[0,0]}},{"k":[15,0,0,21,0],"v":{"t":[0,0]}},{"k":[14,0,0,22,0],"v":{"t":[0,0]}},{"k":[13,0,0,23,0],"v":{"t":[0,0]}},{"k":[12,0,0,24,0],"v":{"t":[0,0]}},{"k":[5,0,0,31,0],"v":{"t":[0,0]}},{"k":[6,0,0,30,0],"v":{"t":[0,0]}},{"k":[7,0,0,29,0],"v":{"t":[0,0]}},{"k":[8,0,0,28,0],"v":{"t":[0,0]}},{"k":[9,0,0,27,0],"v":{"t":[0,0]}},{"k":[10,0,0,26,0],"v":{"t":[0,0]}},{"k":[11,0,0,25,0],"v":{"t":[0,0]}},{"k":[12,8,0,16,0],"v":{"t":[0,0]}},{"k":[8,8,0,20,0],"v":{"t":[0,0]}},{"k":[12,0,0,21,0],"v":{"t":[0,0]}},{"k":[13,0,0,20,0],"v":{"t":[0,0]}},{"k":[14,0,0,19,0],"v":{"t":[0,0]}},{"k":[11,0,0,22,0],"v":{"t":[0,0]}},{"k":[15,0,0,18,0],"v":{"t":[0,0]}},{"k":[10,0,0,23,0],"v":{"t":[0,0]}},{"k":[9,0,0,24,0],"v":{"t":[0,0]}},{"k":[2,0,0,31,0],"v":{"t":[0,0]}},{"k":[3,0,0,30,0],"v":{"t":[0,0]}},{"k":[4,0,0,29,0],"v":{"t":[0,0]}},{"k":[5,0,0,28,0],"v":{"t":[0,0]}},{"k":[6,0,0,27,0],"v":{"t":[0,0]}},{"k":[7,0,0,26,0],"v":{"t":[0,0]}},{"k":[8,0,0,25,0],"v":{"t":[0,0]}},{"k":[0,4,0,29,0],"v":{"t":[0,0]}},{"k":[9,8,0,16,0],"v":{"t":[0,0]}},{"k":[13,0,0,21,0],"v":{"t":[0,0]}},{"k":[14,0,0,20,0],"v":{"t":[0,0]}},{"k":[12,0,0,22,0],"v":{"t":[0,0]}},{"k":[15,0,0,19,0],"v":{"t":[0,0]}},{"k":[11,0,0,23,0],"v":{"t":[0,0]}},{"k":[10,0,0,24,0],"v":{"t":[0,0]}},{"k":[3,0,0,31,0],"v":{"t":[0,0]}},{"k":[4,0,0,30,0],"v":{"t":[0,0]}},{"k":[5,0,0,29,0],"v":{"t":[0,0]}},{"k":[6,0,0,28,0],"v":{"t":[0,0]}},{"k":[7,0,0,27,0],"v":{"t":[0,0]}},{"k":[8,0,0,26,0],"v":{"t":[0,0]}},{"k":[9,0,0,25,0],"v":{"t":[0,0]}},{"k":[0,4,0,30,0],"v":{"t":[0,0]}},{"k":[10,8,0,16,0],"v":{"t":[0,0]}},{"k":[15,0,0,24,0],"v":{"t":[0,0]}},{"k":[8,0,0,31,0],"v":{"t":[0,0]}},{"k":[9,0,0,30,0],"v":{"t":[0,0]}},{"k":[10,0,0,29,0],"v":{"t":[0,0]}},{"k":[11,0,0,28,0],"v":{"t":[0,0]}},{"k":[12,0,0,27,0],"v":{"t":[0,0]}},{"k":[13,0,0,26,0],"v":{"t":[0,0]}},{"k":[14,0,0,25,0],"v":{"t":[0,0]}},{"k":[8,8,0,23,0],"v":{"t":[0,0]}},{"k":[15,8,0,16,0],"v":{"t":[0,0]}},{"k":[11,8,0,20,0],"v":{"t":[0,0]}},{"k":[9,0,0,31,0],"v":{"t":[0,0]}},{"k":[10,0,0,30,0],"v":{"t":[0,0]}},{"k":[11,0,0,29,0],"v":{"t":[0,0]}},{"k":[12,0,0,28,0],"v":{"t":[0,0]}},{"k":[13,0,0,27,0],"v":{"t":[0,0]}},{"k":[14,0,0,26,0],"v":{"t":[0,0]}},{"k":[15,0,0,25,0],"v":{"t":[0,0]}},{"k":[8,8,0,24,0],"v":{"t":[0,0]}},{"k":[11,8,0,21,0],"v":{"t":[0,0]}},{"k":[15,0,0,22,0],"v":{"t":[0,0]}},{"k":[14,0,0,23,0],"v":{"t":[0,0]}},{"k":[13,0,0,24,0],"v":{"t":[0,0]}},{"k":[6,0,0,31,0],"v":{"t":[0,0]}},{"k":[7,0,0,30,0],"v":{"t":[0,0]}},{"k":[8,0,0,29,0],"v":{"t":[0,0]}},{"k":[9,0,0,28,0],"v":{"t":[0,0]}},{"k":[10,0,0,27,0],"v":{"t":[0,0]}},{"k":[11,0,0,26,0],"v":{"t":[0,0]}},{"k":[12,0,0,25,0],"v":{"t":[0,0]}},{"k":[13,8,0,16,0],"v":{"t":[0,0]}},{"k":[8,8,0,21,0],"v":{"t":[0,0]}},{"k":[9,8,0,20,0],"v":{"t":[0,0]}},{"k":[15,0,0,23,0],"v":{"t":[0,0]}},{"k":[14,0,0,24,0],"v":{"t":[0,0]}},{"k":[7,0,0,31,0],"v":{"t":[0,0]}},{"k":[8,0,0,30,0],"v":{"t":[0,0]}},{"k":[9,0,0,29,0],"v":{"t":[0,0]}},{"k":[10,0,0,28,0],"v":{"t":[0,0]}},{"k":[11,0,0,27,0],"v":{"t":[0,0]}},{"k":[12,0,0,26,0],"v":{"t":[0,0]}},{"k":[13,0,0,25,0],"v":{"t":[0,0]}},{"k":[8,8,0,22,0],"v":{"t":[0,0]}},{"k":[14,8,0,16,0],"v":{"t":[0,0]}},{"k":[10,8,0,20,0],"v":{"t":[0,0]}},{"k":[6,0,0,21,0],"v":{"t":[0,0]}},{"k":[7,0,0,20,0],"v":{"t":[0,0]}},{"k":[8,0,0,19,0],"v":{"t":[0,0]}},{"k":[9,0,0,18,0],"v":{"t":[0,0]}},{"k":[10,0,0,17,0],"v":{"t":[0,0]}},{"k":[11,0,0,16,0],"v":{"t":[0,0]}},{"k":[5,0,0,22,0],"v":{"t":[0,0]}},{"k":[4,0,0,23,0],"v":{"t":[0,0]}},{"k":[3,0,0,24,0],"v":{"t":[0,0]}},{"k":[0,0,0,27,0],"v":{"t":[0,0]}},{"k":[1,0,0,26,0],"v":{"t":[0,0]}},{"k":[2,0,0,25,0],"v":{"t":[0,0]}},{"k":[0,4,0,23,0],"v":{"t":[0,0]}},{"k":[4,1,0,22,0],"v":{"t":[0,0]}},{"k":[7,0,0,21,0],"v":{"t":[0,0]}},{"k":[8,0,0,20,0],"v":{"t":[0,0]}},{"k":[9,0,0,19,0],"v":{"t":[0,0]}},{"k":[10,0,0,18,0],"v":{"t":[0,0]}},{"k":[11,0,0,17,0],"v":{"t":[0,0]}},{"k":[12,0,0,16,0],"v":{"t":[0,0]}},{"k":[6,0,0,22,0],"v":{"t":[0,0]}},{"k":[5,0,0,23,0],"v":{"t":[0,0]}},{"k":[4,0,0,24,0],"v":{"t":[0,0]}},{"k":[0,0,0,28,0],"v":{"t":[0,0]}},{"k":[1,0,0,27,0],"v":{"t":[0,0]}},{"k":[2,0,0,26,0],"v":{"t":[0,0]}},{"k":[3,0,0,25,0],"v":{"t":[0,0]}},{"k":[0,4,0,24,0],"v":{"t":[0,0]}},{"k":[5,1,0,22,0],"v":{"t":[0,0]}},{"k":[4,0,0,21,0],"v":{"t":[0,0]}},{"k":[5,0,0,20,0],"v":{"t":[0,0]}},{"k":[6,0,0,19,0],"v":{"t":[0,0]}},{"k":[7,0,0,18,0],"v":{"t":[0,0]}},{"k":[8,0,0,17,0],"v":{"t":[0,0]}},{"k":[9,0,0,16,0],"v":{"t":[0,0]}},{"k":[3,0,0,22,0],"v":{"t":[0,0]}},{"k":[2,0,0,23,0],"v":{"t":[0,0]}},{"k":[1,0,0,24,0],"v":{"t":[0,0]}},{"k":[0,0,0,25,0],"v":{"t":[0,0]}},{"k":[0,4,0,21,0],"v":{"t":[0,0]}},{"k":[2,1,0,22,0],"v":{"t":[0,0]}},{"k":[5,0,0,21,0],"v":{"t":[0,0]}},{"k":[6,0,0,20,0],"v":{"t":[0,0]}},{"k":[7,0,0,19,0],"v":{"t":[0,0]}},{"k":[8,0,0,18,0],"v":{"t":[0,0]}},{"k":[9,0,0,17,0],"v":{"t":[0,0]}},{"k":[10,0,0,16,0],"v":{"t":[0,0]}},{"k":[4,0,0,22,0],"v":{"t":[0,0]}},{"k":[3,0,0,23,0],"v":{"t":[0,0]}},{"k":[2,0,0,24,0],"v":{"t":[0,0]}},{"k":[0,0,0,26,0],"v":{"t":[0,0]}},{"k":[1,0,0,25,0],"v":{"t":[0,0]}},{"k":[0,4,0,22,0],"v":{"t":[0,0]}},{"k":[3,1,0,22,0],"v":{"t":[0,0]}},{"k":[10,0,0,21,0],"v":{"t":[0,0]}},{"k":[11,0,0,20,0],"v":{"t":[0,0]}},{"k":[12,0,0,19,0],"v":{"t":[0,0]}},{"k":[13,0,0,18,0],"v":{"t":[0,0]}},{"k":[14,0,0,17,0],"v":{"t":[0,0]}},{"k":[9,0,0,22,0],"v":{"t":[0,0]}},{"k":[15,0,0,16,0],"v":{"t":[0,0]}},{"k":[8,0,0,23,0],"v":{"t":[0,0]}},{"k":[7,0,0,24,0],"v":{"t":[0,0]}},{"k":[0,0,0,31,0],"v":{"t":[0,0]}},{"k":[1,0,0,30,0],"v":{"t":[0,0]}},{"k":[2,0,0,29,0],"v":{"t":[0,0]}},{"k":[3,0,0,28,0],"v":{"t":[0,0]}},{"k":[4,0,0,27,0],"v":{"t":[0,0]}},{"k":[5,0,0,26,0],"v":{"t":[0,0]}},{"k":[6,0,0,25,0],"v":{"t":[0,0]}},{"k":[0,4,0,27,0],"v":{"t":[0,0]}},{"k":[11,0,0,21,0],"v":{"t":[0,0]}},{"k":[12,0,0,20,0],"v":{"t":[0,0]}},{"k":[13,0,0,19,0],"v":{"t":[0,0]}},{"k":[14,0,0,18,0],"v":{"t":[0,0]}},{"k":[10,0,0,22,0],"v":{"t":[0,0]}},{"k":[15,0,0,17,0],"v":{"t":[0,0]}},{"k":[9,0,0,23,0],"v":{"t":[0,0]}},{"k":[8,0,0,24,0],"v":{"t":[0,0]}},{"k":[1,0,0,31,0],"v":{"t":[0,0]}},{"k":[2,0,0,30,0],"v":{"t":[0,0]}},{"k":[3,0,0,29,0],"v":{"t":[0,0]}},{"k":[4,0,0,28,0],"v":{"t":[0,0]}},{"k":[5,0,0,27,0],"v":{"t":[0,0]}},{"k":[6,0,0,26,0],"v":{"t":[0,0]}},{"k":[7,0,0,25,0],"v":{"t":[0,0]}},{"k":[0,4,0,28,0],"v":{"t":[0,0]}},{"k":[8,8,0,16,0],"v":{"t":[0,0]}},{"k":[8,0,0,21,0],"v":{"t":[0,0]}},{"k":[9,0,0,20,0],"v":{"t":[0,0]}},{"k":[10,0,0,19,0],"v":{"t":[0,0]}},{"k":[11,0,0,18,0],"v":{"t":[0,0]}},{"k":[12,0,0,17,0],"v":{"t":[0,0]}},{"k":[13,0,0,16,0],"v":{"t":[0,0]}},{"k":[7,0,0,22,0],"v":{"t":[0,0]}},{"k":[6,0,0,23,0],"v":{"t":[0,0]}},{"k":[5,0,0,24,0],"v":{"t":[0,0]}},{"k":[0,0,0,29,0],"v":{"t":[0,0]}},{"k":[1,0,0,28,0],"v":{"t":[0,0]}},{"k":[2,0,0,27,0],"v":{"t":[0,0]}},{"k":[3,0,0,26,0],"v":{"t":[0,0]}},{"k":[4,0,0,25,0],"v":{"t":[0,0]}},{"k":[0,4,0,25,0],"v":{"t":[0,0]}},{"k":[6,1,0,22,0],"v":{"t":[0,0]}},{"k":[9,0,0,21,0],"v":{"t":[0,0]}},{"k":[10,0,0,20,0],"v":{"t":[0,0]}},{"k":[11,0,0,19,0],"v":{"t":[0,0]}},{"k":[12,0,0,18,0],"v":{"t":[0,0]}},{"k":[13,0,0,17,0],"v":{"t":[0,0]}},{"k":[14,0,0,16,0],"v":{"t":[0,0]}},{"k":[8,0,0,22,0],"v":{"t":[0,0]}},{"k":[7,0,0,23,0],"v":{"t":[0,0]}},{"k":[6,0,0,24,0],"v":{"t":[0,0]}},{"k":[0,0,0,30,0],"v":{"t":[0,0]}},{"k":[1,0,0,29,0],"v":{"t":[0,0]}},{"k":[2,0,0,28,0],"v":{"t":[0,0]}},{"k":[3,0,0,27,0],"v":{"t":[0,0]}},{"k":[4,0,0,26,0],"v":{"t":[0,0]}},{"k":[5,0,0,25,0],"v":{"t":[0,0]}},{"k":[0,4,0,26,0],"v":{"t":[0,0]}},{"k":[7,1,0,22,0],"v":{"t":[0,0]}},{"k":[0,0,0,19,0],"v":{"t":[0,0]}},{"k":[1,0,0,18,0],"v":{"t":[0,0]}},{"k":[2,0,0,17,0],"v":{"t":[0,0]}},{"k":[3,0,0,16,0],"v":{"t":[0,0]}},{"k":[0,0,0,20,0],"v":{"t":[0,0]}},{"k":[1,0,0,19,0],"v":{"t":[0,0]}},{"k":[2,0,0,18,0],"v":{"t":[0,0]}},{"k":[3,0,0,17,0],"v":{"t":[0,0]}},{"k":[4,0,0,16,0],"v":{"t":[0,0]}},{"k":[0,4,0,16,0],"v":{"t":[0,0]}},{"k":[0,0,0,17,0],"v":{"t":[0,0]}},{"k":[1,0,0,16,0],"v":{"t":[0,0]}},{"k":[0,0,0,18,0],"v":{"t":[0,0]}},{"k":[1,0,0,17,0],"v":{"t":[0,0]}},{"k":[2,0,0,16,0],"v":{"t":[0,0]}},{"k":[2,0,0,21,0],"v":{"t":[0,0]}},{"k":[3,0,0,20,0],"v":{"t":[0,0]}},{"k":[4,0,0,19,0],"v":{"t":[0,0]}},{"k":[5,0,0,18,0],"v":{"t":[0,0]}},{"k":[6,0,0,17,0],"v":{"t":[0,0]}},{"k":[7,0,0,16,0],"v":{"t":[0,0]}},{"k":[1,0,0,22,0],"v":{"t":[0,0]}},{"k":[0,0,0,23,0],"v":{"t":[0,0]}},{"k":[3,0,0,21,0],"v":{"t":[0,0]}},{"k":[4,0,0,20,0],"v":{"t":[0,0]}},{"k":[5,0,0,19,0],"v":{"t":[0,0]}},{"k":[6,0,0,18,0],"v":{"t":[0,0]}},{"k":[7,0,0,17,0],"v":{"t":[0,0]}},{"k":[8,0,0,16,0],"v":{"t":[0,0]}},{"k":[2,0,0,22,0],"v":{"t":[0,0]}},{"k":[1,0,0,23,0],"v":{"t":[0,0]}},{"k":[0,0,0,24,0],"v":{"t":[0,0]}},{"k":[0,4,0,20,0],"v":{"t":[0,0]}},{"k":[1,1,0,22,0],"v":{"t":[0,0]}},{"k":[0,0,0,21,0],"v":{"t":[0,0]}},{"k":[1,0,0,20,0],"v":{"t":[0,0]}},{"k":[2,0,0,19,0],"v":{"t":[0,0]}},{"k":[3,0,0,18,0],"v":{"t":[0,0]}},{"k":[4,0,0,17,0],"v":{"t":[0,0]}},{"k":[5,0,0,16,0],"v":{"t":[0,0]}},{"k":[1,0,0,21,0],"v":{"t":[0,0]}},{"k":[2,0,0,20,0],"v":{"t":[0,0]}},{"k":[3,0,0,19,0],"v":{"t":[0,0]}},{"k":[4,0,0,18,0],"v":{"t":[0,0]}},{"k":[5,0,0,17,0],"v":{"t":[0,0]}},{"k":[6,0,0,16,0],"v":{"t":[0,0]}},{"k":[0,0,0,22,0],"v":{"t":[0,0]}},{"k":[0,0,0,16,0],"v":{"t":[0,0]}}]},"moun":{"a":[{"k":[0,0,0,23,0],"v":{"b":true,"hs":4,"sid":3,"t":true,"wp":31.25}},{"k":[1,0,0,22,0],"v":{"r":true,"sid":3}},{"k":[0,0,0,24,0],"v":{"b":true,"hs":4,"sid":3,"t":true,"wp":31.25}},{"k":[8,0,0,16,0],"v":{"hs":8,"r":true,"sid":5,"t":true}},{"k":[2,0,0,22,0],"v":{"l":true,"r":true,"sid":3}},{"k":[0,0,0,21,0],"v":{"b":true,"hs":4,"sid":3,"t":true,"wp":31.25}},{"k":[0,0,0,22,0],"v":{"b":true,"hs":4,"sid":3,"t":true,"wp":31.25}},{"k":[0,0,0,16,0],"v":{"hs":4,"sid":3,"t":true,"wp":31.25}},{"k":[11,0,0,30,0],"v":{"b":true,"hs":8,"sid":5,"t":true}},{"k":[11,0,0,31,0],"v":{"b":true,"hs":8,"sid":5,"t":true}},{"k":[8,0,0,27,0],"v":{"b":true,"hs":8,"sid":5,"t":true}},{"k":[11,0,0,24,0],"v":{"b":true,"hs":8,"sid":5,"t":true}},{"k":[8,0,0,28,0],"v":{"b":true,"hs":8,"sid":5,"t":true}},{"k":[11,0,0,25,0],"v":{"b":true,"hs":8,"sid":5,"t":true}},{"k":[8,0,0,25,0],"v":{"b":true,"hs":8,"sid":5,"t":true}},{"k":[11,0,0,22,0],"v":{"b":true,"hs":8,"sid":5,"t":true}},{"k":[8,0,0,26,0],"v":{"b":true,"hs":8,"sid":5,"t":true}},{"k":[11,0,0,23,0],"v":{"b":true,"hs":8,"sid":5,"t":true}},{"k":[8,0,0,31,0],"v":{"b":true,"hs":8,"sid":5,"t":true}},{"k":[11,0,0,28,0],"v":{"b":true,"hs":8,"sid":5,"t":true}},{"k":[11,0,0,29,0],"v":{"b":true,"hs":8,"sid":5,"t":true}},{"k":[8,0,0,29,0],"v":{"b":true,"hs":8,"sid":5,"t":true}},{"k":[11,0,0,26,0],"v":{"b":true,"hs":8,"sid":5,"t":true}},{"k":[8,0,0,30,0],"v":{"b":true,"hs":8,"sid":5,"t":true}},{"k":[11,0,0,27,0],"v":{"b":true,"hs":8,"sid":5,"t":true}},{"k":[0,0,0,27,0],"v":{"b":true,"hs":4,"sid":3,"t":true,"wp":31.25}},{"k":[11,0,0,16,0],"v":{"hs":8,"l":true,"r":true,"sid":5}},{"k":[5,0,0,22,0],"v":{"l":true,"r":true,"sid":3}},{"k":[0,0,0,28,0],"v":{"b":true,"hs":4,"sid":3,"t":true,"wp":31.25}},{"k":[12,0,0,16,0],"v":{"hs":8,"l":true,"r":true,"sid":5}},{"k":[8,0,0,20,0],"v":{"b":true,"hs":8,"r":true,"sid":5}},{"k":[6,0,0,22,0],"v":{"l":true,"r":true,"sid":3}},{"k":[0,0,0,25,0],"v":{"b":true,"hs":4,"sid":3,"t":true,"wp":31.25}},{"k":[9,0,0,16,0],"v":{"hs":8,"l":true,"r":true,"sid":5}},{"k":[3,0,0,22,0],"v":{"l":true,"r":true,"sid":3}},{"k":[0,0,0,26,0],"v":{"b":true,"hs":4,"sid":3,"t":true,"wp":31.25}},{"k":[10,0,0,16,0],"v":{"hs":8,"l":true,"r":true,"sid":5}},{"k":[4,0,0,22,0],"v":{"l":true,"r":true,"sid":3}},{"k":[0,0,0,31,0],"v":{"b":true,"hs":4,"sid":3,"t":true,"wp":31.25}},{"k":[8,0,0,23,0],"v":{"b":true,"hs":8,"sid":5,"t":true}},{"k":[15,0,0,16,0],"v":{"hs":8,"l":true,"r":true,"sid":5}},{"k":[11,0,0,20,0],"v":{"b":true,"hs":8,"l":true,"sid":5}},{"k":[8,0,0,24,0],"v":{"b":true,"hs":8,"sid":5,"t":true}},{"k":[11,0,0,21,0],"v":{"b":true,"hs":8,"sid":5,"t":true}},{"k":[0,0,0,29,0],"v":{"b":true,"hs":4,"sid":3,"t":true,"wp":31.25}},{"k":[13,0,0,16,0],"v":{"hs":8,"l":true,"r":true,"sid":5}},{"k":[8,0,0,21,0],"v":{"b":true,"hs":8,"sid":5,"t":true}},{"k":[9,0,0,20,0],"v":{"hs":8,"l":true,"r":true,"sid":5}},{"k":[7,0,0,22,0],"v":{"l":true,"sid":3}},{"k":[0,0,0,30,0],"v":{"b":true,"hs":4,"sid":3,"t":true,"wp":31.25}},{"k":[8,0,0,22,0],"v":{"b":true,"hs":8,"sid":5,"t":true}},{"k":[14,0,0,16,0],"v":{"hs":8,"l":true,"r":true,"sid":5}},{"k":[10,0,0,20,0],"v":{"hs":8,"l":true,"r":true,"sid":5}},{"k":[0,0,0,20,0],"v":{"b":true,"hs":4,"sid":3,"wp":31.25}}],"o":[[0,0,0,15,0],[0,0,0,32,0]]},"objs":{"list":[{"k":[0,0,0,19,0],"v":{"events":[{"id":2,"name":"Hero touch","p":[],"r":{"1":{"bh":true,"c":[{"command":[7,0,0,3,25,0,0,48,0,0,0],"kind":20}]}},"sys":false}],"hId":-1,"id":1,"name":"OBJ0001","ooepf":false,"states":[{"cam":true,"climb":false,"dir":false,"gid":-1,"gk":0,"id":1,"move":true,"name":"State 1","pix":true,"pos":false,"stop":false,"sx":{"k":12,"v":1},"sy":{"k":12,"v":1},"sz":{"k":12,"v":1},"through":false,"x":0,"y":0}]}},{"k":[0,0,0,17,0],"v":{"events":[{"id":2,"name":"Hero touch","p":[],"r":{"1":{"bh":true,"c":[{"command":[7,0,0,3,25,0,0,48,0,0,0],"kind":20}]}},"sys":false}],"hId":-1,"id":3,"name":"OBJ0001","ooepf":false,"states":[{"cam":true,"climb":false,"dir":false,"gid":-1,"gk":0,"id":1,"move":true,"name":"State 1","pix":true,"pos":false,"stop":false,"sx":{"k":12,"v":1},"sy":{"k":12,"v":1},"sz":{"k":12,"v":1},"through":false,"x":0,"y":0}]}},{"k":[0,0,0,18,0],"v":{"events":[{"id":2,"name":"Hero touch","p":[],"r":{"1":{"bh":true,"c":[{"command":[7,0,0,3,25,0,0,48,0,0,0],"kind":20}]}},"sys":false}],"hId":-1,"id":2,"name":"OBJ0001","ooepf":false,"states":[{"cam":true,"climb":false,"dir":false,"gid":-1,"gk":0,"id":1,"move":true,"name":"State 1","pix":true,"pos":false,"stop":false,"sx":{"k":12,"v":1},"sy":{"k":12,"v":1},"sz":{"k":12,"v":1},"through":false,"x":0,"y":0}]}}]},"objs3d":{"a":[],"o":[]},"sprites":{"list":[{"k":[12,0,0,31,0],"v":{"f":false,"k":4,"t":[6,8,1,1]}},{"k":[13,0,0,30,0],"v":{"f":false,"k":4,"t":[7,8,1,1]}},{"k":[14,0,0,30,0],"v":{"k":4,"t":[6,8,1,1]}},{"k":[13,0,0,31,0],"v":{"f":false,"k":4,"t":[6,8,1,1]}},{"k":[12,0,0,29,0],"v":{"f":false,"k":4,"t":[6,8,1,1]}},{"k":[10,0,0,31,0],"v":{"f":false,"k":4,"t":[6,8,1,1]}},{"k":[11,0,0,30,0],"v":{"f":false,"k":4,"t":[6,8,1,1]}},{"k":[14,0,0,27,0],"v":{"f":false,"k":4,"t":[6,8,1,1]}},{"k":[15,0,0,26,0],"v":{"f":false,"k":4,"t":[7,8,1,1]}},{"k":[12,0,0,30,0],"v":{"f":false,"k":4,"t":[6,8,1,1]}},{"k":[11,0,0,31,0],"v":{"f":false,"k":4,"t":[6,8,1,1]}},{"k":[13,0,0,29,0],"v":{"f":false,"k":4,"t":[7,8,1,1]}},{"k":[15,0,0,30,0],"v":{"k":4,"t":[6,8,1,1]}},{"k":[14,0,0,31,0],"v":{"f":false,"k":4,"t":[7,8,1,1]}},{"k":[15,0,0,20,0],"v":{"f":false,"k":4,"t":[6,8,1,1]}},{"k":[14,0,0,21,0],"v":{"f":false,"k":4,"t":[7,8,1,1]}},{"k":[4,0,0,31,0],"v":{"f":false,"k":4,"t":[5,2,1,1]}},{"k":[14,0,0,22,0],"v":{"f":false,"k":4,"t":[7,8,1,1]}},{"k":[13,0,0,23,0],"v":{"f":false,"k":4,"t":[7,8,1,1]}},{"k":[2,0,0,31,0],"v":{"k":7,"t":[7,6,1,1]}},{"k":[15,0,0,18,0],"v":{"f":false,"k":4,"t":[6,8,1,1]}},{"k":[13,0,0,20,0],"v":{"k":4,"t":[6,8,1,1]}},{"k":[14,0,0,19,0],"v":{"f":false,"k":4,"t":[6,8,1,1]}},{"k":[6,0,0,28,0],"v":{"f":false,"k":4,"t":[5,2,1,1]}},{"k":[5,0,0,29,0],"v":{"f":false,"k":4,"t":[1,5,1,1]}},{"k":[10,0,0,29,0],"v":{"f":false,"k":4,"t":[6,8,1,1]}},{"k":[9,0,0,30,0],"v":{"f":false,"k":4,"t":[6,8,1,1]}},{"k":[11,0,0,28,0],"v":{"f":false,"k":4,"t":[6,8,1,1]}},{"k":[14,0,0,25,0],"v":{"k":4,"t":[7,8,1,1]}},{"k":[12,0,0,27,0],"v":{"k":4,"t":[7,8,1,1]}},{"k":[10,0,0,30,0],"v":{"k":4,"t":[6,8,1,1]}},{"k":[11,0,0,29,0],"v":{"f":false,"k":4,"t":[6,8,1,1]}},{"k":[13,0,0,27,0],"v":{"f":false,"k":4,"t":[6,8,1,1]}},{"k":[14,0,0,26,0],"v":{"f":false,"k":4,"t":[7,8,1,1]}},{"k":[15,0,0,25,0],"v":{"k":4,"t":[7,8,1,1]}},{"k":[12,0,0,28,0],"v":{"f":false,"k":4,"t":[7,8,1,1]}},{"k":[6,0,0,31,0],"v":{"k":7,"t":[7,6,1,1]}},{"k":[11,0,0,26,0],"v":{"f":false,"k":4,"t":[6,8,1,1]}},{"k":[14,0,0,23,0],"v":{"f":false,"k":4,"t":[6,8,1,1]}},{"k":[15,0,0,22,0],"v":{"f":false,"k":4,"t":[7,8,1,1]}},{"k":[13,0,0,24,0],"v":{"k":4,"t":[7,8,1,1]}},{"k":[12,0,0,25,0],"v":{"k":4,"t":[7,8,1,1]}},{"k":[7,0,0,30,0],"v":{"f":false,"k":4,"t":[0,5,1,1]}},{"k":[10,0,0,28,0],"v":{"f":false,"k":4,"t":[6,8,1,1]}},{"k":[9,0,0,29,0],"v":{"f":false,"k":4,"t":[6,8,1,1]}},{"k":[11,0,0,27,0],"v":{"f":false,"k":4,"t":[6,8,1,1]}},{"k":[14,0,0,24,0],"v":{"f":false,"k":4,"t":[6,8,1,1]}},{"k":[13,0,0,25,0],"v":{"f":false,"k":4,"t":[7,8,1,1]}},{"k":[12,0,0,26,0],"v":{"k":4,"t":[7,8,1,1]}},{"k":[7,0,0,31,0],"v":{"f":false,"k":4,"t":[0,5,1,1]}},{"k":[3,0,0,24,0],"v":{"k":7,"t":[7,6,1,1]}},{"k":[9,0,0,18,0],"v":{"f":false,"k":4,"t":[7,8,1,1]}},{"k":[4,1,0,22,0],"v":{"k":5,"t":[1,15,1,1]}},{"k":[10,0,0,18,0],"v":{"f":false,"k":4,"t":[7,8,1,1]}},{"k":[12,0,0,16,0],"v":{"f":false,"k":4,"t":[6,8,1,1]}},{"k":[4,0,0,24,0],"v":{"f":false,"k":4,"t":[1,5,1,1]}},{"k":[5,1,0,22,0],"v":{"k":5,"t":[1,15,1,1]}},{"k":[7,0,0,18,0],"v":{"f":false,"k":4,"t":[7,8,1,1]}},{"k":[2,1,0,22,0],"v":{"k":5,"t":[1,15,1,1]}},{"k":[8,0,0,18,0],"v":{"f":false,"k":4,"t":[7,8,1,1]}},{"k":[3,1,0,22,0],"v":{"k":5,"t":[1,15,1,1]}},{"k":[14,0,0,17,0],"v":{"f":false,"k":4,"t":[6,8,1,1]}},{"k":[6,0,0,26,0],"v":{"f":false,"k":7,"t":[2,1,2,2]}},{"k":[5,0,0,27,0],"v":{"k":7,"t":[7,6,1,1]}},{"k":[3,0,0,29,0],"v":{"f":false,"k":7,"t":[2,1,2,2]}},{"k":[15,0,0,17,0],"v":{"f":false,"k":4,"t":[6,8,1,1]}},{"k":[13,0,0,19,0],"v":{"k":4,"t":[6,8,1,1]}},{"k":[14,0,0,18,0],"v":{"f":false,"k":4,"t":[6,8,1,1]}},{"k":[13,0,0,16,0],"v":{"f":false,"k":4,"t":[6,8,1,1]}},{"k":[3,0,0,26,0],"v":{"f":false,"k":4,"t":[5,2,1,1]}},{"k":[4,0,0,25,0],"v":{"f":false,"k":4,"t":[0,5,1,1]}},{"k":[6,1,0,22,0],"v":{"k":5,"t":[1,15,1,1]}},{"k":[6,0,0,24,0],"v":{"k":4,"t":[4,8,1,1]}},{"k":[14,0,0,16,0],"v":{"f":false,"k":4,"t":[6,8,1,1]}},{"k":[13,0,0,17,0],"v":{"f":false,"k":4,"t":[6,8,1,1]}},{"k":[2,0,0,28,0],"v":{"f":false,"k":4,"t":[0,5,1,1]}},{"k":[7,1,0,22,0],"v":{"k":5,"t":[1,15,1,1]}},{"k":[2,0,0,17,0],"v":{"k":4,"t":[7,8,1,1]}},{"k":[3,0,0,17,0],"v":{"k":4,"t":[7,8,1,1]}},{"k":[2,0,0,16,0],"v":{"k":4,"t":[7,8,1,1]}},{"k":[5,0,0,18,0],"v":{"k":4,"t":[7,8,1,1]}},{"k":[5,0,0,19,0],"v":{"f":false,"k":4,"t":[7,8,1,1]}},{"k":[6,0,0,18,0],"v":{"f":false,"k":4,"t":[7,8,1,1]}},{"k":[1,1,0,22,0],"v":{"k":5,"t":[1,15,1,1]}},{"k":[3,0,0,18,0],"v":{"k":4,"t":[7,8,1,1]}},{"k":[4,0,0,18,0],"v":{"k":4,"t":[7,8,1,1]}}],"overflow":[],"walls":[{"k":[0,0,0,19,0,0,50,90],"v":{"k":0,"w":1}},{"k":[0,0,0,17,0,0,50,90],"v":{"k":2,"w":1}},{"k":[0,0,0,18,0,0,50,90],"v":{"k":1,"w":1}}]}}