{"lands":{"autotiles":[],"floors":[{"k":[29,8,0,14,0],"v":{"t":[0,0]}},{"k":[29,8,0,15,0],"v":{"t":[0,0]}},{"k":[29,8,0,12,0],"v":{"t":[0,0]}},{"k":[29,8,0,13,0],"v":{"t":[0,0]}},{"k":[28,0,0,15,0],"v":{"t":[0,0]}},{"k":[29,0,0,14,0],"v":{"t":[0,0]}},{"k":[30,0,0,13,0],"v":{"t":[0,0]}},{"k":[31,0,0,12,0],"v":{"t":[0,0]}},{"k":[20,8,0,15,0],"v":{"t":[0,0]}},{"k":[29,8,0,6,0],"v":{"t":[0,0]}},{"k":[28,8,0,7,0],"v":{"t":[0,0]}},{"k":[27,8,0,8,0],"v":{"t":[0,0]}},{"k":[26,8,0,9,0],"v":{"t":[0,0]}},{"k":[29,0,0,15,0],"v":{"t":[0,0]}},{"k":[30,0,0,14,0],"v":{"t":[0,0]}},{"k":[31,0,0,13,0],"v":{"t":[0,0]}},{"k":[30,8,0,6,0],"v":{"t":[0,0]}},{"k":[29,8,0,7,0],"v":{"t":[0,0]}},{"k":[28,8,0,8,0],"v":{"t":[0,0]}},{"k":[27,8,0,9,0],"v":{"t":[0,0]}},{"k":[26,8,0,10,0],"v":{"t":[0,0]}},{"k":[26,0,0,15,0],"v":{"t":[0,0]}},{"k":[27,0,0,14,0],"v":{"t":[0,0]}},{"k":[28,0,0,13,0],"v":{"t":[0,0]}},{"k":[29,0,0,12,0],"v":{"t":[0,0]}},{"k":[30,0,0,11,0],"v":{"t":[0,0]}},{"k":[31,0,0,10,0],"v":{"t":[0,0]}},{"k":[31,8,0,2,0],"v":{"t":[0,0]}},{"k":[27,8,0,6,0],"v":{"t":[0,0]}},{"k":[26,8,0,7,0],"v":{"t":[0,0]}},{"k":[27,0,0,15,0],"v":{"t":[0,0]}},{"k":[28,0,0,14,0],"v":{"t":[0,0]}},{"k":[29,0,0,13,0],"v":{"t":[0,0]}},{"k":[30,0,0,12,0],"v":{"t":[0,0]}},{"k":[31,0,0,11,0],"v":{"t":[0,0]}},{"k":[20,8,0,14,0],"v":{"t":[0,0]}},{"k":[28,8,0,6,0],"v":{"t":[0,0]}},{"k":[27,8,0,7,0],"v":{"t":[0,0]}},{"k":[26,8,0,8,0],"v":{"t":[0,0]}},{"k":[29,8,0,10,0],"v":{"t":[0,0]}},{"k":[28,8,0,11,0],"v":{"t":[0,0]}},{"k":[29,8,0,11,0],"v":{"t":[0,0]}},{"k":[30,0,0,15,0],"v":{"t":[0,0]}},{"k":[31,0,0,14,0],"v":{"t":[0,0]}},{"k":[29,8,0,8,0],"v":{"t":[0,0]}},{"k":[30,8,0,7,0],"v":{"t":[0,0]}},{"k":[31,8,0,6,0],"v":{"t":[0,0]}},{"k":[28,8,0,9,0],"v":{"t":[0,0]}},{"k":[27,8,0,10,0],"v":{"t":[0,0]}},{"k":[26,8,0,11,0],"v":{"t":[0,0]}},{"k":[31,0,0,15,0],"v":{"t":[0,0]}},{"k":[29,8,0,9,0],"v":{"t":[0,0]}},{"k":[31,8,0,7,0],"v":{"t":[0,0]}},{"k":[30,8,0,8,0],"v":{"t":[0,0]}},{"k":[28,8,0,10,0],"v":{"t":[0,0]}},{"k":[27,8,0,11,0],"v":{"t":[0,0]}},{"k":[20,0,0,15,0],"v":{"t":[0,0]}},{"k":[21,0,0,14,0],"v":{"t":[0,0]}},{"k":[22,0,0,13,0],"v":{"t":[0,0]}},{"k":[23,0,0,12,0],"v":{"t":[0,0]}},{"k":[24,0,0,11,0],"v":{"t":[0,0]}},{"k":[25,0,0,10,0],"v":{"t":[0,0]}},{"k":[26,0,0,9,0],"v":{"t":[0,0]}},{"k":[27,0,0,8,0],"v":{"t":[0,0]}},{"k":[28,0,0,7,0],"v":{"t":[0,0]}},{"k":[29,0,0,6,0],"v":{"t":[0,0]}},{"k":[30,0,0,5,0],"v":{"t":[0,0]}},{"k":[31,0,0,4,0],"v":{"t":[0,0]}},{"k":[31,4,0,0,0],"v":{"t":[0,0]}},{"k":[16,8,0,11,0],"v":{"t":[0,0]}},{"k":[20,8,0,7,0],"v":{"t":[0,0]}},{"k":[25,8,0,2,0],"v":{"t":[0,0]}},{"k":[22,8,0,5,0],"v":{"t":[0,0]}},{"k":[21,8,0,6,0],"v":{"t":[0,0]}},{"k":[21,0,0,15,0],"v":{"t":[0,0]}},{"k":[22,0,0,14,0],"v":{"t":[0,0]}},{"k":[23,0,0,13,0],"v":{"t":[0,0]}},{"k":[24,0,0,12,0],"v":{"t":[0,0]}},{"k":[25,0,0,11,0],"v":{"t":[0,0]}},{"k":[26,0,0,10,0],"v":{"t":[0,0]}},{"k":[27,0,0,9,0],"v":{"t":[0,0]}},{"k":[28,0,0,8,0],"v":{"t":[0,0]}},{"k":[29,0,0,7,0],"v":{"t":[0,0]}},{"k":[30,0,0,6,0],"v":{"t":[0,0]}},{"k":[31,0,0,5,0],"v":{"t":[0,0]}},{"k":[16,8,0,12,0],"v":{"t":[0,0]}},{"k":[20,8,0,8,0],"v":{"t":[0,0]}},{"k":[26,8,0,2,0],"v":{"t":[0,0]}},{"k":[22,8,0,6,0],"v":{"t":[0,0]}},{"k":[21,8,0,7,0],"v":{"t":[0,0]}},{"k":[18,0,0,15,0],"v":{"t":[0,0]}},{"k":[19,0,0,14,0],"v":{"t":[0,0]}},{"k":[20,0,0,13,0],"v":{"t":[0,0]}},{"k":[21,0,0,12,0],"v":{"t":[0,0]}},{"k":[22,0,0,11,0],"v":{"t":[0,0]}},{"k":[23,0,0,10,0],"v":{"t":[0,0]}},{"k":[24,0,0,9,0],"v":{"t":[0,0]}},{"k":[25,0,0,8,0],"v":{"t":[0,0]}},{"k":[26,0,0,7,0],"v":{"t":[0,0]}},{"k":[27,0,0,6,0],"v":{"t":[0,0]}},{"k":[28,0,0,5,0],"v":{"t":[0,0]}},{"k":[29,0,0,4,0],"v":{"t":[0,0]}},{"k":[30,0,0,3,0],"v":{"t":[0,0]}},{"k":[31,0,0,2,0],"v":{"t":[0,0]}},{"k":[29,4,0,0,0],"v":{"t":[0,0]}},{"k":[16,8,0,9,0],"v":{"t":[0,0]}},{"k":[20,8,0,5,0],"v":{"t":[0,0]}},{"k":[23,8,0,2,0],"v":{"t":[0,0]}},{"k":[22,8,0,3,0],"v":{"t":[0,0]}},{"k":[21,8,0,4,0],"v":{"t":[0,0]}},{"k":[19,0,0,15,0],"v":{"t":[0,0]}},{"k":[20,0,0,14,0],"v":{"t":[0,0]}},{"k":[21,0,0,13,0],"v":{"t":[0,0]}},{"k":[22,0,0,12,0],"v":{"t":[0,0]}},{"k":[23,0,0,11,0],"v":{"t":[0,0]}},{"k":[24,0,0,10,0],"v":{"t":[0,0]}},{"k":[25,0,0,9,0],"v":{"t":[0,0]}},{"k":[26,0,0,8,0],"v":{"t":[0,0]}},{"k":[27,0,0,7,0],"v":{"t":[0,0]}},{"k":[28,0,0,6,0],"v":{"t":[0,0]}},{"k":[29,0,0,5,0],"v":{"t":[0,0]}},{"k":[30,0,0,4,0],"v":{"t":[0,0]}},{"k":[31,0,0,3,0],"v":{"t":[0,0]}},{"k":[30,4,0,0,0],"v":{"t":[0,0]}},{"k":[16,8,0,10,0],"v":{"t":[0,0]}},{"k":[20,8,0,6,0],"v":{"t":[0,0]}},{"k":[24,8,0,2,0],"v":{"t":[0,0]}},{"k":[22,8,0,4,0],"v":{"t":[0,0]}},{"k":[21,8,0,5,0],"v":{"t":[0,0]}},{"k":[24,0,0,15,0],"v":{"t":[0,0]}},{"k":[25,0,0,14,0],"v":{"t":[0,0]}},{"k":[26,0,0,13,0],"v":{"t":[0,0]}},{"k":[27,0,0,12,0],"v":{"t":[0,0]}},{"k":[28,0,0,11,0],"v":{"t":[0,0]}},{"k":[29,0,0,10,0],"v":{"t":[0,0]}},{"k":[30,0,0,9,0],"v":{"t":[0,0]}},{"k":[31,0,0,8,0],"v":{"t":[0,0]}},{"k":[16,8,0,15,0],"v":{"t":[0,0]}},{"k":[29,8,0,2,0],"v":{"t":[0,0]}},{"k":[21,8,0,10,0],"v":{"t":[0,0]}},{"k":[22,8,0,9,0],"v":{"t":[0,0]}},{"k":[25,0,0,15,0],"v":{"t":[0,0]}},{"k":[26,0,0,14,0],"v":{"t":[0,0]}},{"k":[27,0,0,13,0],"v":{"t":[0,0]}},{"k":[28,0,0,12,0],"v":{"t":[0,0]}},{"k":[29,0,0,11,0],"v":{"t":[0,0]}},{"k":[30,0,0,10,0],"v":{"t":[0,0]}},{"k":[31,0,0,9,0],"v":{"t":[0,0]}},{"k":[30,8,0,2,0],"v":{"t":[0,0]}},{"k":[22,8,0,10,0],"v":{"t":[0,0]}},{"k":[26,8,0,6,0],"v":{"t":[0,0]}},{"k":[22,0,0,15,0],"v":{"t":[0,0]}},{"k":[23,0,0,14,0],"v":{"t":[0,0]}},{"k":[24,0,0,13,0],"v":{"t":[0,0]}},{"k":[25,0,0,12,0],"v":{"t":[0,0]}},{"k":[26,0,0,11,0],"v":{"t":[0,0]}},{"k":[27,0,0,10,0],"v":{"t":[0,0]}},{"k":[28,0,0,9,0],"v":{"t":[0,0]}},{"k":[29,0,0,8,0],"v":{"t":[0,0]}},{"k":[30,0,0,7,0],"v":{"t":[0,0]}},{"k":[31,0,0,6,0],"v":{"t":[0,0]}},{"k":[16,8,0,13,0],"v":{"t":[0,0]}},{"k":[20,8,0,9,0],"v":{"t":[0,0]}},{"k":[27,8,0,2,0],"v":{"t":[0,0]}},{"k":[22,8,0,7,0],"v":{"t":[0,0]}},{"k":[21,8,0,8,0],"v":{"t":[0,0]}},{"k":[23,0,0,15,0],"v":{"t":[0,0]}},{"k":[24,0,0,14,0],"v":{"t":[0,0]}},{"k":[25,0,0,13,0],"v":{"t":[0,0]}},{"k":[26,0,0,12,0],"v":{"t":[0,0]}},{"k":[27,0,0,11,0],"v":{"t":[0,0]}},{"k":[28,0,0,10,0],"v":{"t":[0,0]}},{"k":[29,0,0,9,0],"v":{"t":[0,0]}},{"k":[30,0,0,8,0],"v":{"t":[0,0]}},{"k":[31,0,0,7,0],"v":{"t":[0,0]}},{"k":[16,8,0,14,0],"v":{"t":[0,0]}},{"k":[20,8,0,10,0],"v":{"t":[0,0]}},{"k":[28,8,0,2,0],"v":{"t":[0,0]}},{"k":[21,8,0,9,0],"v":{"t":[0,0]}},{"k":[22,8,0,8,0],"v":{"t":[0,0]}},{"k":[16,0,0,11,0],"v":{"t":[0,0]}},{"k":[17,0,0,10,0],"v":{"t":[0,0]}},{"k":[18,0,0,9,0],"v":{"t":[0,0]}},{"k":[19,0,0,8,0],"v":{"t":[0,0]}},{"k":[20,0,0,7,0],"v":{"t":[0,0]}},{"k":[21,0,0,6,0],"v":{"t":[0,0]}},{"k":[22,0,0,5,0],"v":{"t":[0,0]}},{"k":[23,0,0,4,0],"v":{"t":[0,0]}},{"k":[24,0,0,3,0],"v":{"t":[0,0]}},{"k":[25,0,0,2,0],"v":{"t":[0,0]}},{"k":[26,0,0,1,0],"v":{"t":[0,0]}},{"k":[27,0,0,0,0],"v":{"t":[0,0]}},{"k":[23,4,0,0,0],"v":{"t":[0,0]}},{"k":[16,8,0,3,0],"v":{"t":[0,0]}},{"k":[16,0,0,12,0],"v":{"t":[0,0]}},{"k":[17,0,0,11,0],"v":{"t":[0,0]}},{"k":[18,0,0,10,0],"v":{"t":[0,0]}},{"k":[19,0,0,9,0],"v":{"t":[0,0]}},{"k":[20,0,0,8,0],"v":{"t":[0,0]}},{"k":[21,0,0,7,0],"v":{"t":[0,0]}},{"k":[22,0,0,6,0],"v":{"t":[0,0]}},{"k":[23,0,0,5,0],"v":{"t":[0,0]}},{"k":[24,0,0,4,0],"v":{"t":[0,0]}},{"k":[25,0,0,3,0],"v":{"t":[0,0]}},{"k":[26,0,0,2,0],"v":{"t":[0,0]}},{"k":[27,0,0,1,0],"v":{"t":[0,0]}},{"k":[28,0,0,0,0],"v":{"t":[0,0]}},{"k":[24,4,0,0,0],"v":{"t":[0,0]}},{"k":[17,8,0,3,0],"v":{"t":[0,0]}},{"k":[16,0,0,9,0],"v":{"t":[0,0]}},{"k":[17,0,0,8,0],"v":{"t":[0,0]}},{"k":[18,0,0,7,0],"v":{"t":[0,0]}},{"k":[19,0,0,6,0],"v":{"t":[0,0]}},{"k":[20,0,0,5,0],"v":{"t":[0,0]}},{"k":[21,0,0,4,0],"v":{"t":[0,0]}},{"k":[22,0,0,3,0],"v":{"t":[0,0]}},{"k":[23,0,0,2,0],"v":{"t":[0,0]}},{"k":[24,0,0,1,0],"v":{"t":[0,0]}},{"k":[25,0,0,0,0],"v":{"t":[0,0]}},{"k":[21,4,0,0,0],"v":{"t":[0,0]}},{"k":[16,0,0,10,0],"v":{"t":[0,0]}},{"k":[17,0,0,9,0],"v":{"t":[0,0]}},{"k":[18,0,0,8,0],"v":{"t":[0,0]}},{"k":[19,0,0,7,0],"v":{"t":[0,0]}},{"k":[20,0,0,6,0],"v":{"t":[0,0]}},{"k":[21,0,0,5,0],"v":{"t":[0,0]}},{"k":[22,0,0,4,0],"v":{"t":[0,0]}},{"k":[23,0,0,3,0],"v":{"t":[0,0]}},{"k":[24,0,0,2,0],"v":{"t":[0,0]}},{"k":[25,0,0,1,0],"v":{"t":[0,0]}},{"k":[26,0,0,0,0],"v":{"t":[0,0]}},{"k":[22,4,0,0,0],"v":{"t":[0,0]}},{"k":[16,0,0,15,0],"v":{"t":[0,0]}},{"k":[17,0,0,14,0],"v":{"t":[0,0]}},{"k":[18,0,0,13,0],"v":{"t":[0,0]}},{"k":[19,0,0,12,0],"v":{"t":[0,0]}},{"k":[20,0,0,11,0],"v":{"t":[0,0]}},{"k":[21,0,0,10,0],"v":{"t":[0,0]}},{"k":[22,0,0,9,0],"v":{"t":[0,0]}},{"k":[23,0,0,8,0],"v":{"t":[0,0]}},{"k":[24,0,0,7,0],"v":{"t":[0,0]}},{"k":[25,0,0,6,0],"v":{"t":[0,0]}},{"k":[26,0,0,5,0],"v":{"t":[0,0]}},{"k":[27,0,0,4,0],"v":{"t":[0,0]}},{"k":[28,0,0,3,0],"v":{"t":[0,0]}},{"k":[29,0,0,2,0],"v":{"t":[0,0]}},{"k":[30,0,0,1,0],"v":{"t":[0,0]}},{"k":[31,0,0,0,0],"v":{"t":[0,0]}},{"k":[27,4,0,0,0],"v":{"t":[0,0]}},{"k":[16,8,0,7,0],"v":{"t":[0,0]}},{"k":[20,8,0,3,0],"v":{"t":[0,0]}},{"k":[17,0,0,15,0],"v":{"t":[0,0]}},{"k":[18,0,0,14,0],"v":{"t":[0,0]}},{"k":[19,0,0,13,0],"v":{"t":[0,0]}},{"k":[20,0,0,12,0],"v":{"t":[0,0]}},{"k":[21,0,0,11,0],"v":{"t":[0,0]}},{"k":[22,0,0,10,0],"v":{"t":[0,0]}},{"k":[23,0,0,9,0],"v":{"t":[0,0]}},{"k":[24,0,0,8,0],"v":{"t":[0,0]}},{"k":[25,0,0,7,0],"v":{"t":[0,0]}},{"k":[26,0,0,6,0],"v":{"t":[0,0]}},{"k":[27,0,0,5,0],"v":{"t":[0,0]}},{"k":[28,0,0,4,0],"v":{"t":[0,0]}},{"k":[29,0,0,3,0],"v":{"t":[0,0]}},{"k":[30,0,0,2,0],"v":{"t":[0,0]}},{"k":[31,0,0,1,0],"v":{"t":[0,0]}},{"k":[28,4,0,0,0],"v":{"t":[0,0]}},{"k":[16,8,0,8,0],"v":{"t":[0,0]}},{"k":[20,8,0,4,0],"v":{"t":[0,0]}},{"k":[22,8,0,2,0],"v":{"t":[0,0]}},{"k":[21,8,0,3,0],"v":{"t":[0,0]}},{"k":[16,0,0,13,0],"v":{"t":[0,0]}},{"k":[17,0,0,12,0],"v":{"t":[0,0]}},{"k":[18,0,0,11,0],"v":{"t":[0,0]}},{"k":[19,0,0,10,0],"v":{"t":[0,0]}},{"k":[20,0,0,9,0],"v":{"t":[0,0]}},{"k":[21,0,0,8,0],"v":{"t":[0,0]}},{"k":[22,0,0,7,0],"v":{"t":[0,0]}},{"k":[23,0,0,6,0],"v":{"t":[0,0]}},{"k":[24,0,0,5,0],"v":{"t":[0,0]}},{"k":[25,0,0,4,0],"v":{"t":[0,0]}},{"k":[26,0,0,3,0],"v":{"t":[0,0]}},{"k":[27,0,0,2,0],"v":{"t":[0,0]}},{"k":[28,0,0,1,0],"v":{"t":[0,0]}},{"k":[29,0,0,0,0],"v":{"t":[0,0]}},{"k":[25,4,0,0,0],"v":{"t":[0,0]}},{"k":[18,8,0,3,0],"v":{"t":[0,0]}},{"k":[16,0,0,14,0],"v":{"t":[0,0]}},{"k":[17,0,0,13,0],"v":{"t":[0,0]}},{"k":[18,0,0,12,0],"v":{"t":[0,0]}},{"k":[19,0,0,11,0],"v":{"t":[0,0]}},{"k":[20,0,0,10,0],"v":{"t":[0,0]}},{"k":[21,0,0,9,0],"v":{"t":[0,0]}},{"k":[22,0,0,8,0],"v":{"t":[0,0]}},{"k":[23,0,0,7,0],"v":{"t":[0,0]}},{"k":[24,0,0,6,0],"v":{"t":[0,0]}},{"k":[25,0,0,5,0],"v":{"t":[0,0]}},{"k":[26,0,0,4,0],"v":{"t":[0,0]}},{"k":[27,0,0,3,0],"v":{"t":[0,0]}},{"k":[28,0,0,2,0],"v":{"t":[0,0]}},{"k":[29,0,0,1,0],"v":{"t":[0,0]}},{"k":[30,0,0,0,0],"v":{"t":[0,0]}},{"k":[26,4,0,0,0],"v":{"t":[0,0]}},{"k":[19,8,0,3,0],"v":{"t":[0,0]}},{"k":[16,0,0,3,0],"v":{"t":[0,0]}},{"k":[17,0,0,2,0],"v":{"t":[0,0]}},{"k":[18,0,0,1,0],"v":{"t":[0,0]}},{"k":[19,0,0,0,0],"v":{"t":[0,0]}},{"k":[16,0,0,4,0],"v":{"t":[0,0]}},{"k":[17,0,0,3,0],"v":{"t":[0,0]}},{"k":[18,0,0,2,0],"v":{"t":[0,0]}},{"k":[19,0,0,1,0],"v":{"t":[0,0]}},{"k":[20,0,0,0,0],"v":{"t":[0,0]}},{"k":[16,4,0,0,0],"v":{"t":[0,0]}},{"k":[16,0,0,1,0],"v":{"t":[0,0]}},{"k":[17,0,0,0,0],"v":{"t":[0,0]}},{"k":[16,0,0,2,0],"v":{"t":[0,0]}},{"k":[17,0,0,1,0],"v":{"t":[0,0]}},{"k":[18,0,0,0,0],"v":{"t":[0,0]}},{"k":[16,0,0,7,0],"v":{"t":[0,0]}},{"k":[17,0,0,6,0],"v":{"t":[0,0]}},{"k":[18,0,0,5,0],"v":{"t":[0,0]}},{"k":[19,0,0,4,0],"v":{"t":[0,0]}},{"k":[20,0,0,3,0],"v":{"t":[0,0]}},{"k":[21,0,0,2,0],"v":{"t":[0,0]}},{"k":[22,0,0,1,0],"v":{"t":[0,0]}},{"k":[23,0,0,0,0],"v":{"t":[0,0]}},{"k":[19,4,0,0,0],"v":{"t":[0,0]}},{"k":[16,0,0,8,0],"v":{"t":[0,0]}},{"k":[17,0,0,7,0],"v":{"t":[0,0]}},{"k":[18,0,0,6,0],"v":{"t":[0,0]}},{"k":[19,0,0,5,0],"v":{"t":[0,0]}},{"k":[20,0,0,4,0],"v":{"t":[0,0]}},{"k":[21,0,0,3,0],"v":{"t":[0,0]}},{"k":[22,0,0,2,0],"v":{"t":[0,0]}},{"k":[23,0,0,1,0],"v":{"t":[0,0]}},{"k":[24,0,0,0,0],"v":{"t":[0,0]}},{"k":[20,4,0,0,0],"v":{"t":[0,0]}},{"k":[16,0,0,5,0],"v":{"t":[0,0]}},{"k":[17,0,0,4,0],"v":{"t":[0,0]}},{"k":[18,0,0,3,0],"v":{"t":[0,0]}},{"k":[19,0,0,2,0],"v":{"t":[0,0]}},{"k":[20,0,0,1,0],"v":{"t":[0,0]}},{"k":[21,0,0,0,0],"v":{"t":[0,0]}},{"k":[17,4,0,0,0],"v":{"t":[0,0]}},{"k":[16,0,0,6,0],"v":{"t":[0,0]}},{"k":[17,0,0,5,0],"v":{"t":[0,0]}},{"k":[18,0,0,4,0],"v":{"t":[0,0]}},{"k":[19,0,0,3,0],"v":{"t":[0,0]}},{"k":[20,0,0,2,0],"v":{"t":[0,0]}},{"k":[21,0,0,1,0],"v":{"t":[0,0]}},{"k":[22,0,0,0,0],"v":{"t":[0,0]}},{"k":[18,4,0,0,0],"v":{"t":[0,0]}},{"k":[16,0,0,0,0],"v":{"t":[0,0]}}]},"moun":{"a":[{"k":[29,0,0,14,0],"v":{"b":true,"hs":8,"sid":5,"t":true}},{"k":[29,0,0,15,0],"v":{"b":true,"hs":8,"sid":5,"t":true}},{"k":[29,0,0,12,0],"v":{"b":true,"hs":8,"sid":5,"t":true}},{"k":[29,0,0,13,0],"v":{"b":true,"hs":8,"sid":5,"t":true}},{"k":[20,0,0,15,0],"v":{"b":true,"hs":8,"sid":5,"t":true}},{"k":[29,0,0,6,0],"v":{"b":true,"hs":8,"l":true,"r":true,"sid":5}},{"k":[28,0,0,7,0],"v":{"b":true,"hs":8,"l":true,"r":true,"sid":5,"t":true}},{"k":[27,0,0,8,0],"v":{"b":true,"hs":8,"l":true,"r":true,"sid":5,"t":true}},{"k":[26,0,0,9,0],"v":{"b":true,"hs":8,"r":true,"sid":5,"t":true}},{"k":[30,0,0,6,0],"v":{"b":true,"hs":8,"l":true,"r":true,"sid":5}},{"k":[29,0,0,7,0],"v":{"b":true,"hs":8,"l":true,"r":true,"sid":5,"t":true}},{"k":[28,0,0,8,0],"v":{"b":true,"hs":8,"l":true,"r":true,"sid":5,"t":true}},{"k":[27,0,0,9,0],"v":{"b":true,"hs":8,"l":true,"r":true,"sid":5,"t":true}},{"k":[26,0,0,10,0],"v":{"b":true,"hs":8,"r":true,"sid":5,"t":true}},{"k":[31,0,0,2,0],"v":{"hs":8,"l":true,"r":true,"sid":5}},{"k":[27,0,0,6,0],"v":{"b":true,"hs":8,"l":true,"r":true,"sid":5}},{"k":[26,0,0,7,0],"v":{"b":true,"hs":8,"r":true,"sid":5,"t":true}},{"k":[20,0,0,14,0],"v":{"b":true,"hs":8,"sid":5}},{"k":[28,0,0,6,0],"v":{"b":true,"hs":8,"l":true,"r":true,"sid":5}},{"k":[27,0,0,7,0],"v":{"b":true,"hs":8,"l":true,"r":true,"sid":5,"t":true}},{"k":[26,0,0,8,0],"v":{"b":true,"hs":8,"r":true,"sid":5,"t":true}},{"k":[29,0,0,10,0],"v":{"b":true,"hs":8,"l":true,"sid":5,"t":true}},{"k":[28,0,0,11,0],"v":{"hs":8,"l":true,"r":true,"sid":5,"t":true}},{"k":[29,0,0,11,0],"v":{"b":true,"hs":8,"l":true,"sid":5,"t":true}},{"k":[29,0,0,8,0],"v":{"b":true,"hs":8,"l":true,"r":true,"sid":5,"t":true}},{"k":[30,0,0,7,0],"v":{"b":true,"hs":8,"l":true,"r":true,"sid":5,"t":true}},{"k":[31,0,0,6,0],"v":{"b":true,"hs":8,"l":true,"sid":5}},{"k":[28,0,0,9,0],"v":{"b":true,"hs":8,"l":true,"r":true,"sid":5,"t":true}},{"k":[27,0,0,10,0],"v":{"b":true,"hs":8,"l":true,"r":true,"sid":5,"t":true}},{"k":[26,0,0,11,0],"v":{"hs":8,"r":true,"sid":5,"t":true}},{"k":[29,0,0,9,0],"v":{"b":true,"hs":8,"l":true,"sid":5,"t":true}},{"k":[31,0,0,7,0],"v":{"hs":8,"l":true,"sid":5,"t":true}},{"k":[30,0,0,8,0],"v":{"hs":8,"l":true,"sid":5,"t":true}},{"k":[28,0,0,10,0],"v":{"b":true,"hs":8,"l":true,"r":true,"sid":5,"t":true}},{"k":[27,0,0,11,0],"v":{"hs":8,"l":true,"r":true,"sid":5,"t":true}},{"k":[27,0,0,0,0],"v":{"hs":4,"l":true,"r":true,"sid":3,"wp":31.25}},{"k":[16,0,0,11,0],"v":{"b":true,"hs":8,"sid":5,"t":true}},{"k":[20,0,0,7,0],"v":{"b":true,"hs":8,"r":true,"sid":5,"t":true}},{"k":[25,0,0,2,0],"v":{"hs":8,"l":true,"r":true,"sid":5}},{"k":[22,0,0,5,0],"v":{"b":true,"hs":8,"l":true,"sid":5,"t":true}},{"k":[21,0,0,6,0],"v":{"b":true,"hs":8,"l":true,"r":true,"sid":5,"t":true}},{"k":[28,0,0,0,0],"v":{"hs":4,"l":true,"r":true,"sid":3,"wp":31.25}},{"k":[16,0,0,12,0],"v":{"b":true,"hs":8,"sid":5,"t":true}},{"k":[20,0,0,8,0],"v":{"b":true,"hs":8,"r":true,"sid":5,"t":true}},{"k":[26,0,0,2,0],"v":{"hs":8,"l":true,"r":true,"sid":5}},{"k":[22,0,0,6,0],"v":{"b":true,"hs":8,"l":true,"sid":5,"t":true}},{"k":[21,0,0,7,0],"v":{"b":true,"hs":8,"l":true,"r":true,"sid":5,"t":true}},{"k":[25,0,0,0,0],"v":{"hs":4,"l":true,"r":true,"sid":3,"wp":31.25}},{"k":[16,0,0,9,0],"v":{"b":true,"hs":8,"sid":5,"t":true}},{"k":[20,0,0,5,0],"v":{"b":true,"hs":8,"r":true,"sid":5,"t":true}},{"k":[23,0,0,2,0],"v":{"hs":8,"l":true,"r":true,"sid":5}},{"k":[22,0,0,3,0],"v":{"b":true,"hs":8,"l":true,"sid":5,"t":true}},{"k":[21,0,0,4,0],"v":{"b":true,"hs":8,"l":true,"r":true,"sid":5,"t":true}},{"k":[26,0,0,0,0],"v":{"hs":4,"l":true,"r":true,"sid":3,"wp":31.25}},{"k":[16,0,0,10,0],"v":{"b":true,"hs":8,"sid":5,"t":true}},{"k":[20,0,0,6,0],"v":{"b":true,"hs":8,"r":true,"sid":5,"t":true}},{"k":[24,0,0,2,0],"v":{"hs":8,"l":true,"r":true,"sid":5}},{"k":[22,0,0,4,0],"v":{"b":true,"hs":8,"l":true,"sid":5,"t":true}},{"k":[21,0,0,5,0],"v":{"b":true,"hs":8,"l":true,"r":true,"sid":5,"t":true}},{"k":[31,0,0,0,0],"v":{"hs":4,"l":true,"r":true,"sid":3,"wp":31.25}},{"k":[16,0,0,15,0],"v":{"b":true,"hs":8,"sid":5,"t":true}},{"k":[29,0,0,2,0],"v":{"hs":8,"l":true,"r":true,"sid":5}},{"k":[21,0,0,10,0],"v":{"hs":8,"l":true,"r":true,"sid":5,"t":true}},{"k":[22,0,0,9,0],"v":{"b":true,"hs":8,"l":true,"sid":5,"t":true}},{"k":[30,0,0,2,0],"v":{"hs":8,"l":true,"r":true,"sid":5}},{"k":[22,0,0,10,0],"v":{"hs":8,"l":true,"sid":5,"t":true}},{"k":[26,0,0,6,0],"v":{"b":true,"hs":8,"r":true,"sid":5}},{"k":[29,0,0,0,0],"v":{"hs":4,"l":true,"r":true,"sid":3,"wp":31.25}},{"k":[16,0,0,13,0],"v":{"b":true,"hs":8,"sid":5,"t":true}},{"k":[20,0,0,9,0],"v":{"b":true,"hs":8,"r":true,"sid":5,"t":true}},{"k":[27,0,0,2,0],"v":{"hs":8,"l":true,"r":true,"sid":5}},{"k":[22,0,0,7,0],"v":{"b":true,"hs":8,"l":true,"sid":5,"t":true}},{"k":[21,0,0,8,0],"v":{"b":true,"hs":8,"l":true,"r":true,"sid":5,"t":true}},{"k":[30,0,0,0,0],"v":{"hs":4,"l":true,"r":true,"sid":3,"wp":31.25}},{"k":[16,0,0,14,0],"v":{"b":true,"hs":8,"sid":5,"t":true}},{"k":[20,0,0,10,0],"v":{"hs":8,"r":true,"sid":5,"t":true}},{"k":[28,0,0,2,0],"v":{"hs":8,"l":true,"r":true,"sid":5}},{"k":[21,0,0,9,0],"v":{"b":true,"hs":8,"l":true,"r":true,"sid":5,"t":true}},{"k":[22,0,0,8,0],"v":{"b":true,"hs":8,"l":true,"sid":5,"t":true}},{"k":[19,0,0,0,0],"v":{"hs":4,"l":true,"r":true,"sid":3,"wp":31.25}},{"k":[16,0,0,3,0],"v":{"hs":8,"l":true,"r":true,"sid":5}},{"k":[20,0,0,0,0],"v":{"hs":4,"l":true,"r":true,"sid":3,"wp":31.25}},{"k":[17,0,0,3,0],"v":{"hs":8,"l":true,"r":true,"sid":5}},{"k":[17,0,0,0,0],"v":{"hs":4,"l":true,"r":true,"sid":3,"wp":31.25}},{"k":[18,0,0,0,0],"v":{"hs":4,"l":true,"r":true,"sid":3,"wp":31.25}},{"k":[23,0,0,0,0],"v":{"hs":4,"l":true,"r":true,"sid":3,"wp":31.25}},{"k":[16,0,0,7,0],"v":{"b":true,"hs":8,"l":true,"sid":5}},{"k":[20,0,0,3,0],"v":{"b":true,"hs":8,"l":true,"r":true,"sid":5}},{"k":[24,0,0,0,0],"v":{"hs":4,"l":true,"r":true,"sid":3,"wp":31.25}},{"k":[16,0,0,8,0],"v":{"b":true,"hs":8,"sid":5,"t":true}},{"k":[20,0,0,4,0],"v":{"b":true,"hs":8,"r":true,"sid":5,"t":true}},{"k":[22,0,0,2,0],"v":{"b":true,"hs":8,"r":true,"sid":5}},{"k":[21,0,0,3,0],"v":{"b":true,"hs":8,"l":true,"r":true,"sid":5}},{"k":[21,0,0,0,0],"v":{"hs":4,"l":true,"r":true,"sid":3,"wp":31.25}},{"k":[18,0,0,3,0],"v":{"hs":8,"l":true,"r":true,"sid":5}},{"k":[22,0,0,0,0],"v":{"hs":4,"l":true,"r":true,"sid":3,"wp":31.25}},{"k":[19,0,0,3,0],"v":{"hs":8,"l":true,"r":true,"sid":5}},{"k":[16,0,0,0,0],"v":{"hs":4,"l":true,"r":true,"sid":3,"wp":31.25}}],"o":[[15,0,0,0,0],[32,0,0,0,0]]},"objs":{"list":[]},"objs3d":{"a":[],"o":[]},"sprites":{"list":[{"k":[26,0,0,15,0],"v":{"f":false,"k":4,"t":[6,8,1,1]}},{"k":[27,0,0,15,0],"v":{"k":4,"t":[7,8,1,1]}},{"k":[31,0,0,15,0],"v":{"k":4,"t":[7,8,1,1]}},{"k":[29,0,0,6,0],"v":{"k":4,"t":[6,8,1,1]}},{"k":[25,0,0,10,0],"v":{"k":4,"t":[6,8,1,1]}},{"k":[20,0,0,15,0],"v":{"f":false,"k":4,"t":[6,8,1,1]}},{"k":[28,0,0,7,0],"v":{"k":4,"t":[6,8,1,1]}},{"k":[26,0,0,9,0],"v":{"f":false,"k":4,"t":[6,8,1,1]}},{"k":[23,0,0,12,0],"v":{"f":false,"k":4,"t":[7,8,1,1]}},{"k":[21,0,0,14,0],"v":{"k":4,"t":[7,8,1,1]}},{"k":[31,0,0,4,0],"v":{"k":4,"t":[7,8,1,1]}},{"k":[25,0,0,11,0],"v":{"f":false,"k":4,"t":[6,8,1,1]}},{"k":[28,0,0,8,0],"v":{"f":false,"k":4,"t":[6,8,1,1]}},{"k":[29,0,0,7,0],"v":{"f":false,"k":4,"t":[6,8,1,1]}},{"k":[31,0,0,5,0],"v":{"k":4,"t":[6,8,1,1]}},{"k":[26,0,0,10,0],"v":{"f":false,"k":4,"t":[6,8,1,1]}},{"k":[24,0,0,12,0],"v":{"k":4,"t":[7,8,1,1]}},{"k":[23,0,0,10,0],"v":{"k":4,"t":[6,8,1,1]}},{"k":[28,0,0,5,0],"v":{"k":4,"t":[6,8,1,1]}},{"k":[18,0,0,15,0],"v":{"k":4,"t":[6,8,1,1]}},{"k":[19,0,0,14,0],"v":{"f":false,"k":4,"t":[6,8,1,1]}},{"k":[25,0,0,8,0],"v":{"f":false,"k":4,"t":[6,8,1,1]}},{"k":[31,0,0,2,0],"v":{"k":4,"t":[6,8,1,1]}},{"k":[29,0,0,4,0],"v":{"k":4,"t":[6,8,1,1]}},{"k":[27,0,0,6,0],"v":{"f":false,"k":4,"t":[6,8,1,1]}},{"k":[26,0,0,7,0],"v":{"f":false,"k":4,"t":[6,8,1,1]}},{"k":[22,0,0,11,0],"v":{"f":false,"k":4,"t":[7,8,1,1]}},{"k":[20,0,0,13,0],"v":{"f":false,"k":4,"t":[7,8,1,1]}},{"k":[30,0,0,3,0],"v":{"k":4,"t":[7,8,1,1]}},{"k":[22,0,0,12,0],"v":{"f":false,"k":4,"t":[6,8,1,1]}},{"k":[27,0,0,7,0],"v":{"k":4,"t":[6,8,1,1]}},{"k":[20,0,0,14,0],"v":{"f":false,"k":4,"t":[6,8,1,1]}},{"k":[25,0,0,9,0],"v":{"f":false,"k":4,"t":[6,8,1,1]}},{"k":[30,0,0,4,0],"v":{"k":4,"t":[6,8,1,1]}},{"k":[26,0,0,8,0],"v":{"f":false,"k":4,"t":[6,8,1,1]}},{"k":[23,0,0,11,0],"v":{"f":false,"k":4,"t":[7,8,1,1]}},{"k":[21,0,0,13,0],"v":{"k":4,"t":[7,8,1,1]}},{"k":[31,0,0,3,0],"v":{"k":4,"t":[7,8,1,1]}},{"k":[29,0,0,10,0],"v":{"k":4,"t":[6,8,1,1]}},{"k":[25,0,0,14,0],"v":{"k":4,"t":[6,8,1,1]}},{"k":[26,0,0,13,0],"v":{"f":false,"k":4,"t":[6,8,1,1]}},{"k":[24,0,0,15,0],"v":{"k":4,"t":[7,8,1,1]}},{"k":[31,0,0,9,0],"v":{"k":4,"t":[6,8,1,1]}},{"k":[25,0,0,15,0],"v":{"k":4,"t":[6,8,1,1]}},{"k":[26,0,0,14,0],"v":{"k":4,"t":[7,8,1,1]}},{"k":[29,0,0,8,0],"v":{"k":4,"t":[6,8,1,1]}},{"k":[25,0,0,12,0],"v":{"f":false,"k":4,"t":[6,8,1,1]}},{"k":[27,0,0,10,0],"v":{"f":false,"k":4,"t":[6,8,1,1]}},{"k":[28,0,0,9,0],"v":{"f":false,"k":4,"t":[6,8,1,1]}},{"k":[30,0,0,7,0],"v":{"k":4,"t":[6,8,1,1]}},{"k":[31,0,0,6,0],"v":{"k":4,"t":[6,8,1,1]}},{"k":[26,0,0,11,0],"v":{"f":false,"k":4,"t":[6,8,1,1]}},{"k":[24,0,0,13,0],"v":{"f":false,"k":4,"t":[7,8,1,1]}},{"k":[22,0,0,15,0],"v":{"k":4,"t":[7,8,1,1]}},{"k":[29,0,0,9,0],"v":{"k":4,"t":[6,8,1,1]}},{"k":[31,0,0,7,0],"v":{"k":4,"t":[6,8,1,1]}},{"k":[30,0,0,8,0],"v":{"k":4,"t":[6,8,1,1]}},{"k":[28,0,0,10,0],"v":{"f":false,"k":4,"t":[6,8,1,1]}},{"k":[26,0,0,12,0],"v":{"f":false,"k":4,"t":[6,8,1,1]}},{"k":[23,0,0,15,0],"v":{"k":4,"t":[7,8,1,1]}},{"k":[25,0,0,13,0],"v":{"k":4,"t":[7,8,1,1]}},{"k":[22,0,0,5,0],"v":{"k":4,"t":[6,8,1,1]}},{"k":[25,0,0,2,0],"v":{"k":4,"t":[6,8,1,1]}},{"k":[16,0,0,11,0],"v":{"f":false,"k":4,"t":[6,8,1,1]}},{"k":[21,0,0,6,0],"v":{"f":false,"k":4,"t":[6,8,1,1]}},{"k":[23,0,0,4,0],"v":{"k":4,"t":[6,8,1,1]}},{"k":[18,0,0,9,0],"v":{"k":4,"t":[7,8,1,1]}},{"k":[17,0,0,10,0],"v":{"k":4,"t":[7,8,1,1]}},{"k":[19,0,0,8,0],"v":{"k":4,"t":[7,8,1,1]}},{"k":[26,0,0,1,0],"v":{"k":4,"t":[7,8,1,1]}},{"k":[21,0,0,7,0],"v":{"k":4,"t":[6,8,1,1]}},{"k":[22,0,0,6,0],"v":{"f":false,"k":4,"t":[6,8,1,1]}},{"k":[23,0,0,5,0],"v":{"k":4,"t":[6,8,1,1]}},{"k":[18,0,0,10,0],"v":{"k":4,"t":[7,8,1,1]}},{"k":[17,0,0,11,0],"v":{"k":4,"t":[7,8,1,1]}},{"k":[19,0,0,9,0],"v":{"k":4,"t":[7,8,1,1]}},{"k":[20,0,0,8,0],"v":{"k":4,"t":[7,8,1,1]}},{"k":[25,0,0,3,0],"v":{"k":4,"t":[7,8,1,1]}},{"k":[26,0,0,2,0],"v":{"k":4,"t":[7,8,1,1]}},{"k":[21,0,0,4,0],"v":{"k":4,"t":[6,8,1,1]}},{"k":[20,0,0,5,0],"v":{"f":false,"k":4,"t":[6,8,1,1]}},{"k":[17,0,0,8,0],"v":{"k":4,"t":[7,8,1,1]}},{"k":[16,0,0,9,0],"v":{"k":4,"t":[7,8,1,1]}},{"k":[24,0,0,1,0],"v":{"k":4,"t":[7,8,1,1]}},{"k":[17,0,0,9,0],"v":{"k":4,"t":[6,8,1,1]}},{"k":[16,0,0,10,0],"v":{"f":false,"k":4,"t":[6,8,1,1]}},{"k":[18,0,0,8,0],"v":{"f":false,"k":4,"t":[6,8,1,1]}},{"k":[19,0,0,7,0],"v":{"f":false,"k":4,"t":[6,8,1,1]}},{"k":[20,0,0,6,0],"v":{"f":false,"k":4,"t":[6,8,1,1]}},{"k":[24,0,0,2,0],"v":{"k":4,"t":[7,8,1,1]}},{"k":[25,0,0,1,0],"v":{"k":4,"t":[7,8,1,1]}},{"k":[22,0,0,9,0],"v":{"k":4,"t":[6,8,1,1]}},{"k":[27,0,0,4,0],"v":{"k":4,"t":[6,8,1,1]}},{"k":[18,0,0,13,0],"v":{"f":false,"k":4,"t":[7,8,1,1]}},{"k":[19,0,0,12,0],"v":{"f":false,"k":4,"t":[7,8,1,1]}},{"k":[21,0,0,10,0],"v":{"k":4,"t":[7,8,1,1]}},{"k":[17,0,0,14,0],"v":{"k":4,"t":[7,8,1,1]}},{"k":[20,0,0,11,0],"v":{"k":4,"t":[7,8,1,1]}},{"k":[24,0,0,7,0],"v":{"k":4,"t":[7,8,1,1]}},{"k":[28,0,0,3,0],"v":{"k":4,"t":[7,8,1,1]}},{"k":[24,0,0,8,0],"v":{"f":false,"k":4,"t":[6,8,1,1]}},{"k":[18,0,0,14,0],"v":{"k":4,"t":[6,8,1,1]}},{"k":[28,0,0,4,0],"v":{"k":4,"t":[6,8,1,1]}},{"k":[27,0,0,5,0],"v":{"f":false,"k":4,"t":[6,8,1,1]}},{"k":[19,0,0,13,0],"v":{"f":false,"k":4,"t":[7,8,1,1]}},{"k":[21,0,0,11,0],"v":{"k":4,"t":[7,8,1,1]}},{"k":[17,0,0,15,0],"v":{"f":false,"k":4,"t":[7,8,1,1]}},{"k":[20,0,0,12,0],"v":{"k":4,"t":[7,8,1,1]}},{"k":[25,0,0,7,0],"v":{"k":4,"t":[7,8,1,1]}},{"k":[26,0,0,6,0],"v":{"k":4,"t":[7,8,1,1]}},{"k":[29,0,0,3,0],"v":{"k":4,"t":[7,8,1,1]}},{"k":[26,0,0,3,0],"v":{"k":4,"t":[6,8,1,1]}},{"k":[23,0,0,6,0],"v":{"f":false,"k":4,"t":[6,8,1,1]}},{"k":[24,0,0,5,0],"v":{"f":false,"k":4,"t":[6,8,1,1]}},{"k":[18,0,0,11,0],"v":{"f":false,"k":4,"t":[7,8,1,1]}},{"k":[20,0,0,9,0],"v":{"k":4,"t":[7,8,1,1]}},{"k":[17,0,0,12,0],"v":{"k":4,"t":[7,8,1,1]}},{"k":[19,0,0,10,0],"v":{"k":4,"t":[7,8,1,1]}},{"k":[21,0,0,8,0],"v":{"k":4,"t":[7,8,1,1]}},{"k":[22,0,0,7,0],"v":{"k":4,"t":[7,8,1,1]}},{"k":[25,0,0,4,0],"v":{"k":4,"t":[7,8,1,1]}},{"k":[26,0,0,4,0],"v":{"k":4,"t":[6,8,1,1]}},{"k":[24,0,0,6,0],"v":{"f":false,"k":4,"t":[6,8,1,1]}},{"k":[20,0,0,10,0],"v":{"f":false,"k":4,"t":[7,8,1,1]}},{"k":[19,0,0,11,0],"v":{"f":false,"k":4,"t":[7,8,1,1]}},{"k":[17,0,0,13,0],"v":{"k":4,"t":[7,8,1,1]}},{"k":[23,0,0,7,0],"v":{"k":4,"t":[7,8,1,1]}},{"k":[25,0,0,5,0],"v":{"k":4,"t":[7,8,1,1]}},{"k":[27,0,0,3,0],"v":{"k":4,"t":[7,8,1,1]}},{"k":[16,0,0,7,0],"v":{"k":4,"t":[7,8,1,1]}},{"k":[17,0,0,7,0],"v":{"k":4,"t":[6,8,1,1]}},{"k":[20,0,0,4,0],"v":{"k":4,"t":[6,8,1,1]}},{"k":[16,0,0,8,0],"v":{"f":false,"k":4,"t":[6,8,1,1]}}],"overflow":[],"walls":[]}}