{"lands":{"autotiles":[],"floors":[{"k":[28,8,0,31,0],"v":{"t":[0,0]}},{"k":[30,8,0,29,0],"v":{"t":[0,0]}},{"k":[29,8,0,30,0],"v":{"t":[0,0]}},{"k":[29,8,0,31,0],"v":{"t":[0,0]}},{"k":[31,8,0,29,0],"v":{"t":[0,0]}},{"k":[30,8,0,30,0],"v":{"t":[0,0]}},{"k":[26,8,0,31,0],"v":{"t":[0,0]}},{"k":[28,8,0,29,0],"v":{"t":[0,0]}},{"k":[27,8,0,30,0],"v":{"t":[0,0]}},{"k":[27,8,0,31,0],"v":{"t":[0,0]}},{"k":[29,8,0,29,0],"v":{"t":[0,0]}},{"k":[28,8,0,30,0],"v":{"t":[0,0]}},{"k":[30,8,0,31,0],"v":{"t":[0,0]}},{"k":[31,8,0,30,0],"v":{"t":[0,0]}},{"k":[31,8,0,31,0],"v":{"t":[0,0]}},{"k":[28,0,0,31,0],"v":{"t":[0,0]}},{"k":[29,0,0,30,0],"v":{"t":[0,0]}},{"k":[30,0,0,29,0],"v":{"t":[0,0]}},{"k":[31,0,0,28,0],"v":{"t":[0,0]}},{"k":[20,8,0,31,0],"v":{"t":[0,0]}},{"k":[31,8,0,20,0],"v":{"t":[0,0]}},{"k":[22,8,0,29,0],"v":{"t":[0,0]}},{"k":[26,8,0,25,0],"v":{"t":[0,0]}},{"k":[21,8,0,30,0],"v":{"t":[0,0]}},{"k":[29,0,0,31,0],"v":{"t":[0,0]}},{"k":[30,0,0,30,0],"v":{"t":[0,0]}},{"k":[31,0,0,29,0],"v":{"t":[0,0]}},{"k":[27,8,0,25,0],"v":{"t":[0,0]}},{"k":[21,8,0,31,0],"v":{"t":[0,0]}},{"k":[22,8,0,30,0],"v":{"t":[0,0]}},{"k":[23,8,0,29,0],"v":{"t":[0,0]}},{"k":[26,0,0,31,0],"v":{"t":[0,0]}},{"k":[27,0,0,30,0],"v":{"t":[0,0]}},{"k":[28,0,0,29,0],"v":{"t":[0,0]}},{"k":[29,0,0,28,0],"v":{"t":[0,0]}},{"k":[30,0,0,27,0],"v":{"t":[0,0]}},{"k":[31,0,0,26,0],"v":{"t":[0,0]}},{"k":[20,8,0,29,0],"v":{"t":[0,0]}},{"k":[24,8,0,25,0],"v":{"t":[0,0]}},{"k":[29,8,0,20,0],"v":{"t":[0,0]}},{"k":[27,0,0,31,0],"v":{"t":[0,0]}},{"k":[28,0,0,30,0],"v":{"t":[0,0]}},{"k":[29,0,0,29,0],"v":{"t":[0,0]}},{"k":[30,0,0,28,0],"v":{"t":[0,0]}},{"k":[31,0,0,27,0],"v":{"t":[0,0]}},{"k":[20,8,0,30,0],"v":{"t":[0,0]}},{"k":[25,8,0,25,0],"v":{"t":[0,0]}},{"k":[30,8,0,20,0],"v":{"t":[0,0]}},{"k":[21,8,0,29,0],"v":{"t":[0,0]}},{"k":[24,8,0,31,0],"v":{"t":[0,0]}},{"k":[26,8,0,29,0],"v":{"t":[0,0]}},{"k":[25,8,0,30,0],"v":{"t":[0,0]}},{"k":[25,8,0,31,0],"v":{"t":[0,0]}},{"k":[27,8,0,29,0],"v":{"t":[0,0]}},{"k":[26,8,0,30,0],"v":{"t":[0,0]}},{"k":[30,0,0,31,0],"v":{"t":[0,0]}},{"k":[31,0,0,30,0],"v":{"t":[0,0]}},{"k":[28,8,0,25,0],"v":{"t":[0,0]}},{"k":[22,8,0,31,0],"v":{"t":[0,0]}},{"k":[23,8,0,30,0],"v":{"t":[0,0]}},{"k":[24,8,0,29,0],"v":{"t":[0,0]}},{"k":[31,0,0,31,0],"v":{"t":[0,0]}},{"k":[29,8,0,25,0],"v":{"t":[0,0]}},{"k":[23,8,0,31,0],"v":{"t":[0,0]}},{"k":[25,8,0,29,0],"v":{"t":[0,0]}},{"k":[24,8,0,30,0],"v":{"t":[0,0]}},{"k":[20,0,0,31,0],"v":{"t":[0,0]}},{"k":[21,0,0,30,0],"v":{"t":[0,0]}},{"k":[22,0,0,29,0],"v":{"t":[0,0]}},{"k":[23,0,0,28,0],"v":{"t":[0,0]}},{"k":[24,0,0,27,0],"v":{"t":[0,0]}},{"k":[25,0,0,26,0],"v":{"t":[0,0]}},{"k":[26,0,0,25,0],"v":{"t":[0,0]}},{"k":[27,0,0,24,0],"v":{"t":[0,0]}},{"k":[28,0,0,23,0],"v":{"t":[0,0]}},{"k":[29,0,0,22,0],"v":{"t":[0,0]}},{"k":[30,0,0,21,0],"v":{"t":[0,0]}},{"k":[31,0,0,20,0],"v":{"t":[0,0]}},{"k":[20,8,0,23,0],"v":{"t":[0,0]}},{"k":[16,8,0,27,0],"v":{"t":[0,0]}},{"k":[21,0,0,31,0],"v":{"t":[0,0]}},{"k":[22,0,0,30,0],"v":{"t":[0,0]}},{"k":[23,0,0,29,0],"v":{"t":[0,0]}},{"k":[24,0,0,28,0],"v":{"t":[0,0]}},{"k":[25,0,0,27,0],"v":{"t":[0,0]}},{"k":[26,0,0,26,0],"v":{"t":[0,0]}},{"k":[27,0,0,25,0],"v":{"t":[0,0]}},{"k":[28,0,0,24,0],"v":{"t":[0,0]}},{"k":[29,0,0,23,0],"v":{"t":[0,0]}},{"k":[30,0,0,22,0],"v":{"t":[0,0]}},{"k":[31,0,0,21,0],"v":{"t":[0,0]}},{"k":[20,8,0,24,0],"v":{"t":[0,0]}},{"k":[24,8,0,20,0],"v":{"t":[0,0]}},{"k":[16,8,0,28,0],"v":{"t":[0,0]}},{"k":[18,0,0,31,0],"v":{"t":[0,0]}},{"k":[19,0,0,30,0],"v":{"t":[0,0]}},{"k":[20,0,0,29,0],"v":{"t":[0,0]}},{"k":[21,0,0,28,0],"v":{"t":[0,0]}},{"k":[22,0,0,27,0],"v":{"t":[0,0]}},{"k":[23,0,0,26,0],"v":{"t":[0,0]}},{"k":[24,0,0,25,0],"v":{"t":[0,0]}},{"k":[25,0,0,24,0],"v":{"t":[0,0]}},{"k":[26,0,0,23,0],"v":{"t":[0,0]}},{"k":[27,0,0,22,0],"v":{"t":[0,0]}},{"k":[28,0,0,21,0],"v":{"t":[0,0]}},{"k":[29,0,0,20,0],"v":{"t":[0,0]}},{"k":[30,0,0,19,0],"v":{"t":[0,0]}},{"k":[31,0,0,18,0],"v":{"t":[0,0]}},{"k":[16,8,0,25,0],"v":{"t":[0,0]}},{"k":[19,0,0,31,0],"v":{"t":[0,0]}},{"k":[20,0,0,30,0],"v":{"t":[0,0]}},{"k":[21,0,0,29,0],"v":{"t":[0,0]}},{"k":[22,0,0,28,0],"v":{"t":[0,0]}},{"k":[23,0,0,27,0],"v":{"t":[0,0]}},{"k":[24,0,0,26,0],"v":{"t":[0,0]}},{"k":[25,0,0,25,0],"v":{"t":[0,0]}},{"k":[26,0,0,24,0],"v":{"t":[0,0]}},{"k":[27,0,0,23,0],"v":{"t":[0,0]}},{"k":[28,0,0,22,0],"v":{"t":[0,0]}},{"k":[29,0,0,21,0],"v":{"t":[0,0]}},{"k":[30,0,0,20,0],"v":{"t":[0,0]}},{"k":[31,0,0,19,0],"v":{"t":[0,0]}},{"k":[20,8,0,22,0],"v":{"t":[0,0]}},{"k":[16,8,0,26,0],"v":{"t":[0,0]}},{"k":[24,0,0,31,0],"v":{"t":[0,0]}},{"k":[25,0,0,30,0],"v":{"t":[0,0]}},{"k":[26,0,0,29,0],"v":{"t":[0,0]}},{"k":[27,0,0,28,0],"v":{"t":[0,0]}},{"k":[28,0,0,27,0],"v":{"t":[0,0]}},{"k":[29,0,0,26,0],"v":{"t":[0,0]}},{"k":[30,0,0,25,0],"v":{"t":[0,0]}},{"k":[31,0,0,24,0],"v":{"t":[0,0]}},{"k":[22,8,0,25,0],"v":{"t":[0,0]}},{"k":[29,8,0,18,0],"v":{"t":[0,0]}},{"k":[27,8,0,20,0],"v":{"t":[0,0]}},{"k":[16,8,0,31,0],"v":{"t":[0,0]}},{"k":[25,0,0,31,0],"v":{"t":[0,0]}},{"k":[26,0,0,30,0],"v":{"t":[0,0]}},{"k":[27,0,0,29,0],"v":{"t":[0,0]}},{"k":[28,0,0,28,0],"v":{"t":[0,0]}},{"k":[29,0,0,27,0],"v":{"t":[0,0]}},{"k":[30,0,0,26,0],"v":{"t":[0,0]}},{"k":[31,0,0,25,0],"v":{"t":[0,0]}},{"k":[23,8,0,25,0],"v":{"t":[0,0]}},{"k":[29,8,0,19,0],"v":{"t":[0,0]}},{"k":[28,8,0,20,0],"v":{"t":[0,0]}},{"k":[22,0,0,31,0],"v":{"t":[0,0]}},{"k":[23,0,0,30,0],"v":{"t":[0,0]}},{"k":[24,0,0,29,0],"v":{"t":[0,0]}},{"k":[25,0,0,28,0],"v":{"t":[0,0]}},{"k":[26,0,0,27,0],"v":{"t":[0,0]}},{"k":[27,0,0,26,0],"v":{"t":[0,0]}},{"k":[28,0,0,25,0],"v":{"t":[0,0]}},{"k":[29,0,0,24,0],"v":{"t":[0,0]}},{"k":[30,0,0,23,0],"v":{"t":[0,0]}},{"k":[31,0,0,22,0],"v":{"t":[0,0]}},{"k":[20,8,0,25,0],"v":{"t":[0,0]}},{"k":[29,8,0,16,0],"v":{"t":[0,0]}},{"k":[25,8,0,20,0],"v":{"t":[0,0]}},{"k":[16,8,0,29,0],"v":{"t":[0,0]}},{"k":[23,0,0,31,0],"v":{"t":[0,0]}},{"k":[24,0,0,30,0],"v":{"t":[0,0]}},{"k":[25,0,0,29,0],"v":{"t":[0,0]}},{"k":[26,0,0,28,0],"v":{"t":[0,0]}},{"k":[27,0,0,27,0],"v":{"t":[0,0]}},{"k":[28,0,0,26,0],"v":{"t":[0,0]}},{"k":[29,0,0,25,0],"v":{"t":[0,0]}},{"k":[30,0,0,24,0],"v":{"t":[0,0]}},{"k":[31,0,0,23,0],"v":{"t":[0,0]}},{"k":[21,8,0,25,0],"v":{"t":[0,0]}},{"k":[29,8,0,17,0],"v":{"t":[0,0]}},{"k":[26,8,0,20,0],"v":{"t":[0,0]}},{"k":[16,8,0,30,0],"v":{"t":[0,0]}},{"k":[22,0,0,21,0],"v":{"t":[0,0]}},{"k":[21,0,0,22,0],"v":{"t":[0,0]}},{"k":[20,0,0,23,0],"v":{"t":[0,0]}},{"k":[19,0,0,24,0],"v":{"t":[0,0]}},{"k":[23,0,0,20,0],"v":{"t":[0,0]}},{"k":[24,0,0,19,0],"v":{"t":[0,0]}},{"k":[16,0,0,27,0],"v":{"t":[0,0]}},{"k":[17,0,0,26,0],"v":{"t":[0,0]}},{"k":[18,0,0,25,0],"v":{"t":[0,0]}},{"k":[25,0,0,18,0],"v":{"t":[0,0]}},{"k":[26,0,0,17,0],"v":{"t":[0,0]}},{"k":[27,0,0,16,0],"v":{"t":[0,0]}},{"k":[23,0,0,21,0],"v":{"t":[0,0]}},{"k":[22,0,0,22,0],"v":{"t":[0,0]}},{"k":[21,0,0,23,0],"v":{"t":[0,0]}},{"k":[20,0,0,24,0],"v":{"t":[0,0]}},{"k":[24,0,0,20,0],"v":{"t":[0,0]}},{"k":[16,0,0,28,0],"v":{"t":[0,0]}},{"k":[17,0,0,27,0],"v":{"t":[0,0]}},{"k":[18,0,0,26,0],"v":{"t":[0,0]}},{"k":[19,0,0,25,0],"v":{"t":[0,0]}},{"k":[25,0,0,19,0],"v":{"t":[0,0]}},{"k":[26,0,0,18,0],"v":{"t":[0,0]}},{"k":[27,0,0,17,0],"v":{"t":[0,0]}},{"k":[28,0,0,16,0],"v":{"t":[0,0]}},{"k":[20,8,0,16,0],"v":{"t":[0,0]}},{"k":[20,0,0,21,0],"v":{"t":[0,0]}},{"k":[19,0,0,22,0],"v":{"t":[0,0]}},{"k":[18,0,0,23,0],"v":{"t":[0,0]}},{"k":[17,0,0,24,0],"v":{"t":[0,0]}},{"k":[21,0,0,20,0],"v":{"t":[0,0]}},{"k":[22,0,0,19,0],"v":{"t":[0,0]}},{"k":[23,0,0,18,0],"v":{"t":[0,0]}},{"k":[24,0,0,17,0],"v":{"t":[0,0]}},{"k":[16,0,0,25,0],"v":{"t":[0,0]}},{"k":[25,0,0,16,0],"v":{"t":[0,0]}},{"k":[21,0,0,21,0],"v":{"t":[0,0]}},{"k":[20,0,0,22,0],"v":{"t":[0,0]}},{"k":[19,0,0,23,0],"v":{"t":[0,0]}},{"k":[18,0,0,24,0],"v":{"t":[0,0]}},{"k":[22,0,0,20,0],"v":{"t":[0,0]}},{"k":[23,0,0,19,0],"v":{"t":[0,0]}},{"k":[24,0,0,18,0],"v":{"t":[0,0]}},{"k":[16,0,0,26,0],"v":{"t":[0,0]}},{"k":[17,0,0,25,0],"v":{"t":[0,0]}},{"k":[25,0,0,17,0],"v":{"t":[0,0]}},{"k":[26,0,0,16,0],"v":{"t":[0,0]}},{"k":[24,0,0,23,0],"v":{"t":[0,0]}},{"k":[23,0,0,24,0],"v":{"t":[0,0]}},{"k":[16,0,0,31,0],"v":{"t":[0,0]}},{"k":[17,0,0,30,0],"v":{"t":[0,0]}},{"k":[18,0,0,29,0],"v":{"t":[0,0]}},{"k":[19,0,0,28,0],"v":{"t":[0,0]}},{"k":[20,0,0,27,0],"v":{"t":[0,0]}},{"k":[21,0,0,26,0],"v":{"t":[0,0]}},{"k":[22,0,0,25,0],"v":{"t":[0,0]}},{"k":[25,0,0,22,0],"v":{"t":[0,0]}},{"k":[26,0,0,21,0],"v":{"t":[0,0]}},{"k":[27,0,0,20,0],"v":{"t":[0,0]}},{"k":[28,0,0,19,0],"v":{"t":[0,0]}},{"k":[29,0,0,18,0],"v":{"t":[0,0]}},{"k":[30,0,0,17,0],"v":{"t":[0,0]}},{"k":[31,0,0,16,0],"v":{"t":[0,0]}},{"k":[16,8,0,23,0],"v":{"t":[0,0]}},{"k":[24,0,0,24,0],"v":{"t":[0,0]}},{"k":[17,0,0,31,0],"v":{"t":[0,0]}},{"k":[18,0,0,30,0],"v":{"t":[0,0]}},{"k":[19,0,0,29,0],"v":{"t":[0,0]}},{"k":[20,0,0,28,0],"v":{"t":[0,0]}},{"k":[21,0,0,27,0],"v":{"t":[0,0]}},{"k":[22,0,0,26,0],"v":{"t":[0,0]}},{"k":[23,0,0,25,0],"v":{"t":[0,0]}},{"k":[25,0,0,23,0],"v":{"t":[0,0]}},{"k":[26,0,0,22,0],"v":{"t":[0,0]}},{"k":[27,0,0,21,0],"v":{"t":[0,0]}},{"k":[28,0,0,20,0],"v":{"t":[0,0]}},{"k":[29,0,0,19,0],"v":{"t":[0,0]}},{"k":[30,0,0,18,0],"v":{"t":[0,0]}},{"k":[31,0,0,17,0],"v":{"t":[0,0]}},{"k":[16,8,0,24,0],"v":{"t":[0,0]}},{"k":[24,0,0,21,0],"v":{"t":[0,0]}},{"k":[23,0,0,22,0],"v":{"t":[0,0]}},{"k":[22,0,0,23,0],"v":{"t":[0,0]}},{"k":[21,0,0,24,0],"v":{"t":[0,0]}},{"k":[16,0,0,29,0],"v":{"t":[0,0]}},{"k":[17,0,0,28,0],"v":{"t":[0,0]}},{"k":[18,0,0,27,0],"v":{"t":[0,0]}},{"k":[19,0,0,26,0],"v":{"t":[0,0]}},{"k":[20,0,0,25,0],"v":{"t":[0,0]}},{"k":[25,0,0,20,0],"v":{"t":[0,0]}},{"k":[26,0,0,19,0],"v":{"t":[0,0]}},{"k":[27,0,0,18,0],"v":{"t":[0,0]}},{"k":[28,0,0,17,0],"v":{"t":[0,0]}},{"k":[29,0,0,16,0],"v":{"t":[0,0]}},{"k":[20,8,0,17,0],"v":{"t":[0,0]}},{"k":[16,8,0,21,0],"v":{"t":[0,0]}},{"k":[24,0,0,22,0],"v":{"t":[0,0]}},{"k":[23,0,0,23,0],"v":{"t":[0,0]}},{"k":[22,0,0,24,0],"v":{"t":[0,0]}},{"k":[16,0,0,30,0],"v":{"t":[0,0]}},{"k":[17,0,0,29,0],"v":{"t":[0,0]}},{"k":[18,0,0,28,0],"v":{"t":[0,0]}},{"k":[19,0,0,27,0],"v":{"t":[0,0]}},{"k":[20,0,0,26,0],"v":{"t":[0,0]}},{"k":[21,0,0,25,0],"v":{"t":[0,0]}},{"k":[25,0,0,21,0],"v":{"t":[0,0]}},{"k":[26,0,0,20,0],"v":{"t":[0,0]}},{"k":[27,0,0,19,0],"v":{"t":[0,0]}},{"k":[28,0,0,18,0],"v":{"t":[0,0]}},{"k":[29,0,0,17,0],"v":{"t":[0,0]}},{"k":[30,0,0,16,0],"v":{"t":[0,0]}},{"k":[20,8,0,18,0],"v":{"t":[0,0]}},{"k":[16,8,0,22,0],"v":{"t":[0,0]}},{"k":[16,0,0,19,0],"v":{"t":[0,0]}},{"k":[17,0,0,18,0],"v":{"t":[0,0]}},{"k":[18,0,0,17,0],"v":{"t":[0,0]}},{"k":[19,0,0,16,0],"v":{"t":[0,0]}},{"k":[16,0,0,20,0],"v":{"t":[0,0]}},{"k":[17,0,0,19,0],"v":{"t":[0,0]}},{"k":[18,0,0,18,0],"v":{"t":[0,0]}},{"k":[19,0,0,17,0],"v":{"t":[0,0]}},{"k":[20,0,0,16,0],"v":{"t":[0,0]}},{"k":[16,0,0,17,0],"v":{"t":[0,0]}},{"k":[17,0,0,16,0],"v":{"t":[0,0]}},{"k":[16,0,0,18,0],"v":{"t":[0,0]}},{"k":[17,0,0,17,0],"v":{"t":[0,0]}},{"k":[18,0,0,16,0],"v":{"t":[0,0]}},{"k":[18,0,0,21,0],"v":{"t":[0,0]}},{"k":[17,0,0,22,0],"v":{"t":[0,0]}},{"k":[16,0,0,23,0],"v":{"t":[0,0]}},{"k":[19,0,0,20,0],"v":{"t":[0,0]}},{"k":[20,0,0,19,0],"v":{"t":[0,0]}},{"k":[21,0,0,18,0],"v":{"t":[0,0]}},{"k":[22,0,0,17,0],"v":{"t":[0,0]}},{"k":[23,0,0,16,0],"v":{"t":[0,0]}},{"k":[19,0,0,21,0],"v":{"t":[0,0]}},{"k":[18,0,0,22,0],"v":{"t":[0,0]}},{"k":[17,0,0,23,0],"v":{"t":[0,0]}},{"k":[16,0,0,24,0],"v":{"t":[0,0]}},{"k":[20,0,0,20,0],"v":{"t":[0,0]}},{"k":[21,0,0,19,0],"v":{"t":[0,0]}},{"k":[22,0,0,18,0],"v":{"t":[0,0]}},{"k":[23,0,0,17,0],"v":{"t":[0,0]}},{"k":[24,0,0,16,0],"v":{"t":[0,0]}},{"k":[16,8,0,16,0],"v":{"t":[0,0]}},{"k":[16,0,0,21,0],"v":{"t":[0,0]}},{"k":[17,0,0,20,0],"v":{"t":[0,0]}},{"k":[18,0,0,19,0],"v":{"t":[0,0]}},{"k":[19,0,0,18,0],"v":{"t":[0,0]}},{"k":[20,0,0,17,0],"v":{"t":[0,0]}},{"k":[21,0,0,16,0],"v":{"t":[0,0]}},{"k":[17,0,0,21,0],"v":{"t":[0,0]}},{"k":[16,0,0,22,0],"v":{"t":[0,0]}},{"k":[18,0,0,20,0],"v":{"t":[0,0]}},{"k":[19,0,0,19,0],"v":{"t":[0,0]}},{"k":[20,0,0,18,0],"v":{"t":[0,0]}},{"k":[21,0,0,17,0],"v":{"t":[0,0]}},{"k":[22,0,0,16,0],"v":{"t":[0,0]}},{"k":[16,0,0,16,0],"v":{"t":[0,0]}}]},"moun":{"a":[{"k":[28,0,0,31,0],"v":{"b":true,"hs":8,"l":true,"r":true,"sid":5,"t":true}},{"k":[30,0,0,29,0],"v":{"b":true,"hs":8,"l":true,"r":true,"sid":5}},{"k":[29,0,0,30,0],"v":{"b":true,"hs":8,"l":true,"r":true,"sid":5,"t":true}},{"k":[29,0,0,31,0],"v":{"b":true,"hs":8,"l":true,"r":true,"sid":5,"t":true}},{"k":[31,0,0,29,0],"v":{"b":true,"hs":8,"l":true,"r":true,"sid":5}},{"k":[30,0,0,30,0],"v":{"b":true,"hs":8,"l":true,"r":true,"sid":5,"t":true}},{"k":[26,0,0,31,0],"v":{"b":true,"hs":8,"l":true,"r":true,"sid":5,"t":true}},{"k":[28,0,0,29,0],"v":{"b":true,"hs":8,"l":true,"r":true,"sid":5}},{"k":[27,0,0,30,0],"v":{"b":true,"hs":8,"l":true,"r":true,"sid":5,"t":true}},{"k":[27,0,0,31,0],"v":{"b":true,"hs":8,"l":true,"r":true,"sid":5,"t":true}},{"k":[29,0,0,29,0],"v":{"b":true,"hs":8,"l":true,"r":true,"sid":5}},{"k":[28,0,0,30,0],"v":{"b":true,"hs":8,"l":true,"r":true,"sid":5,"t":true}},{"k":[30,0,0,31,0],"v":{"b":true,"hs":8,"l":true,"r":true,"sid":5,"t":true}},{"k":[31,0,0,30,0],"v":{"b":true,"hs":8,"l":true,"r":true,"sid":5,"t":true}},{"k":[31,0,0,31,0],"v":{"b":true,"hs":8,"l":true,"r":true,"sid":5,"t":true}},{"k":[20,0,0,31,0],"v":{"b":true,"hs":8,"r":true,"sid":5,"t":true}},{"k":[31,0,0,20,0],"v":{"hs":8,"l":true,"r":true,"sid":5}},{"k":[22,0,0,29,0],"v":{"b":true,"hs":8,"l":true,"r":true,"sid":5}},{"k":[26,0,0,25,0],"v":{"hs":8,"l":true,"r":true,"sid":5}},{"k":[21,0,0,30,0],"v":{"b":true,"hs":8,"l":true,"r":true,"sid":5,"t":true}},{"k":[27,0,0,25,0],"v":{"hs":8,"l":true,"r":true,"sid":5}},{"k":[21,0,0,31,0],"v":{"b":true,"hs":8,"l":true,"r":true,"sid":5,"t":true}},{"k":[22,0,0,30,0],"v":{"b":true,"hs":8,"l":true,"r":true,"sid":5,"t":true}},{"k":[23,0,0,29,0],"v":{"b":true,"hs":8,"l":true,"r":true,"sid":5}},{"k":[20,0,0,29,0],"v":{"b":true,"hs":8,"r":true,"sid":5}},{"k":[24,0,0,25,0],"v":{"hs":8,"l":true,"r":true,"sid":5}},{"k":[29,0,0,20,0],"v":{"hs":8,"l":true,"r":true,"sid":5,"t":true}},{"k":[20,0,0,30,0],"v":{"b":true,"hs":8,"r":true,"sid":5,"t":true}},{"k":[25,0,0,25,0],"v":{"hs":8,"l":true,"r":true,"sid":5}},{"k":[30,0,0,20,0],"v":{"hs":8,"l":true,"r":true,"sid":5}},{"k":[21,0,0,29,0],"v":{"b":true,"hs":8,"l":true,"r":true,"sid":5}},{"k":[24,0,0,31,0],"v":{"b":true,"hs":8,"l":true,"r":true,"sid":5,"t":true}},{"k":[26,0,0,29,0],"v":{"b":true,"hs":8,"l":true,"r":true,"sid":5}},{"k":[25,0,0,30,0],"v":{"b":true,"hs":8,"l":true,"r":true,"sid":5,"t":true}},{"k":[25,0,0,31,0],"v":{"b":true,"hs":8,"l":true,"r":true,"sid":5,"t":true}},{"k":[27,0,0,29,0],"v":{"b":true,"hs":8,"l":true,"r":true,"sid":5}},{"k":[26,0,0,30,0],"v":{"b":true,"hs":8,"l":true,"r":true,"sid":5,"t":true}},{"k":[28,0,0,25,0],"v":{"hs":8,"l":true,"r":true,"sid":5}},{"k":[22,0,0,31,0],"v":{"b":true,"hs":8,"l":true,"r":true,"sid":5,"t":true}},{"k":[23,0,0,30,0],"v":{"b":true,"hs":8,"l":true,"r":true,"sid":5,"t":true}},{"k":[24,0,0,29,0],"v":{"b":true,"hs":8,"l":true,"r":true,"sid":5}},{"k":[29,0,0,25,0],"v":{"hs":8,"l":true,"sid":5}},{"k":[23,0,0,31,0],"v":{"b":true,"hs":8,"l":true,"r":true,"sid":5,"t":true}},{"k":[25,0,0,29,0],"v":{"b":true,"hs":8,"l":true,"r":true,"sid":5}},{"k":[24,0,0,30,0],"v":{"b":true,"hs":8,"l":true,"r":true,"sid":5,"t":true}},{"k":[20,0,0,23,0],"v":{"b":true,"hs":8,"sid":5,"t":true}},{"k":[16,0,0,27,0],"v":{"b":true,"hs":8,"sid":5,"t":true}},{"k":[20,0,0,24,0],"v":{"b":true,"hs":8,"sid":5,"t":true}},{"k":[24,0,0,20,0],"v":{"hs":8,"r":true,"sid":5}},{"k":[16,0,0,28,0],"v":{"b":true,"hs":8,"sid":5,"t":true}},{"k":[16,0,0,25,0],"v":{"b":true,"hs":8,"sid":5,"t":true}},{"k":[20,0,0,22,0],"v":{"b":true,"hs":8,"sid":5}},{"k":[16,0,0,26,0],"v":{"b":true,"hs":8,"sid":5,"t":true}},{"k":[22,0,0,25,0],"v":{"hs":8,"l":true,"r":true,"sid":5}},{"k":[29,0,0,18,0],"v":{"b":true,"hs":8,"sid":5,"t":true}},{"k":[27,0,0,20,0],"v":{"hs":8,"l":true,"r":true,"sid":5}},{"k":[16,0,0,31,0],"v":{"b":true,"hs":8,"sid":5,"t":true}},{"k":[23,0,0,25,0],"v":{"hs":8,"l":true,"r":true,"sid":5}},{"k":[29,0,0,19,0],"v":{"b":true,"hs":8,"sid":5,"t":true}},{"k":[28,0,0,20,0],"v":{"hs":8,"l":true,"r":true,"sid":5}},{"k":[20,0,0,25,0],"v":{"hs":8,"r":true,"sid":5,"t":true}},{"k":[29,0,0,16,0],"v":{"b":true,"hs":8,"sid":5,"t":true}},{"k":[25,0,0,20,0],"v":{"hs":8,"l":true,"r":true,"sid":5}},{"k":[16,0,0,29,0],"v":{"b":true,"hs":8,"sid":5,"t":true}},{"k":[21,0,0,25,0],"v":{"hs":8,"l":true,"r":true,"sid":5}},{"k":[29,0,0,17,0],"v":{"b":true,"hs":8,"sid":5,"t":true}},{"k":[26,0,0,20,0],"v":{"hs":8,"l":true,"r":true,"sid":5}},{"k":[16,0,0,30,0],"v":{"b":true,"hs":8,"sid":5,"t":true}},{"k":[20,0,0,16,0],"v":{"b":true,"hs":8,"sid":5,"t":true}},{"k":[16,0,0,23,0],"v":{"b":true,"hs":8,"sid":5,"t":true}},{"k":[16,0,0,24,0],"v":{"b":true,"hs":8,"sid":5,"t":true}},{"k":[20,0,0,17,0],"v":{"b":true,"hs":8,"sid":5,"t":true}},{"k":[16,0,0,21,0],"v":{"b":true,"hs":8,"sid":5}},{"k":[20,0,0,18,0],"v":{"hs":8,"sid":5,"t":true}},{"k":[16,0,0,22,0],"v":{"b":true,"hs":8,"sid":5,"t":true}},{"k":[16,0,0,16,0],"v":{"hs":8,"l":true,"sid":5,"t":true}}],"o":[]},"objs":{"list":[]},"objs3d":{"a":[],"o":[]},"sprites":{"list":[{"k":[30,0,0,29,0],"v":{"k":4,"t":[7,8,1,1]}},{"k":[31,0,0,28,0],"v":{"k":4,"t":[7,8,1,1]}},{"k":[30,0,0,30,0],"v":{"f":false,"k":4,"t":[7,8,1,1]}},{"k":[27,0,0,30,0],"v":{"f":false,"k":4,"t":[6,8,1,1]}},{"k":[26,0,0,31,0],"v":{"f":false,"k":4,"t":[6,8,1,1]}},{"k":[27,0,0,31,0],"v":{"f":false,"k":4,"t":[6,8,1,1]}},{"k":[30,0,0,28,0],"v":{"k":4,"t":[7,8,1,1]}},{"k":[31,0,0,27,0],"v":{"k":4,"t":[7,8,1,1]}},{"k":[31,0,0,30,0],"v":{"k":4,"t":[7,8,1,1]}},{"k":[31,0,0,31,0],"v":{"f":false,"k":4,"t":[7,8,1,1]}},{"k":[31,0,0,20,0],"v":{"k":4,"t":[6,8,1,1]}},{"k":[26,0,0,25,0],"v":{"k":4,"t":[6,8,1,1]}},{"k":[23,0,0,28,0],"v":{"k":4,"t":[6,8,1,1]}},{"k":[24,0,0,27,0],"v":{"f":false,"k":4,"t":[7,8,1,1]}},{"k":[28,0,0,23,0],"v":{"f":false,"k":4,"t":[7,8,1,1]}},{"k":[22,0,0,29,0],"v":{"k":4,"t":[7,8,1,1]}},{"k":[25,0,0,26,0],"v":{"k":4,"t":[7,8,1,1]}},{"k":[27,0,0,24,0],"v":{"k":4,"t":[7,8,1,1]}},{"k":[29,0,0,22,0],"v":{"k":4,"t":[7,8,1,1]}},{"k":[31,0,0,21,0],"v":{"f":false,"k":4,"t":[6,8,1,1]}},{"k":[24,0,0,28,0],"v":{"k":4,"t":[6,8,1,1]}},{"k":[22,0,0,30,0],"v":{"k":4,"t":[6,8,1,1]}},{"k":[21,0,0,31,0],"v":{"f":false,"k":4,"t":[6,8,1,1]}},{"k":[23,0,0,29,0],"v":{"k":4,"t":[7,8,1,1]}},{"k":[25,0,0,27,0],"v":{"k":4,"t":[7,8,1,1]}},{"k":[26,0,0,26,0],"v":{"k":4,"t":[7,8,1,1]}},{"k":[27,0,0,25,0],"v":{"k":4,"t":[7,8,1,1]}},{"k":[28,0,0,24,0],"v":{"k":4,"t":[7,8,1,1]}},{"k":[30,0,0,22,0],"v":{"k":4,"t":[7,8,1,1]}},{"k":[29,0,0,23,0],"v":{"k":4,"t":[7,8,1,1]}},{"k":[29,0,0,20,0],"v":{"k":4,"t":[6,8,1,1]}},{"k":[30,0,0,19,0],"v":{"k":4,"t":[6,8,1,1]}},{"k":[21,0,0,28,0],"v":{"k":4,"t":[6,8,1,1]}},{"k":[18,0,0,31,0],"v":{"k":4,"t":[6,8,1,1]}},{"k":[27,0,0,22,0],"v":{"f":false,"k":4,"t":[6,8,1,1]}},{"k":[22,0,0,27,0],"v":{"f":false,"k":4,"t":[7,8,1,1]}},{"k":[28,0,0,21,0],"v":{"k":4,"t":[7,8,1,1]}},{"k":[19,0,0,30,0],"v":{"k":4,"t":[7,8,1,1]}},{"k":[20,0,0,29,0],"v":{"k":4,"t":[7,8,1,1]}},{"k":[25,0,0,24,0],"v":{"k":4,"t":[7,8,1,1]}},{"k":[26,0,0,23,0],"v":{"k":4,"t":[7,8,1,1]}},{"k":[29,0,0,21,0],"v":{"f":false,"k":4,"t":[6,8,1,1]}},{"k":[31,0,0,19,0],"v":{"k":4,"t":[6,8,1,1]}},{"k":[30,0,0,20,0],"v":{"k":4,"t":[6,8,1,1]}},{"k":[26,0,0,24,0],"v":{"k":4,"t":[6,8,1,1]}},{"k":[20,0,0,30,0],"v":{"k":4,"t":[6,8,1,1]}},{"k":[23,0,0,27,0],"v":{"f":false,"k":4,"t":[7,8,1,1]}},{"k":[28,0,0,22,0],"v":{"f":false,"k":4,"t":[7,8,1,1]}},{"k":[19,0,0,31,0],"v":{"k":4,"t":[7,8,1,1]}},{"k":[21,0,0,29,0],"v":{"k":4,"t":[7,8,1,1]}},{"k":[25,0,0,25,0],"v":{"k":4,"t":[7,8,1,1]}},{"k":[27,0,0,23,0],"v":{"k":4,"t":[7,8,1,1]}},{"k":[24,0,0,31,0],"v":{"f":false,"k":4,"t":[6,8,1,1]}},{"k":[26,0,0,29,0],"v":{"f":false,"k":4,"t":[6,8,1,1]}},{"k":[25,0,0,30,0],"v":{"k":4,"t":[7,8,1,1]}},{"k":[28,0,0,27,0],"v":{"f":false,"k":4,"t":[7,8,1,1]}},{"k":[31,0,0,24,0],"v":{"k":4,"t":[7,8,1,1]}},{"k":[30,0,0,25,0],"v":{"k":4,"t":[7,8,1,1]}},{"k":[31,0,0,25,0],"v":{"f":false,"k":4,"t":[6,8,1,1]}},{"k":[25,0,0,31,0],"v":{"f":false,"k":4,"t":[6,8,1,1]}},{"k":[30,0,0,26,0],"v":{"k":4,"t":[7,8,1,1]}},{"k":[30,0,0,23,0],"v":{"f":false,"k":4,"t":[6,8,1,1]}},{"k":[31,0,0,22,0],"v":{"f":false,"k":4,"t":[6,8,1,1]}},{"k":[26,0,0,27,0],"v":{"k":4,"t":[6,8,1,1]}},{"k":[24,0,0,29,0],"v":{"f":false,"k":4,"t":[6,8,1,1]}},{"k":[23,0,0,30,0],"v":{"f":false,"k":4,"t":[6,8,1,1]}},{"k":[25,0,0,28,0],"v":{"k":4,"t":[7,8,1,1]}},{"k":[27,0,0,26,0],"v":{"k":4,"t":[7,8,1,1]}},{"k":[29,0,0,24,0],"v":{"k":4,"t":[7,8,1,1]}},{"k":[30,0,0,24,0],"v":{"f":false,"k":4,"t":[6,8,1,1]}},{"k":[26,0,0,28,0],"v":{"f":false,"k":4,"t":[6,8,1,1]}},{"k":[23,0,0,31,0],"v":{"k":4,"t":[6,8,1,1]}},{"k":[24,0,0,30,0],"v":{"k":4,"t":[7,8,1,1]}},{"k":[25,0,0,29,0],"v":{"k":4,"t":[7,8,1,1]}},{"k":[28,0,0,26,0],"v":{"k":4,"t":[7,8,1,1]}},{"k":[29,0,0,25,0],"v":{"k":4,"t":[7,8,1,1]}},{"k":[31,0,0,23,0],"v":{"k":4,"t":[7,8,1,1]}},{"k":[27,0,0,16,0],"v":{"k":4,"t":[6,8,1,1]}},{"k":[26,0,0,17,0],"v":{"f":false,"k":4,"t":[6,8,1,1]}},{"k":[22,0,0,21,0],"v":{"k":4,"t":[7,8,1,1]}},{"k":[25,0,0,18,0],"v":{"f":false,"k":4,"t":[7,8,1,1]}},{"k":[20,0,0,23,0],"v":{"f":false,"k":4,"t":[7,8,1,1]}},{"k":[19,0,0,24,0],"v":{"f":false,"k":4,"t":[7,8,1,1]}},{"k":[16,0,0,27,0],"v":{"f":false,"k":4,"t":[7,8,1,1]}},{"k":[17,0,0,26,0],"v":{"f":false,"k":4,"t":[7,8,1,1]}},{"k":[18,0,0,25,0],"v":{"f":false,"k":4,"t":[7,8,1,1]}},{"k":[24,0,0,19,0],"v":{"k":4,"t":[7,8,1,1]}},{"k":[23,0,0,20,0],"v":{"k":4,"t":[7,8,1,1]}},{"k":[27,0,0,17,0],"v":{"f":false,"k":4,"t":[6,8,1,1]}},{"k":[26,0,0,18,0],"v":{"f":false,"k":4,"t":[7,8,1,1]}},{"k":[28,0,0,16,0],"v":{"k":4,"t":[7,8,1,1]}},{"k":[20,0,0,24,0],"v":{"f":false,"k":4,"t":[7,8,1,1]}},{"k":[18,0,0,26,0],"v":{"f":false,"k":4,"t":[7,8,1,1]}},{"k":[17,0,0,27,0],"v":{"k":4,"t":[7,8,1,1]}},{"k":[24,0,0,20,0],"v":{"k":4,"t":[7,8,1,1]}},{"k":[23,0,0,21,0],"v":{"k":4,"t":[7,8,1,1]}},{"k":[20,0,0,21,0],"v":{"f":false,"k":4,"t":[6,8,1,1]}},{"k":[21,0,0,20,0],"v":{"k":4,"t":[7,8,1,1]}},{"k":[25,0,0,16,0],"v":{"k":4,"t":[7,8,1,1]}},{"k":[24,0,0,17,0],"v":{"f":false,"k":4,"t":[7,8,1,1]}},{"k":[19,0,0,22,0],"v":{"f":false,"k":4,"t":[7,8,1,1]}},{"k":[18,0,0,23,0],"v":{"k":4,"t":[7,8,1,1]}},{"k":[17,0,0,24,0],"v":{"f":false,"k":4,"t":[7,8,1,1]}},{"k":[22,0,0,19,0],"v":{"k":4,"t":[7,8,1,1]}},{"k":[20,0,0,22,0],"v":{"f":false,"k":4,"t":[6,8,1,1]}},{"k":[26,0,0,16,0],"v":{"f":false,"k":4,"t":[6,8,1,1]}},{"k":[21,0,0,21,0],"v":{"k":4,"t":[7,8,1,1]}},{"k":[22,0,0,20,0],"v":{"k":4,"t":[7,8,1,1]}},{"k":[25,0,0,17,0],"v":{"k":4,"t":[7,8,1,1]}},{"k":[17,0,0,25,0],"v":{"f":false,"k":4,"t":[7,8,1,1]}},{"k":[18,0,0,24,0],"v":{"k":4,"t":[7,8,1,1]}},{"k":[16,0,0,26,0],"v":{"k":4,"t":[7,8,1,1]}},{"k":[23,0,0,19,0],"v":{"k":4,"t":[7,8,1,1]}},{"k":[18,0,0,29,0],"v":{"k":4,"t":[7,8,1,1]}},{"k":[20,0,0,27,0],"v":{"f":false,"k":4,"t":[7,8,1,1]}},{"k":[28,0,0,19,0],"v":{"f":false,"k":4,"t":[7,8,1,1]}},{"k":[19,0,0,28,0],"v":{"f":false,"k":4,"t":[7,8,1,1]}},{"k":[24,0,0,23,0],"v":{"k":4,"t":[7,8,1,1]}},{"k":[27,0,0,20,0],"v":{"k":4,"t":[7,8,1,1]}},{"k":[26,0,0,21,0],"v":{"k":4,"t":[7,8,1,1]}},{"k":[25,0,0,22,0],"v":{"k":4,"t":[7,8,1,1]}},{"k":[29,0,0,19,0],"v":{"k":4,"t":[6,8,1,1]}},{"k":[28,0,0,20,0],"v":{"f":false,"k":4,"t":[6,8,1,1]}},{"k":[20,0,0,28,0],"v":{"k":4,"t":[6,8,1,1]}},{"k":[17,0,0,31,0],"v":{"k":4,"t":[6,8,1,1]}},{"k":[27,0,0,21,0],"v":{"f":false,"k":4,"t":[6,8,1,1]}},{"k":[18,0,0,30,0],"v":{"f":false,"k":4,"t":[7,8,1,1]}},{"k":[21,0,0,27,0],"v":{"f":false,"k":4,"t":[7,8,1,1]}},{"k":[24,0,0,24,0],"v":{"k":4,"t":[7,8,1,1]}},{"k":[25,0,0,23,0],"v":{"k":4,"t":[7,8,1,1]}},{"k":[26,0,0,22,0],"v":{"k":4,"t":[7,8,1,1]}},{"k":[28,0,0,17,0],"v":{"k":4,"t":[6,8,1,1]}},{"k":[27,0,0,18,0],"v":{"k":4,"t":[6,8,1,1]}},{"k":[26,0,0,19,0],"v":{"f":false,"k":4,"t":[6,8,1,1]}},{"k":[17,0,0,28,0],"v":{"k":4,"t":[7,8,1,1]}},{"k":[19,0,0,26,0],"v":{"k":4,"t":[7,8,1,1]}},{"k":[23,0,0,22,0],"v":{"k":4,"t":[7,8,1,1]}},{"k":[16,0,0,30,0],"v":{"k":4,"t":[6,8,1,1]}},{"k":[26,0,0,20,0],"v":{"f":false,"k":4,"t":[6,8,1,1]}},{"k":[21,0,0,25,0],"v":{"f":false,"k":4,"t":[7,8,1,1]}},{"k":[19,0,0,27,0],"v":{"f":false,"k":4,"t":[7,8,1,1]}},{"k":[18,0,0,28,0],"v":{"k":4,"t":[7,8,1,1]}},{"k":[24,0,0,22,0],"v":{"k":4,"t":[7,8,1,1]}},{"k":[30,0,0,16,0],"v":{"k":4,"t":[7,8,1,1]}},{"k":[29,0,0,17,0],"v":{"k":4,"t":[7,8,1,1]}},{"k":[28,0,0,18,0],"v":{"k":4,"t":[7,8,1,1]}},{"k":[27,0,0,19,0],"v":{"k":4,"t":[7,8,1,1]}},{"k":[25,0,0,21,0],"v":{"k":4,"t":[7,8,1,1]}},{"k":[18,0,0,17,0],"v":{"f":false,"k":4,"t":[6,8,1,1]}},{"k":[16,0,0,19,0],"v":{"k":4,"t":[7,8,1,1]}},{"k":[17,0,0,19,0],"v":{"f":false,"k":4,"t":[6,8,1,1]}},{"k":[19,0,0,17,0],"v":{"f":false,"k":4,"t":[6,8,1,1]}},{"k":[18,0,0,18,0],"v":{"f":false,"k":4,"t":[7,8,1,1]}},{"k":[16,0,0,20,0],"v":{"k":4,"t":[7,8,1,1]}},{"k":[17,0,0,16,0],"v":{"f":false,"k":4,"t":[7,8,1,1]}},{"k":[18,0,0,16,0],"v":{"k":4,"t":[6,8,1,1]}},{"k":[17,0,0,17,0],"v":{"f":false,"k":4,"t":[7,8,1,1]}},{"k":[16,0,0,18,0],"v":{"k":4,"t":[7,8,1,1]}},{"k":[19,0,0,20,0],"v":{"f":false,"k":4,"t":[7,8,1,1]}},{"k":[18,0,0,21,0],"v":{"f":false,"k":4,"t":[7,8,1,1]}},{"k":[20,0,0,19,0],"v":{"f":false,"k":4,"t":[6,8,1,1]}},{"k":[23,0,0,16,0],"v":{"f":false,"k":4,"t":[7,8,1,1]}},{"k":[17,0,0,22,0],"v":{"f":false,"k":4,"t":[7,8,1,1]}},{"k":[22,0,0,17,0],"v":{"k":4,"t":[7,8,1,1]}},{"k":[20,0,0,20,0],"v":{"f":false,"k":4,"t":[6,8,1,1]}},{"k":[24,0,0,16,0],"v":{"f":false,"k":4,"t":[7,8,1,1]}},{"k":[19,0,0,21,0],"v":{"f":false,"k":4,"t":[7,8,1,1]}},{"k":[17,0,0,23,0],"v":{"f":false,"k":4,"t":[7,8,1,1]}},{"k":[22,0,0,18,0],"v":{"k":4,"t":[7,8,1,1]}},{"k":[22,0,0,15,0],"v":{"k":4,"t":[7,8,1,1]}},{"k":[16,0,0,21,0],"v":{"f":false,"k":4,"t":[6,8,1,1]}},{"k":[19,0,0,18,0],"v":{"f":false,"k":4,"t":[6,8,1,1]}},{"k":[18,0,0,19,0],"v":{"f":false,"k":4,"t":[7,8,1,1]}},{"k":[18,0,0,20,0],"v":{"f":false,"k":4,"t":[7,8,1,1]}},{"k":[16,0,0,22,0],"v":{"f":false,"k":4,"t":[7,8,1,1]}},{"k":[17,0,0,21,0],"v":{"k":4,"t":[7,8,1,1]}},{"k":[22,0,0,16,0],"v":{"k":4,"t":[7,8,1,1]}}],"overflow":[],"walls":[]}}