{"lands":{"autotiles":[],"floors":[{"k":[39,4,0,15,0],"v":{"t":[0,0]}},{"k":[37,8,0,13,0],"v":{"t":[0,0]}},{"k":[39,4,0,14,0],"v":{"t":[0,0]}},{"k":[36,8,0,13,0],"v":{"t":[0,0]}},{"k":[38,8,0,13,0],"v":{"t":[0,0]}},{"k":[32,0,0,10,0],"v":{"t":[0,0]}},{"k":[33,0,0,9,0],"v":{"t":[0,0]}},{"k":[34,0,0,8,0],"v":{"t":[0,0]}},{"k":[35,0,0,7,0],"v":{"t":[0,0]}},{"k":[36,0,0,6,0],"v":{"t":[0,0]}},{"k":[37,0,0,5,0],"v":{"t":[0,0]}},{"k":[38,0,0,4,0],"v":{"t":[0,0]}},{"k":[39,0,0,3,0],"v":{"t":[0,0]}},{"k":[38,4,0,0,0],"v":{"t":[0,0]}},{"k":[32,8,0,2,0],"v":{"t":[0,0]}},{"k":[32,0,0,9,0],"v":{"t":[0,0]}},{"k":[33,0,0,8,0],"v":{"t":[0,0]}},{"k":[34,0,0,7,0],"v":{"t":[0,0]}},{"k":[35,0,0,6,0],"v":{"t":[0,0]}},{"k":[36,0,0,5,0],"v":{"t":[0,0]}},{"k":[37,0,0,4,0],"v":{"t":[0,0]}},{"k":[38,0,0,3,0],"v":{"t":[0,0]}},{"k":[39,0,0,2,0],"v":{"t":[0,0]}},{"k":[37,4,0,0,0],"v":{"t":[0,0]}},{"k":[32,0,0,12,0],"v":{"t":[0,0]}},{"k":[33,0,0,11,0],"v":{"t":[0,0]}},{"k":[34,0,0,10,0],"v":{"t":[0,0]}},{"k":[35,0,0,9,0],"v":{"t":[0,0]}},{"k":[36,0,0,8,0],"v":{"t":[0,0]}},{"k":[37,0,0,7,0],"v":{"t":[0,0]}},{"k":[38,0,0,6,0],"v":{"t":[0,0]}},{"k":[39,0,0,5,0],"v":{"t":[0,0]}},{"k":[39,4,0,1,0],"v":{"t":[0,0]}},{"k":[34,8,0,2,0],"v":{"t":[0,0]}},{"k":[32,0,0,11,0],"v":{"t":[0,0]}},{"k":[33,0,0,10,0],"v":{"t":[0,0]}},{"k":[34,0,0,9,0],"v":{"t":[0,0]}},{"k":[35,0,0,8,0],"v":{"t":[0,0]}},{"k":[36,0,0,7,0],"v":{"t":[0,0]}},{"k":[37,0,0,6,0],"v":{"t":[0,0]}},{"k":[38,0,0,5,0],"v":{"t":[0,0]}},{"k":[39,0,0,4,0],"v":{"t":[0,0]}},{"k":[39,4,0,0,0],"v":{"t":[0,0]}},{"k":[33,8,0,2,0],"v":{"t":[0,0]}},{"k":[32,0,0,14,0],"v":{"t":[0,0]}},{"k":[33,0,0,13,0],"v":{"t":[0,0]}},{"k":[34,0,0,12,0],"v":{"t":[0,0]}},{"k":[35,0,0,11,0],"v":{"t":[0,0]}},{"k":[36,0,0,10,0],"v":{"t":[0,0]}},{"k":[37,0,0,9,0],"v":{"t":[0,0]}},{"k":[38,0,0,8,0],"v":{"t":[0,0]}},{"k":[39,0,0,7,0],"v":{"t":[0,0]}},{"k":[39,4,0,3,0],"v":{"t":[0,0]}},{"k":[36,8,0,2,0],"v":{"t":[0,0]}},{"k":[32,0,0,13,0],"v":{"t":[0,0]}},{"k":[33,0,0,12,0],"v":{"t":[0,0]}},{"k":[34,0,0,11,0],"v":{"t":[0,0]}},{"k":[35,0,0,10,0],"v":{"t":[0,0]}},{"k":[36,0,0,9,0],"v":{"t":[0,0]}},{"k":[37,0,0,8,0],"v":{"t":[0,0]}},{"k":[38,0,0,7,0],"v":{"t":[0,0]}},{"k":[39,0,0,6,0],"v":{"t":[0,0]}},{"k":[39,4,0,2,0],"v":{"t":[0,0]}},{"k":[35,8,0,2,0],"v":{"t":[0,0]}},{"k":[33,0,0,15,0],"v":{"t":[0,0]}},{"k":[34,0,0,14,0],"v":{"t":[0,0]}},{"k":[35,0,0,13,0],"v":{"t":[0,0]}},{"k":[36,0,0,12,0],"v":{"t":[0,0]}},{"k":[37,0,0,11,0],"v":{"t":[0,0]}},{"k":[38,0,0,10,0],"v":{"t":[0,0]}},{"k":[39,0,0,9,0],"v":{"t":[0,0]}},{"k":[39,4,0,5,0],"v":{"t":[0,0]}},{"k":[36,8,0,4,0],"v":{"t":[0,0]}},{"k":[32,0,0,15,0],"v":{"t":[0,0]}},{"k":[33,0,0,14,0],"v":{"t":[0,0]}},{"k":[34,0,0,13,0],"v":{"t":[0,0]}},{"k":[35,0,0,12,0],"v":{"t":[0,0]}},{"k":[36,0,0,11,0],"v":{"t":[0,0]}},{"k":[37,0,0,10,0],"v":{"t":[0,0]}},{"k":[38,0,0,9,0],"v":{"t":[0,0]}},{"k":[39,0,0,8,0],"v":{"t":[0,0]}},{"k":[39,4,0,4,0],"v":{"t":[0,0]}},{"k":[36,8,0,3,0],"v":{"t":[0,0]}},{"k":[35,0,0,15,0],"v":{"t":[0,0]}},{"k":[36,0,0,14,0],"v":{"t":[0,0]}},{"k":[37,0,0,13,0],"v":{"t":[0,0]}},{"k":[38,0,0,12,0],"v":{"t":[0,0]}},{"k":[39,0,0,11,0],"v":{"t":[0,0]}},{"k":[39,4,0,7,0],"v":{"t":[0,0]}},{"k":[36,8,0,6,0],"v":{"t":[0,0]}},{"k":[34,0,0,15,0],"v":{"t":[0,0]}},{"k":[35,0,0,14,0],"v":{"t":[0,0]}},{"k":[36,0,0,13,0],"v":{"t":[0,0]}},{"k":[37,0,0,12,0],"v":{"t":[0,0]}},{"k":[38,0,0,11,0],"v":{"t":[0,0]}},{"k":[39,0,0,10,0],"v":{"t":[0,0]}},{"k":[39,4,0,6,0],"v":{"t":[0,0]}},{"k":[36,8,0,5,0],"v":{"t":[0,0]}},{"k":[37,0,0,15,0],"v":{"t":[0,0]}},{"k":[38,0,0,14,0],"v":{"t":[0,0]}},{"k":[39,0,0,13,0],"v":{"t":[0,0]}},{"k":[39,4,0,9,0],"v":{"t":[0,0]}},{"k":[33,8,0,11,0],"v":{"t":[0,0]}},{"k":[36,8,0,8,0],"v":{"t":[0,0]}},{"k":[36,0,0,15,0],"v":{"t":[0,0]}},{"k":[37,0,0,14,0],"v":{"t":[0,0]}},{"k":[38,0,0,13,0],"v":{"t":[0,0]}},{"k":[39,0,0,12,0],"v":{"t":[0,0]}},{"k":[39,4,0,8,0],"v":{"t":[0,0]}},{"k":[36,8,0,7,0],"v":{"t":[0,0]}},{"k":[39,0,0,15,0],"v":{"t":[0,0]}},{"k":[39,4,0,11,0],"v":{"t":[0,0]}},{"k":[33,8,0,13,0],"v":{"t":[0,0]}},{"k":[35,8,0,11,0],"v":{"t":[0,0]}},{"k":[36,8,0,10,0],"v":{"t":[0,0]}},{"k":[38,0,0,15,0],"v":{"t":[0,0]}},{"k":[39,0,0,14,0],"v":{"t":[0,0]}},{"k":[39,4,0,10,0],"v":{"t":[0,0]}},{"k":[33,8,0,12,0],"v":{"t":[0,0]}},{"k":[34,8,0,11,0],"v":{"t":[0,0]}},{"k":[36,8,0,9,0],"v":{"t":[0,0]}},{"k":[39,4,0,13,0],"v":{"t":[0,0]}},{"k":[35,8,0,13,0],"v":{"t":[0,0]}},{"k":[33,8,0,15,0],"v":{"t":[0,0]}},{"k":[39,4,0,12,0],"v":{"t":[0,0]}},{"k":[34,8,0,13,0],"v":{"t":[0,0]}},{"k":[33,8,0,14,0],"v":{"t":[0,0]}},{"k":[36,8,0,11,0],"v":{"t":[0,0]}},{"k":[32,0,0,0,0],"v":{"t":[0,0]}},{"k":[32,0,0,2,0],"v":{"t":[0,0]}},{"k":[33,0,0,1,0],"v":{"t":[0,0]}},{"k":[34,0,0,0,0],"v":{"t":[0,0]}},{"k":[32,0,0,1,0],"v":{"t":[0,0]}},{"k":[33,0,0,0,0],"v":{"t":[0,0]}},{"k":[32,0,0,4,0],"v":{"t":[0,0]}},{"k":[33,0,0,3,0],"v":{"t":[0,0]}},{"k":[34,0,0,2,0],"v":{"t":[0,0]}},{"k":[35,0,0,1,0],"v":{"t":[0,0]}},{"k":[36,0,0,0,0],"v":{"t":[0,0]}},{"k":[32,4,0,0,0],"v":{"t":[0,0]}},{"k":[32,0,0,3,0],"v":{"t":[0,0]}},{"k":[33,0,0,2,0],"v":{"t":[0,0]}},{"k":[34,0,0,1,0],"v":{"t":[0,0]}},{"k":[35,0,0,0,0],"v":{"t":[0,0]}},{"k":[32,0,0,6,0],"v":{"t":[0,0]}},{"k":[33,0,0,5,0],"v":{"t":[0,0]}},{"k":[34,0,0,4,0],"v":{"t":[0,0]}},{"k":[35,0,0,3,0],"v":{"t":[0,0]}},{"k":[36,0,0,2,0],"v":{"t":[0,0]}},{"k":[37,0,0,1,0],"v":{"t":[0,0]}},{"k":[38,0,0,0,0],"v":{"t":[0,0]}},{"k":[34,4,0,0,0],"v":{"t":[0,0]}},{"k":[32,0,0,5,0],"v":{"t":[0,0]}},{"k":[33,0,0,4,0],"v":{"t":[0,0]}},{"k":[34,0,0,3,0],"v":{"t":[0,0]}},{"k":[35,0,0,2,0],"v":{"t":[0,0]}},{"k":[36,0,0,1,0],"v":{"t":[0,0]}},{"k":[37,0,0,0,0],"v":{"t":[0,0]}},{"k":[33,4,0,0,0],"v":{"t":[0,0]}},{"k":[32,0,0,8,0],"v":{"t":[0,0]}},{"k":[33,0,0,7,0],"v":{"t":[0,0]}},{"k":[34,0,0,6,0],"v":{"t":[0,0]}},{"k":[35,0,0,5,0],"v":{"t":[0,0]}},{"k":[36,0,0,4,0],"v":{"t":[0,0]}},{"k":[37,0,0,3,0],"v":{"t":[0,0]}},{"k":[38,0,0,2,0],"v":{"t":[0,0]}},{"k":[39,0,0,1,0],"v":{"t":[0,0]}},{"k":[36,4,0,0,0],"v":{"t":[0,0]}},{"k":[32,0,0,7,0],"v":{"t":[0,0]}},{"k":[33,0,0,6,0],"v":{"t":[0,0]}},{"k":[34,0,0,5,0],"v":{"t":[0,0]}},{"k":[35,0,0,4,0],"v":{"t":[0,0]}},{"k":[36,0,0,3,0],"v":{"t":[0,0]}},{"k":[37,0,0,2,0],"v":{"t":[0,0]}},{"k":[38,0,0,1,0],"v":{"t":[0,0]}},{"k":[39,0,0,0,0],"v":{"t":[0,0]}},{"k":[35,4,0,0,0],"v":{"t":[0,0]}}]},"moun":{"a":[{"k":[39,0,0,3,0],"v":{"b":true,"hs":4,"sid":3,"t":true,"wp":31.25}},{"k":[36,0,0,6,0],"v":{"b":true,"hs":8,"sid":5,"t":true}},{"k":[39,0,0,2,0],"v":{"b":true,"hs":4,"sid":3,"t":true,"wp":31.25}},{"k":[36,0,0,5,0],"v":{"b":true,"hs":8,"sid":5,"t":true}},{"k":[39,0,0,5,0],"v":{"b":true,"hs":4,"sid":3,"t":true,"wp":31.25}},{"k":[33,0,0,11,0],"v":{"b":true,"hs":8,"r":true,"sid":5}},{"k":[36,0,0,8,0],"v":{"b":true,"hs":8,"sid":5,"t":true}},{"k":[39,0,0,4,0],"v":{"b":true,"hs":4,"sid":3,"t":true,"wp":31.25}},{"k":[36,0,0,7,0],"v":{"b":true,"hs":8,"sid":5,"t":true}},{"k":[39,0,0,7,0],"v":{"b":true,"hs":4,"sid":3,"t":true,"wp":31.25}},{"k":[33,0,0,13,0],"v":{"b":true,"hs":8,"r":true,"sid":5,"t":true}},{"k":[35,0,0,11,0],"v":{"hs":8,"l":true,"r":true,"sid":5}},{"k":[36,0,0,10,0],"v":{"b":true,"hs":8,"sid":5,"t":true}},{"k":[39,0,0,6,0],"v":{"b":true,"hs":4,"sid":3,"t":true,"wp":31.25}},{"k":[33,0,0,12,0],"v":{"b":true,"hs":8,"sid":5,"t":true}},{"k":[34,0,0,11,0],"v":{"hs":8,"l":true,"r":true,"sid":5}},{"k":[36,0,0,9,0],"v":{"b":true,"hs":8,"sid":5,"t":true}},{"k":[39,0,0,9,0],"v":{"b":true,"hs":4,"sid":3,"t":true,"wp":31.25}},{"k":[35,0,0,13,0],"v":{"hs":8,"l":true,"r":true,"sid":5}},{"k":[33,0,0,15,0],"v":{"hs":8,"sid":5,"t":true}},{"k":[39,0,0,8,0],"v":{"b":true,"hs":4,"sid":3,"t":true,"wp":31.25}},{"k":[34,0,0,13,0],"v":{"hs":8,"l":true,"r":true,"sid":5}},{"k":[33,0,0,14,0],"v":{"b":true,"hs":8,"sid":5,"t":true}},{"k":[36,0,0,11,0],"v":{"hs":8,"l":true,"sid":5,"t":true}},{"k":[39,0,0,11,0],"v":{"b":true,"hs":4,"sid":3,"t":true,"wp":31.25}},{"k":[37,0,0,13,0],"v":{"hs":8,"l":true,"r":true,"sid":5}},{"k":[39,0,0,10,0],"v":{"b":true,"hs":4,"sid":3,"t":true,"wp":31.25}},{"k":[36,0,0,13,0],"v":{"hs":8,"l":true,"r":true,"sid":5}},{"k":[39,0,0,13,0],"v":{"b":true,"hs":4,"sid":3,"t":true,"wp":31.25}},{"k":[39,0,0,12,0],"v":{"b":true,"hs":4,"sid":3,"t":true,"wp":31.25}},{"k":[38,0,0,13,0],"v":{"hs":8,"l":true,"sid":5}},{"k":[39,0,0,15,0],"v":{"b":true,"hs":4,"sid":3,"t":true,"wp":31.25}},{"k":[39,0,0,14,0],"v":{"b":true,"hs":4,"sid":3,"t":true,"wp":31.25}},{"k":[32,0,0,0,0],"v":{"hs":4,"l":true,"r":true,"sid":3,"wp":31.25}},{"k":[34,0,0,0,0],"v":{"hs":4,"l":true,"r":true,"sid":3,"wp":31.25}},{"k":[32,0,0,2,0],"v":{"hs":8,"l":true,"r":true,"sid":5}},{"k":[33,0,0,0,0],"v":{"hs":4,"l":true,"r":true,"sid":3,"wp":31.25}},{"k":[36,0,0,0,0],"v":{"hs":4,"l":true,"r":true,"sid":3,"wp":31.25}},{"k":[34,0,0,2,0],"v":{"hs":8,"l":true,"r":true,"sid":5}},{"k":[35,0,0,0,0],"v":{"hs":4,"l":true,"r":true,"sid":3,"wp":31.25}},{"k":[33,0,0,2,0],"v":{"hs":8,"l":true,"r":true,"sid":5}},{"k":[38,0,0,0,0],"v":{"hs":4,"l":true,"r":true,"sid":3,"wp":31.25}},{"k":[36,0,0,2,0],"v":{"b":true,"hs":8,"l":true,"sid":5}},{"k":[37,0,0,0,0],"v":{"hs":4,"l":true,"r":true,"sid":3,"wp":31.25}},{"k":[35,0,0,2,0],"v":{"hs":8,"l":true,"r":true,"sid":5}},{"k":[39,0,0,1,0],"v":{"b":true,"hs":4,"sid":3,"t":true,"wp":31.25}},{"k":[36,0,0,4,0],"v":{"b":true,"hs":8,"sid":5,"t":true}},{"k":[39,0,0,0,0],"v":{"b":true,"hs":4,"l":true,"sid":3,"wp":31.25}},{"k":[36,0,0,3,0],"v":{"b":true,"hs":8,"sid":5,"t":true}}],"o":[]},"objs":{"list":[{"k":[36,0,0,14,0],"v":{"events":[{"id":1,"name":"Hero action","p":[],"r":{"1":{"bh":true,"c":[{"command":[8,"",-1,0,0,1,"You have obtained the rest of the manuscript."],"kind":1},{"command":[0,7,43,2,3,1],"kind":13},{"command":[8,"",-1,0,0,1,"The manuscript has the name 'Ludwig Van Beethoven'\non it."],"kind":1},{"command":[0,7,44,1,3,1],"kind":13}]}},"sys":false}],"hId":-1,"id":4,"name":"OBJ0004","ooepf":false,"states":[{"cam":true,"climb":false,"dir":false,"gid":-1,"gk":0,"id":1,"move":true,"name":"State 1","pix":true,"pos":false,"stop":false,"sx":{"k":12,"v":1},"sy":{"k":12,"v":1},"sz":{"k":12,"v":1},"through":false,"x":0,"y":0}]}}]},"objs3d":{"a":[{"k":[36,0,0,14,0],"v":{"did":10}}],"o":[]},"sprites":{"list":[{"k":[32,0,0,4,0],"v":{"k":4,"t":[7,8,1,1]}},{"k":[32,0,0,3,0],"v":{"k":4,"t":[7,8,1,1]}},{"k":[32,0,0,6,0],"v":{"k":4,"t":[6,8,1,1]}},{"k":[34,0,0,4,0],"v":{"k":4,"t":[7,8,1,1]}},{"k":[33,0,0,5,0],"v":{"k":4,"t":[7,8,1,1]}},{"k":[32,0,0,5,0],"v":{"k":4,"t":[6,8,1,1]}},{"k":[33,0,0,4,0],"v":{"k":4,"t":[7,8,1,1]}},{"k":[34,0,0,6,0],"v":{"k":4,"t":[7,8,1,1]}},{"k":[32,0,0,7,0],"v":{"k":4,"t":[6,8,1,1]}},{"k":[34,0,0,5,0],"v":{"k":4,"t":[7,8,1,1]}},{"k":[33,0,0,9,0],"v":{"k":4,"t":[6,8,1,1]}},{"k":[35,0,0,7,0],"v":{"k":4,"t":[7,8,1,1]}},{"k":[34,0,0,8,0],"v":{"k":4,"t":[7,8,1,1]}},{"k":[33,0,0,8,0],"v":{"k":4,"t":[6,8,1,1]}},{"k":[32,0,0,9,0],"v":{"k":4,"t":[6,8,1,1]}},{"k":[35,0,0,6,0],"v":{"k":4,"t":[7,8,1,1]}},{"k":[36,0,0,8,0],"v":{"k":4,"t":[7,8,1,1]}},{"k":[32,0,0,12,0],"v":{"k":4,"t":[7,8,1,1]}},{"k":[35,0,0,8,0],"v":{"k":4,"t":[7,8,1,1]}},{"k":[34,0,0,9,0],"v":{"k":4,"t":[7,8,1,1]}},{"k":[33,0,0,10,0],"v":{"k":4,"t":[7,8,1,1]}},{"k":[32,0,0,11,0],"v":{"k":4,"t":[7,8,1,1]}},{"k":[37,0,0,9,0],"v":{"k":4,"t":[7,8,1,1]}},{"k":[32,0,0,14,0],"v":{"k":4,"t":[7,8,1,1]}},{"k":[33,0,0,12,0],"v":{"k":4,"t":[7,8,1,1]}},{"k":[32,0,0,13,0],"v":{"k":4,"t":[7,8,1,1]}},{"k":[31,0,0,3,0],"v":{"k":4,"t":[6,8,1,1]}}],"overflow":[],"walls":[]}}