{"lands":{"autotiles":[],"floors":[{"k":[39,4,0,31,0],"v":{"t":[0,0]}},{"k":[37,8,0,29,0],"v":{"t":[0,0]}},{"k":[39,4,0,30,0],"v":{"t":[0,0]}},{"k":[37,8,0,28,0],"v":{"t":[0,0]}},{"k":[37,8,0,31,0],"v":{"t":[0,0]}},{"k":[37,8,0,30,0],"v":{"t":[0,0]}},{"k":[32,0,0,26,0],"v":{"t":[0,0]}},{"k":[33,0,0,25,0],"v":{"t":[0,0]}},{"k":[34,0,0,24,0],"v":{"t":[0,0]}},{"k":[35,0,0,23,0],"v":{"t":[0,0]}},{"k":[36,0,0,22,0],"v":{"t":[0,0]}},{"k":[37,0,0,21,0],"v":{"t":[0,0]}},{"k":[38,0,0,20,0],"v":{"t":[0,0]}},{"k":[39,0,0,19,0],"v":{"t":[0,0]}},{"k":[32,0,0,25,0],"v":{"t":[0,0]}},{"k":[33,0,0,24,0],"v":{"t":[0,0]}},{"k":[34,0,0,23,0],"v":{"t":[0,0]}},{"k":[35,0,0,22,0],"v":{"t":[0,0]}},{"k":[36,0,0,21,0],"v":{"t":[0,0]}},{"k":[37,0,0,20,0],"v":{"t":[0,0]}},{"k":[38,0,0,19,0],"v":{"t":[0,0]}},{"k":[39,0,0,18,0],"v":{"t":[0,0]}},{"k":[33,8,0,16,0],"v":{"t":[0,0]}},{"k":[32,0,0,28,0],"v":{"t":[0,0]}},{"k":[33,0,0,27,0],"v":{"t":[0,0]}},{"k":[34,0,0,26,0],"v":{"t":[0,0]}},{"k":[35,0,0,25,0],"v":{"t":[0,0]}},{"k":[36,0,0,24,0],"v":{"t":[0,0]}},{"k":[37,0,0,23,0],"v":{"t":[0,0]}},{"k":[38,0,0,22,0],"v":{"t":[0,0]}},{"k":[39,0,0,21,0],"v":{"t":[0,0]}},{"k":[39,4,0,17,0],"v":{"t":[0,0]}},{"k":[32,8,0,20,0],"v":{"t":[0,0]}},{"k":[32,0,0,27,0],"v":{"t":[0,0]}},{"k":[33,0,0,26,0],"v":{"t":[0,0]}},{"k":[34,0,0,25,0],"v":{"t":[0,0]}},{"k":[35,0,0,24,0],"v":{"t":[0,0]}},{"k":[36,0,0,23,0],"v":{"t":[0,0]}},{"k":[37,0,0,22,0],"v":{"t":[0,0]}},{"k":[38,0,0,21,0],"v":{"t":[0,0]}},{"k":[39,0,0,20,0],"v":{"t":[0,0]}},{"k":[39,4,0,16,0],"v":{"t":[0,0]}},{"k":[32,0,0,30,0],"v":{"t":[0,0]}},{"k":[33,0,0,29,0],"v":{"t":[0,0]}},{"k":[34,0,0,28,0],"v":{"t":[0,0]}},{"k":[35,0,0,27,0],"v":{"t":[0,0]}},{"k":[36,0,0,26,0],"v":{"t":[0,0]}},{"k":[37,0,0,25,0],"v":{"t":[0,0]}},{"k":[38,0,0,24,0],"v":{"t":[0,0]}},{"k":[39,0,0,23,0],"v":{"t":[0,0]}},{"k":[39,4,0,19,0],"v":{"t":[0,0]}},{"k":[33,8,0,21,0],"v":{"t":[0,0]}},{"k":[32,0,0,29,0],"v":{"t":[0,0]}},{"k":[33,0,0,28,0],"v":{"t":[0,0]}},{"k":[34,0,0,27,0],"v":{"t":[0,0]}},{"k":[35,0,0,26,0],"v":{"t":[0,0]}},{"k":[36,0,0,25,0],"v":{"t":[0,0]}},{"k":[37,0,0,24,0],"v":{"t":[0,0]}},{"k":[38,0,0,23,0],"v":{"t":[0,0]}},{"k":[39,0,0,22,0],"v":{"t":[0,0]}},{"k":[39,4,0,18,0],"v":{"t":[0,0]}},{"k":[33,8,0,20,0],"v":{"t":[0,0]}},{"k":[33,0,0,31,0],"v":{"t":[0,0]}},{"k":[34,0,0,30,0],"v":{"t":[0,0]}},{"k":[35,0,0,29,0],"v":{"t":[0,0]}},{"k":[36,0,0,28,0],"v":{"t":[0,0]}},{"k":[37,0,0,27,0],"v":{"t":[0,0]}},{"k":[38,0,0,26,0],"v":{"t":[0,0]}},{"k":[39,0,0,25,0],"v":{"t":[0,0]}},{"k":[39,4,0,21,0],"v":{"t":[0,0]}},{"k":[33,8,0,23,0],"v":{"t":[0,0]}},{"k":[32,0,0,31,0],"v":{"t":[0,0]}},{"k":[33,0,0,30,0],"v":{"t":[0,0]}},{"k":[34,0,0,29,0],"v":{"t":[0,0]}},{"k":[35,0,0,28,0],"v":{"t":[0,0]}},{"k":[36,0,0,27,0],"v":{"t":[0,0]}},{"k":[37,0,0,26,0],"v":{"t":[0,0]}},{"k":[38,0,0,25,0],"v":{"t":[0,0]}},{"k":[39,0,0,24,0],"v":{"t":[0,0]}},{"k":[39,4,0,20,0],"v":{"t":[0,0]}},{"k":[33,8,0,22,0],"v":{"t":[0,0]}},{"k":[35,0,0,31,0],"v":{"t":[0,0]}},{"k":[36,0,0,30,0],"v":{"t":[0,0]}},{"k":[37,0,0,29,0],"v":{"t":[0,0]}},{"k":[38,0,0,28,0],"v":{"t":[0,0]}},{"k":[39,0,0,27,0],"v":{"t":[0,0]}},{"k":[39,4,0,23,0],"v":{"t":[0,0]}},{"k":[35,8,0,23,0],"v":{"t":[0,0]}},{"k":[33,8,0,25,0],"v":{"t":[0,0]}},{"k":[34,8,0,24,0],"v":{"t":[0,0]}},{"k":[34,0,0,31,0],"v":{"t":[0,0]}},{"k":[35,0,0,30,0],"v":{"t":[0,0]}},{"k":[36,0,0,29,0],"v":{"t":[0,0]}},{"k":[37,0,0,28,0],"v":{"t":[0,0]}},{"k":[38,0,0,27,0],"v":{"t":[0,0]}},{"k":[39,0,0,26,0],"v":{"t":[0,0]}},{"k":[39,4,0,22,0],"v":{"t":[0,0]}},{"k":[34,8,0,23,0],"v":{"t":[0,0]}},{"k":[33,8,0,24,0],"v":{"t":[0,0]}},{"k":[37,0,0,31,0],"v":{"t":[0,0]}},{"k":[38,0,0,30,0],"v":{"t":[0,0]}},{"k":[39,0,0,29,0],"v":{"t":[0,0]}},{"k":[39,4,0,25,0],"v":{"t":[0,0]}},{"k":[37,8,0,23,0],"v":{"t":[0,0]}},{"k":[35,8,0,25,0],"v":{"t":[0,0]}},{"k":[36,8,0,24,0],"v":{"t":[0,0]}},{"k":[36,0,0,31,0],"v":{"t":[0,0]}},{"k":[37,0,0,30,0],"v":{"t":[0,0]}},{"k":[38,0,0,29,0],"v":{"t":[0,0]}},{"k":[39,0,0,28,0],"v":{"t":[0,0]}},{"k":[39,4,0,24,0],"v":{"t":[0,0]}},{"k":[36,8,0,23,0],"v":{"t":[0,0]}},{"k":[34,8,0,25,0],"v":{"t":[0,0]}},{"k":[35,8,0,24,0],"v":{"t":[0,0]}},{"k":[39,0,0,31,0],"v":{"t":[0,0]}},{"k":[39,4,0,27,0],"v":{"t":[0,0]}},{"k":[37,8,0,25,0],"v":{"t":[0,0]}},{"k":[33,8,0,29,0],"v":{"t":[0,0]}},{"k":[32,8,0,30,0],"v":{"t":[0,0]}},{"k":[38,0,0,31,0],"v":{"t":[0,0]}},{"k":[39,0,0,30,0],"v":{"t":[0,0]}},{"k":[39,4,0,26,0],"v":{"t":[0,0]}},{"k":[38,8,0,23,0],"v":{"t":[0,0]}},{"k":[36,8,0,25,0],"v":{"t":[0,0]}},{"k":[37,8,0,24,0],"v":{"t":[0,0]}},{"k":[32,8,0,29,0],"v":{"t":[0,0]}},{"k":[39,4,0,29,0],"v":{"t":[0,0]}},{"k":[37,8,0,27,0],"v":{"t":[0,0]}},{"k":[33,8,0,31,0],"v":{"t":[0,0]}},{"k":[39,4,0,28,0],"v":{"t":[0,0]}},{"k":[37,8,0,26,0],"v":{"t":[0,0]}},{"k":[32,8,0,31,0],"v":{"t":[0,0]}},{"k":[33,8,0,30,0],"v":{"t":[0,0]}},{"k":[32,0,0,16,0],"v":{"t":[0,0]}},{"k":[32,0,0,18,0],"v":{"t":[0,0]}},{"k":[33,0,0,17,0],"v":{"t":[0,0]}},{"k":[34,0,0,16,0],"v":{"t":[0,0]}},{"k":[32,0,0,17,0],"v":{"t":[0,0]}},{"k":[33,0,0,16,0],"v":{"t":[0,0]}},{"k":[32,0,0,20,0],"v":{"t":[0,0]}},{"k":[33,0,0,19,0],"v":{"t":[0,0]}},{"k":[34,0,0,18,0],"v":{"t":[0,0]}},{"k":[35,0,0,17,0],"v":{"t":[0,0]}},{"k":[36,0,0,16,0],"v":{"t":[0,0]}},{"k":[32,0,0,19,0],"v":{"t":[0,0]}},{"k":[33,0,0,18,0],"v":{"t":[0,0]}},{"k":[34,0,0,17,0],"v":{"t":[0,0]}},{"k":[35,0,0,16,0],"v":{"t":[0,0]}},{"k":[32,0,0,22,0],"v":{"t":[0,0]}},{"k":[33,0,0,21,0],"v":{"t":[0,0]}},{"k":[34,0,0,20,0],"v":{"t":[0,0]}},{"k":[35,0,0,19,0],"v":{"t":[0,0]}},{"k":[36,0,0,18,0],"v":{"t":[0,0]}},{"k":[37,0,0,17,0],"v":{"t":[0,0]}},{"k":[38,0,0,16,0],"v":{"t":[0,0]}},{"k":[32,0,0,21,0],"v":{"t":[0,0]}},{"k":[33,0,0,20,0],"v":{"t":[0,0]}},{"k":[34,0,0,19,0],"v":{"t":[0,0]}},{"k":[35,0,0,18,0],"v":{"t":[0,0]}},{"k":[36,0,0,17,0],"v":{"t":[0,0]}},{"k":[37,0,0,16,0],"v":{"t":[0,0]}},{"k":[32,0,0,24,0],"v":{"t":[0,0]}},{"k":[33,0,0,23,0],"v":{"t":[0,0]}},{"k":[34,0,0,22,0],"v":{"t":[0,0]}},{"k":[35,0,0,21,0],"v":{"t":[0,0]}},{"k":[36,0,0,20,0],"v":{"t":[0,0]}},{"k":[37,0,0,19,0],"v":{"t":[0,0]}},{"k":[39,0,0,17,0],"v":{"t":[0,0]}},{"k":[38,0,0,18,0],"v":{"t":[0,0]}},{"k":[32,0,0,23,0],"v":{"t":[0,0]}},{"k":[33,0,0,22,0],"v":{"t":[0,0]}},{"k":[34,0,0,21,0],"v":{"t":[0,0]}},{"k":[35,0,0,20,0],"v":{"t":[0,0]}},{"k":[36,0,0,19,0],"v":{"t":[0,0]}},{"k":[37,0,0,18,0],"v":{"t":[0,0]}},{"k":[38,0,0,17,0],"v":{"t":[0,0]}},{"k":[39,0,0,16,0],"v":{"t":[0,0]}}]},"moun":{"a":[{"k":[39,0,0,23,0],"v":{"b":true,"hs":4,"sid":3,"t":true,"wp":31.25}},{"k":[37,0,0,25,0],"v":{"b":true,"hs":8,"l":true,"sid":5,"t":true}},{"k":[33,0,0,29,0],"v":{"b":true,"hs":8,"l":true,"sid":5}},{"k":[32,0,0,30,0],"v":{"b":true,"hs":8,"l":true,"r":true,"sid":5,"t":true}},{"k":[39,0,0,22,0],"v":{"b":true,"hs":4,"sid":3,"t":true,"wp":31.25}},{"k":[38,0,0,23,0],"v":{"hs":8,"l":true,"sid":5}},{"k":[36,0,0,25,0],"v":{"hs":8,"l":true,"r":true,"sid":5,"t":true}},{"k":[37,0,0,24,0],"v":{"b":true,"hs":8,"l":true,"sid":5,"t":true}},{"k":[32,0,0,29,0],"v":{"b":true,"hs":8,"l":true,"r":true,"sid":5}},{"k":[39,0,0,25,0],"v":{"b":true,"hs":4,"sid":3,"t":true,"wp":31.25}},{"k":[37,0,0,27,0],"v":{"b":true,"hs":8,"sid":5,"t":true}},{"k":[33,0,0,31,0],"v":{"b":true,"hs":8,"l":true,"sid":5,"t":true}},{"k":[39,0,0,24,0],"v":{"b":true,"hs":4,"sid":3,"t":true,"wp":31.25}},{"k":[37,0,0,26,0],"v":{"b":true,"hs":8,"sid":5,"t":true}},{"k":[32,0,0,31,0],"v":{"b":true,"hs":8,"l":true,"r":true,"sid":5,"t":true}},{"k":[33,0,0,30,0],"v":{"b":true,"hs":8,"l":true,"sid":5,"t":true}},{"k":[39,0,0,27,0],"v":{"b":true,"hs":4,"sid":3,"t":true,"wp":31.25}},{"k":[37,0,0,29,0],"v":{"b":true,"hs":8,"sid":5,"t":true}},{"k":[39,0,0,26,0],"v":{"b":true,"hs":4,"sid":3,"t":true,"wp":31.25}},{"k":[37,0,0,28,0],"v":{"b":true,"hs":8,"sid":5,"t":true}},{"k":[39,0,0,29,0],"v":{"b":true,"hs":4,"sid":3,"t":true,"wp":31.25}},{"k":[37,0,0,31,0],"v":{"b":true,"hs":8,"sid":5,"t":true}},{"k":[39,0,0,28,0],"v":{"b":true,"hs":4,"sid":3,"t":true,"wp":31.25}},{"k":[37,0,0,30,0],"v":{"b":true,"hs":8,"sid":5,"t":true}},{"k":[39,0,0,31,0],"v":{"b":true,"hs":4,"sid":3,"t":true,"wp":31.25}},{"k":[39,0,0,30,0],"v":{"b":true,"hs":4,"sid":3,"t":true,"wp":31.25}},{"k":[33,0,0,16,0],"v":{"hs":8,"sid":5,"t":true}},{"k":[32,0,0,20,0],"v":{"hs":8,"l":true,"r":true,"sid":5}},{"k":[33,0,0,21,0],"v":{"b":true,"hs":8,"sid":5,"t":true}},{"k":[33,0,0,20,0],"v":{"b":true,"hs":8,"l":true,"sid":5}},{"k":[39,0,0,17,0],"v":{"b":true,"hs":4,"sid":3,"t":true,"wp":31.25}},{"k":[33,0,0,23,0],"v":{"b":true,"hs":8,"r":true,"sid":5,"t":true}},{"k":[39,0,0,16,0],"v":{"b":true,"hs":4,"sid":3,"t":true,"wp":31.25}},{"k":[33,0,0,22,0],"v":{"b":true,"hs":8,"sid":5,"t":true}},{"k":[39,0,0,19,0],"v":{"b":true,"hs":4,"sid":3,"t":true,"wp":31.25}},{"k":[35,0,0,23,0],"v":{"b":true,"hs":8,"l":true,"r":true,"sid":5}},{"k":[33,0,0,25,0],"v":{"hs":8,"r":true,"sid":5,"t":true}},{"k":[34,0,0,24,0],"v":{"b":true,"hs":8,"l":true,"r":true,"sid":5,"t":true}},{"k":[39,0,0,18,0],"v":{"b":true,"hs":4,"sid":3,"t":true,"wp":31.25}},{"k":[34,0,0,23,0],"v":{"b":true,"hs":8,"l":true,"r":true,"sid":5}},{"k":[33,0,0,24,0],"v":{"b":true,"hs":8,"r":true,"sid":5,"t":true}},{"k":[39,0,0,21,0],"v":{"b":true,"hs":4,"sid":3,"t":true,"wp":31.25}},{"k":[37,0,0,23,0],"v":{"b":true,"hs":8,"l":true,"r":true,"sid":5}},{"k":[35,0,0,25,0],"v":{"hs":8,"l":true,"r":true,"sid":5,"t":true}},{"k":[36,0,0,24,0],"v":{"b":true,"hs":8,"l":true,"r":true,"sid":5,"t":true}},{"k":[39,0,0,20,0],"v":{"b":true,"hs":4,"sid":3,"t":true,"wp":31.25}},{"k":[36,0,0,23,0],"v":{"b":true,"hs":8,"l":true,"r":true,"sid":5}},{"k":[34,0,0,25,0],"v":{"hs":8,"l":true,"r":true,"sid":5,"t":true}},{"k":[35,0,0,24,0],"v":{"b":true,"hs":8,"l":true,"r":true,"sid":5,"t":true}}],"o":[]},"objs":{"list":[{"k":[37,0,0,18,0],"v":{"events":[{"id":1,"name":"Hero action","p":[],"r":{"1":{"bh":true,"c":[{"command":[8,"",1,2,1,1,"You've finally arrived..."],"kind":1},{"command":[8,"",1,2,1,1,"Search the chest for the rest of the manuscript\nand go behind the house with the red floor\nto find his lair."],"kind":1},{"command":[8,"",1,2,1,1,"Good luck musician..."],"kind":1}]}},"sys":false}],"hId":-1,"id":5,"name":"OBJ0005","ooepf":false,"states":[{"cam":true,"climb":false,"dir":false,"gid":7,"gk":4,"id":1,"move":true,"name":"State 1","pix":true,"pos":false,"stop":false,"sx":{"k":12,"v":1},"sy":{"k":12,"v":1},"sz":{"k":12,"v":1},"through":false,"x":0,"y":0}]}}]},"objs3d":{"a":[],"o":[]},"sprites":{"list":[{"k":[34,0,0,27,0],"v":{"f":false,"k":4,"t":[6,8,1,1]}},{"k":[32,0,0,29,0],"v":{"k":4,"t":[7,8,1,1]}},{"k":[33,0,0,31,0],"v":{"k":4,"t":[7,8,1,1]}},{"k":[35,0,0,28,0],"v":{"f":false,"k":4,"t":[6,8,1,1]}},{"k":[32,0,0,31,0],"v":{"f":false,"k":4,"t":[7,8,1,1]}},{"k":[33,0,0,30,0],"v":{"k":4,"t":[7,8,1,1]}},{"k":[36,0,0,30,0],"v":{"f":false,"k":4,"t":[6,8,1,1]}},{"k":[36,0,0,29,0],"v":{"f":false,"k":4,"t":[6,8,1,1]}},{"k":[32,0,0,22,0],"v":{"f":false,"k":4,"t":[6,8,1,1]}},{"k":[32,0,0,23,0],"v":{"k":4,"t":[6,8,1,1]}},{"k":[33,0,0,25,0],"v":{"k":4,"t":[6,8,1,1]}},{"k":[32,0,0,26,0],"v":{"k":4,"t":[7,8,1,1]}},{"k":[33,0,0,24,0],"v":{"k":4,"t":[6,8,1,1]}},{"k":[32,0,0,25,0],"v":{"k":4,"t":[7,8,1,1]}},{"k":[34,0,0,26,0],"v":{"k":4,"t":[6,8,1,1]}},{"k":[32,0,0,27,0],"v":{"k":4,"t":[7,8,1,1]}},{"k":[35,0,0,27,0],"v":{"f":false,"k":4,"t":[6,8,1,1]}},{"k":[32,0,0,30,0],"v":{"f":false,"k":4,"t":[7,8,1,1]}}],"overflow":[],"walls":[]}}