{"lands":{"autotiles":[],"floors":[{"k":[32,0,0,32,0],"v":{"t":[0,0]}},{"k":[39,4,0,38,0],"v":{"t":[0,0]}},{"k":[38,4,0,39,0],"v":{"t":[0,0]}},{"k":[37,8,0,36,0],"v":{"t":[0,0]}},{"k":[36,8,0,37,0],"v":{"t":[0,0]}},{"k":[39,4,0,39,0],"v":{"t":[0,0]}},{"k":[37,8,0,37,0],"v":{"t":[0,0]}},{"k":[39,0,0,36,0],"v":{"t":[0,0]}},{"k":[38,0,0,37,0],"v":{"t":[0,0]}},{"k":[37,0,0,38,0],"v":{"t":[0,0]}},{"k":[36,0,0,39,0],"v":{"t":[0,0]}},{"k":[39,4,0,32,0],"v":{"t":[0,0]}},{"k":[32,4,0,39,0],"v":{"t":[0,0]}},{"k":[39,0,0,37,0],"v":{"t":[0,0]}},{"k":[38,0,0,38,0],"v":{"t":[0,0]}},{"k":[37,0,0,39,0],"v":{"t":[0,0]}},{"k":[39,4,0,33,0],"v":{"t":[0,0]}},{"k":[33,4,0,39,0],"v":{"t":[0,0]}},{"k":[39,0,0,34,0],"v":{"t":[0,0]}},{"k":[38,0,0,35,0],"v":{"t":[0,0]}},{"k":[37,0,0,36,0],"v":{"t":[0,0]}},{"k":[36,0,0,37,0],"v":{"t":[0,0]}},{"k":[35,0,0,38,0],"v":{"t":[0,0]}},{"k":[34,0,0,39,0],"v":{"t":[0,0]}},{"k":[33,8,0,32,0],"v":{"t":[0,0]}},{"k":[32,8,0,33,0],"v":{"t":[0,0]}},{"k":[39,0,0,35,0],"v":{"t":[0,0]}},{"k":[38,0,0,36,0],"v":{"t":[0,0]}},{"k":[37,0,0,37,0],"v":{"t":[0,0]}},{"k":[36,0,0,38,0],"v":{"t":[0,0]}},{"k":[35,0,0,39,0],"v":{"t":[0,0]}},{"k":[33,8,0,33,0],"v":{"t":[0,0]}},{"k":[39,4,0,36,0],"v":{"t":[0,0]}},{"k":[36,4,0,39,0],"v":{"t":[0,0]}},{"k":[37,8,0,34,0],"v":{"t":[0,0]}},{"k":[34,8,0,37,0],"v":{"t":[0,0]}},{"k":[39,4,0,37,0],"v":{"t":[0,0]}},{"k":[37,4,0,39,0],"v":{"t":[0,0]}},{"k":[37,8,0,35,0],"v":{"t":[0,0]}},{"k":[35,8,0,37,0],"v":{"t":[0,0]}},{"k":[39,0,0,38,0],"v":{"t":[0,0]}},{"k":[38,0,0,39,0],"v":{"t":[0,0]}},{"k":[39,4,0,34,0],"v":{"t":[0,0]}},{"k":[34,4,0,39,0],"v":{"t":[0,0]}},{"k":[37,8,0,32,0],"v":{"t":[0,0]}},{"k":[32,8,0,37,0],"v":{"t":[0,0]}},{"k":[39,0,0,39,0],"v":{"t":[0,0]}},{"k":[39,4,0,35,0],"v":{"t":[0,0]}},{"k":[35,4,0,39,0],"v":{"t":[0,0]}},{"k":[37,8,0,33,0],"v":{"t":[0,0]}},{"k":[33,8,0,37,0],"v":{"t":[0,0]}},{"k":[35,0,0,32,0],"v":{"t":[0,0]}},{"k":[34,0,0,33,0],"v":{"t":[0,0]}},{"k":[33,0,0,34,0],"v":{"t":[0,0]}},{"k":[32,0,0,35,0],"v":{"t":[0,0]}},{"k":[36,0,0,32,0],"v":{"t":[0,0]}},{"k":[35,0,0,33,0],"v":{"t":[0,0]}},{"k":[34,0,0,34,0],"v":{"t":[0,0]}},{"k":[33,0,0,35,0],"v":{"t":[0,0]}},{"k":[32,0,0,36,0],"v":{"t":[0,0]}},{"k":[33,0,0,32,0],"v":{"t":[0,0]}},{"k":[32,0,0,33,0],"v":{"t":[0,0]}},{"k":[34,0,0,32,0],"v":{"t":[0,0]}},{"k":[33,0,0,33,0],"v":{"t":[0,0]}},{"k":[32,0,0,34,0],"v":{"t":[0,0]}},{"k":[39,0,0,32,0],"v":{"t":[0,0]}},{"k":[38,0,0,33,0],"v":{"t":[0,0]}},{"k":[37,0,0,34,0],"v":{"t":[0,0]}},{"k":[36,0,0,35,0],"v":{"t":[0,0]}},{"k":[35,0,0,36,0],"v":{"t":[0,0]}},{"k":[34,0,0,37,0],"v":{"t":[0,0]}},{"k":[33,0,0,38,0],"v":{"t":[0,0]}},{"k":[32,0,0,39,0],"v":{"t":[0,0]}},{"k":[39,0,0,33,0],"v":{"t":[0,0]}},{"k":[38,0,0,34,0],"v":{"t":[0,0]}},{"k":[37,0,0,35,0],"v":{"t":[0,0]}},{"k":[36,0,0,36,0],"v":{"t":[0,0]}},{"k":[35,0,0,37,0],"v":{"t":[0,0]}},{"k":[34,0,0,38,0],"v":{"t":[0,0]}},{"k":[33,0,0,39,0],"v":{"t":[0,0]}},{"k":[32,8,0,32,0],"v":{"t":[0,0]}},{"k":[37,0,0,32,0],"v":{"t":[0,0]}},{"k":[36,0,0,33,0],"v":{"t":[0,0]}},{"k":[35,0,0,34,0],"v":{"t":[0,0]}},{"k":[34,0,0,35,0],"v":{"t":[0,0]}},{"k":[33,0,0,36,0],"v":{"t":[0,0]}},{"k":[32,0,0,37,0],"v":{"t":[0,0]}},{"k":[38,0,0,32,0],"v":{"t":[0,0]}},{"k":[37,0,0,33,0],"v":{"t":[0,0]}},{"k":[36,0,0,34,0],"v":{"t":[0,0]}},{"k":[35,0,0,35,0],"v":{"t":[0,0]}},{"k":[34,0,0,36,0],"v":{"t":[0,0]}},{"k":[33,0,0,37,0],"v":{"t":[0,0]}},{"k":[32,0,0,38,0],"v":{"t":[0,0]}}]},"moun":{"a":[{"k":[39,0,0,36,0],"v":{"b":true,"hs":4,"sid":3,"t":true,"wp":31.25}},{"k":[36,0,0,39,0],"v":{"hs":4,"l":true,"r":true,"sid":3,"wp":31.25}},{"k":[39,0,0,37,0],"v":{"b":true,"hs":4,"sid":3,"t":true,"wp":31.25}},{"k":[37,0,0,39,0],"v":{"hs":4,"l":true,"r":true,"sid":3,"wp":31.25}},{"k":[39,0,0,34,0],"v":{"b":true,"hs":4,"sid":3,"t":true,"wp":31.25}},{"k":[34,0,0,39,0],"v":{"hs":4,"l":true,"r":true,"sid":3,"wp":31.25}},{"k":[37,0,0,36,0],"v":{"b":true,"hs":8,"sid":5,"t":true}},{"k":[36,0,0,37,0],"v":{"hs":8,"l":true,"r":true,"sid":5}},{"k":[39,0,0,35,0],"v":{"b":true,"hs":4,"sid":3,"t":true,"wp":31.25}},{"k":[35,0,0,39,0],"v":{"hs":4,"l":true,"r":true,"sid":3,"wp":31.25}},{"k":[37,0,0,37,0],"v":{"hs":8,"l":true,"sid":5,"t":true}},{"k":[39,0,0,38,0],"v":{"b":true,"hs":4,"sid":3,"t":true,"wp":31.25}},{"k":[38,0,0,39,0],"v":{"hs":4,"l":true,"r":true,"sid":3,"wp":31.25}},{"k":[39,0,0,39,0],"v":{"hs":4,"l":true,"sid":3,"t":true,"wp":31.25}},{"k":[33,0,0,32,0],"v":{"b":true,"hs":8,"l":true,"sid":5,"t":true}},{"k":[32,0,0,33,0],"v":{"hs":8,"l":true,"r":true,"sid":5,"t":true}},{"k":[33,0,0,33,0],"v":{"hs":8,"l":true,"sid":5,"t":true}},{"k":[39,0,0,32,0],"v":{"b":true,"hs":4,"sid":3,"t":true,"wp":31.25}},{"k":[32,0,0,39,0],"v":{"hs":4,"l":true,"r":true,"sid":3,"wp":31.25}},{"k":[37,0,0,34,0],"v":{"b":true,"hs":8,"sid":5,"t":true}},{"k":[34,0,0,37,0],"v":{"hs":8,"l":true,"r":true,"sid":5}},{"k":[39,0,0,33,0],"v":{"b":true,"hs":4,"sid":3,"t":true,"wp":31.25}},{"k":[33,0,0,39,0],"v":{"hs":4,"l":true,"r":true,"sid":3,"wp":31.25}},{"k":[37,0,0,35,0],"v":{"b":true,"hs":8,"sid":5,"t":true}},{"k":[35,0,0,37,0],"v":{"hs":8,"l":true,"r":true,"sid":5}},{"k":[37,0,0,32,0],"v":{"b":true,"hs":8,"sid":5,"t":true}},{"k":[32,0,0,37,0],"v":{"hs":8,"l":true,"r":true,"sid":5}},{"k":[37,0,0,33,0],"v":{"b":true,"hs":8,"sid":5,"t":true}},{"k":[33,0,0,37,0],"v":{"hs":8,"l":true,"r":true,"sid":5}},{"k":[32,0,0,32,0],"v":{"b":true,"hs":8,"l":true,"r":true,"sid":5,"t":true}}],"o":[]},"objs":{"list":[]},"objs3d":{"a":[],"o":[]},"sprites":{"list":[{"k":[32,0,0,33,0],"v":{"f":false,"k":4,"t":[7,8,1,1]}},{"k":[33,0,0,32,0],"v":{"k":4,"t":[7,8,1,1]}},{"k":[33,0,0,33,0],"v":{"k":4,"t":[7,8,1,1]}},{"k":[34,0,0,32,0],"v":{"k":4,"t":[7,8,1,1]}},{"k":[32,0,0,32,0],"v":{"f":false,"k":4,"t":[7,8,1,1]}},{"k":[33,0,0,34,0],"v":{"k":4,"t":[7,8,1,1]}}],"overflow":[],"walls":[]}}